<?xml version="1.0" encoding="UTF-8" standalone="no" ?>
<COLLADA xmlns="http://www.collada.org/2005/11/COLLADASchema" version="1.4.1">
  <asset>
    <contributor>
      <author>Assimp</author>
      <authoring_tool>Assimp Exporter</authoring_tool>
    </contributor>
    <created>2025-08-25T22:13:48</created>
    <modified>2025-08-25T22:13:48</modified>
    <unit name="meter" meter="1" />
    <up_axis>Y_UP</up_axis>
  </asset>
  <library_images>
  </library_images>
  <library_effects>
    <effect id="DefaultMaterial-fx" name="DefaultMaterial">
      <profile_COMMON>
        <technique sid="standard">
          <phong>
            <ambient>
              <color sid="ambient">0.0500000007   0.0500000007   0.0500000007   1</color>
            </ambient>
            <diffuse>
              <color sid="diffuse">1   1   1   1</color>
            </diffuse>
            <specular>
              <color sid="specular">1   1   1   1</color>
            </specular>
          </phong>
        </technique>
      </profile_COMMON>
    </effect>
  </library_effects>
  <library_materials>
    <material id="DefaultMaterial" name="DefaultMaterial">
      <instance_effect url="#DefaultMaterial-fx"/>
    </material>
  </library_materials>
  <library_geometries>
    <geometry id="mesh_0" name="" >
      <mesh>
        <source id="mesh_0-positions" name="mesh_0-positions">
          <float_array id="mesh_0-positions-array" count="30492"> -7.62929631e-08 0.047949411 -0.00799989514 -7.62929631e-08 0.047949411 -0.00449993974 0.000355899043 0.0479805581 -0.00799989514 0.000355899043 0.0479805581 -0.00799989514 -7.62929631e-08 0.047949411 -0.00449993974 0.000355899043 0.0479805581 -0.00449993974 0.000355899043 0.0479805581 -0.00799989514 0.000355899043 0.0479805581 -0.00449993974 0.000701056037 0.0480730422 -0.00799989514 0.000701056037 0.0480730422 -0.00799989514 0.000355899043 0.0479805581 -0.00449993974 0.000701056037 0.0480730422 -0.00449993974 0.000701056037 0.0480730422 -0.00799989514 0.000701056037 0.0480730422 -0.00449993974 0.001024912 0.048224058 -0.00799989514 0.001024912 0.048224058 -0.00799989514 0.000701056037 0.0480730422 -0.00449993974 0.001024912 0.048224058 -0.00449993974 0.001024912 0.048224058 -0.00799989514 0.001024912 0.048224058 -0.00449993974 0.00131762528 0.048429016 -0.00799989514 0.00131762528 0.048429016 -0.00799989514 0.001024912 0.048224058 -0.00449993974 0.00131762528 0.048429016 -0.00449993974 0.00131762528 0.048429016 -0.00799989514 0.00131762528 0.048429016 -0.00449993974 0.00157029228 0.0486816838 -0.00799989514 0.00157029228 0.0486816838 -0.00799989514 0.00131762528 0.048429016 -0.00449993974 0.00157029228 0.0486816838 -0.00449993974 0.00157029228 0.0486816838 -0.00799989514 0.00157029228 0.0486816838 -0.00449993974 0.00177525333 0.0489743985 -0.00799989514 0.00177525333 0.0489743985 -0.00799989514 0.00157029228 0.0486816838 -0.00449993974 0.00177525333 0.0489743985 -0.00449993974 0.00177525333 0.0489743985 -0.00799989514 0.00177525333 0.0489743985 -0.00449993974 0.00192626764 0.0492982529 -0.00799989514 0.00192626764 0.0492982529 -0.00799989514 0.00177525333 0.0489743985 -0.00449993974 0.00192626764 0.0492982529 -0.00449993974 0.00192626764 0.0492982529 -0.00799989514 0.00192626764 0.0492982529 -0.00449993974 0.00201875763 0.0496434122 -0.00799989514 0.00201875763 0.0496434122 -0.00799989514 0.00192626764 0.0492982529 -0.00449993974 0.00201875763 0.0496434122 -0.00449993974 0.00201875763 0.0496434122 -0.00799989514 0.00201875763 0.0496434122 -0.00449993974 0.00204990036 0.0499993861 -0.00799989514 0.00204990036 0.0499993861 -0.00799989514 0.00201875763 0.0496434122 -0.00449993974 0.00204990036 0.0499993861 -0.00449993974 0.00204990036 0.0499993861 -0.00799989514 0.00204990036 0.0499993861 -0.00449993974 0.00201875763 0.0503553599 -0.00799989514 0.00201875763 0.0503553599 -0.00799989514 0.00204990036 0.0499993861 -0.00449993974 0.00201875763 0.0503553599 -0.00449993974 0.00201875763 0.0503553599 -0.00799989514 0.00201875763 0.0503553599 -0.00449993974 0.00192626764 0.0507005192 -0.00799989514 0.00192626764 0.0507005192 -0.00799989514 0.00201875763 0.0503553599 -0.00449993974 0.00192626764 0.0507005192 -0.00449993974 0.00192626764 0.0507005192 -0.00799989514 0.00192626764 0.0507005192 -0.00449993974 0.00177525333 0.0510243699 -0.00799989514 0.00177525333 0.0510243699 -0.00799989514 0.00192626764 0.0507005192 -0.00449993974 0.00177525333 0.0510243699 -0.00449993974 0.00177525333 0.0510243699 -0.00799989514 0.00177525333 0.0510243699 -0.00449993974 0.00157029228 0.0513170846 -0.00799989514 0.00157029228 0.0513170846 -0.00799989514 0.00177525333 0.0510243699 -0.00449993974 0.00157029228 0.0513170846 -0.00449993974 0.00157029228 0.0513170846 -0.00799989514 0.00157029228 0.0513170846 -0.00449993974 0.00131762528 0.0515697561 -0.00799989514 0.00131762528 0.0515697561 -0.00799989514 0.00157029228 0.0513170846 -0.00449993974 0.00131762528 0.0515697561 -0.00449993974 0.00131762528 0.0515697561 -0.00799989514 0.00131762528 0.0515697561 -0.00449993974 0.001024912 0.0517747141 -0.00799989514 0.001024912 0.0517747141 -0.00799989514 0.00131762528 0.0515697561 -0.00449993974 0.001024912 0.0517747141 -0.00449993974 0.001024912 0.0517747141 -0.00799989514 0.001024912 0.0517747141 -0.00449993974 0.000701056037 0.05192573 -0.00799989514 0.000701056037 0.05192573 -0.00799989514 0.001024912 0.0517747141 -0.00449993974 0.000701056037 0.05192573 -0.00449993974 0.000701056037 0.05192573 -0.00799989514 0.000701056037 0.05192573 -0.00449993974 0.000355899043 0.052018214 -0.00799989514 0.000355899043 0.052018214 -0.00799989514 0.000701056037 0.05192573 -0.00449993974 0.000355899043 0.052018214 -0.00449993974 0.000355899043 0.052018214 -0.00799989514 0.000355899043 0.052018214 -0.00449993974 -7.62929631e-08 0.0520493574 -0.00799989514 -7.62929631e-08 0.0520493574 -0.00799989514 0.000355899043 0.052018214 -0.00449993974 -7.62929631e-08 0.0520493574 -0.00449993974 -7.62929631e-08 0.0520493574 -0.00799989514 -7.62929631e-08 0.0520493574 -0.00449993974 -0.000356051634 0.052018214 -0.00799989514 -0.000356051634 0.052018214 -0.00799989514 -7.62929631e-08 0.0520493574 -0.00449993974 -0.000356051634 0.052018214 -0.00449993974 -0.000356051634 0.052018214 -0.00799989514 -0.000356051634 0.052018214 -0.00449993974 -0.000701208599 0.05192573 -0.00799989514 -0.000701208599 0.05192573 -0.00799989514 -0.000356051634 0.052018214 -0.00449993974 -0.000701208599 0.05192573 -0.00449993974 -0.000701208599 0.05192573 -0.00799989514 -0.000701208599 0.05192573 -0.00449993974 -0.00102506462 0.0517747141 -0.00799989514 -0.00102506462 0.0517747141 -0.00799989514 -0.000701208599 0.05192573 -0.00449993974 -0.00102506462 0.0517747141 -0.00449993974 -0.00102506462 0.0517747141 -0.00799989514 -0.00102506462 0.0517747141 -0.00449993974 -0.00131777022 0.0515697561 -0.00799989514 -0.00131777022 0.0515697561 -0.00799989514 -0.00102506462 0.0517747141 -0.00449993974 -0.00131777022 0.0515697561 -0.00449993974 -0.00131777022 0.0515697561 -0.00799989514 -0.00131777022 0.0515697561 -0.00449993974 -0.0015704449 0.0513170846 -0.00799989514 -0.0015704449 0.0513170846 -0.00799989514 -0.00131777022 0.0515697561 -0.00449993974 -0.0015704449 0.0513170846 -0.00449993974 -0.0015704449 0.0513170846 -0.00799989514 -0.0015704449 0.0513170846 -0.00449993974 -0.00177540595 0.0510243699 -0.00799989514 -0.00177540595 0.0510243699 -0.00799989514 -0.0015704449 0.0513170846 -0.00449993974 -0.00177540595 0.0510243699 -0.00449993974 -0.00177540595 0.0510243699 -0.00799989514 -0.00177540595 0.0510243699 -0.00449993974 -0.00192642026 0.0507005192 -0.00799989514 -0.00192642026 0.0507005192 -0.00799989514 -0.00177540595 0.0510243699 -0.00449993974 -0.00192642026 0.0507005192 -0.00449993974 -0.00192642026 0.0507005192 -0.00799989514 -0.00192642026 0.0507005192 -0.00449993974 -0.00201890245 0.0503553599 -0.00799989514 -0.00201890245 0.0503553599 -0.00799989514 -0.00192642026 0.0507005192 -0.00449993974 -0.00201890245 0.0503553599 -0.00449993974 -0.00201890245 0.0503553599 -0.00799989514 -0.00201890245 0.0503553599 -0.00449993974 -0.00205004541 0.0499993861 -0.00799989514 -0.00205004541 0.0499993861 -0.00799989514 -0.00201890245 0.0503553599 -0.00449993974 -0.00205004541 0.0499993861 -0.00449993974 -0.00205004541 0.0499993861 -0.00799989514 -0.00205004541 0.0499993861 -0.00449993974 -0.00201890245 0.0496434122 -0.00799989514 -0.00201890245 0.0496434122 -0.00799989514 -0.00205004541 0.0499993861 -0.00449993974 -0.00201890245 0.0496434122 -0.00449993974 -0.00201890245 0.0496434122 -0.00799989514 -0.00201890245 0.0496434122 -0.00449993974 -0.00192642026 0.0492982529 -0.00799989514 -0.00192642026 0.0492982529 -0.00799989514 -0.00201890245 0.0496434122 -0.00449993974 -0.00192642026 0.0492982529 -0.00449993974 -0.00192642026 0.0492982529 -0.00799989514 -0.00192642026 0.0492982529 -0.00449993974 -0.00177540595 0.0489743985 -0.00799989514 -0.00177540595 0.0489743985 -0.00799989514 -0.00192642026 0.0492982529 -0.00449993974 -0.00177540595 0.0489743985 -0.00449993974 -0.00177540595 0.0489743985 -0.00799989514 -0.00177540595 0.0489743985 -0.00449993974 -0.0015704449 0.0486816838 -0.00799989514 -0.0015704449 0.0486816838 -0.00799989514 -0.00177540595 0.0489743985 -0.00449993974 -0.0015704449 0.0486816838 -0.00449993974 -0.0015704449 0.0486816838 -0.00799989514 -0.0015704449 0.0486816838 -0.00449993974 -0.00131777022 0.048429016 -0.00799989514 -0.00131777022 0.048429016 -0.00799989514 -0.0015704449 0.0486816838 -0.00449993974 -0.00131777022 0.048429016 -0.00449993974 -0.00131777022 0.048429016 -0.00799989514 -0.00131777022 0.048429016 -0.00449993974 -0.00102506462 0.048224058 -0.00799989514 -0.00102506462 0.048224058 -0.00799989514 -0.00131777022 0.048429016 -0.00449993974 -0.00102506462 0.048224058 -0.00449993974 -0.00102506462 0.048224058 -0.00799989514 -0.00102506462 0.048224058 -0.00449993974 -0.000701208599 0.0480730422 -0.00799989514 -0.000701208599 0.0480730422 -0.00799989514 -0.00102506462 0.048224058 -0.00449993974 -0.000701208599 0.0480730422 -0.00449993974 -0.000701208599 0.0480730422 -0.00799989514 -0.000701208599 0.0480730422 -0.00449993974 -0.000356051634 0.0479805581 -0.00799989514 -0.000356051634 0.0479805581 -0.00799989514 -0.000701208599 0.0480730422 -0.00449993974 -0.000356051634 0.0479805581 -0.00449993974 -0.000356051634 0.0479805581 -0.00799989514 -0.000356051634 0.0479805581 -0.00449993974 -7.62929631e-08 0.047949411 -0.00799989514 -7.62929631e-08 0.047949411 -0.00799989514 -0.000356051634 0.0479805581 -0.00449993974 -7.62929631e-08 0.047949411 -0.00449993974 0.0827031434 0.00499996636 2.18555465e-10 0.079498902 0.00499996636 2.18555465e-10 0.0827031434 0.00499996683 -0.00549992919 0.0827031434 0.00499996683 -0.00549992919 0.079498902 0.00499996636 2.18555465e-10 0.079498902 0.00499996683 -0.00549992919 0.0827031434 -0.00499990443 -0.00549992919 0.079498902 -0.00499990443 -0.00549992919 0.0827031434 -0.00499990489 -2.18552801e-10 0.0827031434 -0.00499990489 -2.18552801e-10 0.079498902 -0.00499990443 -0.00549992919 0.079498902 -0.00499990489 -2.18552801e-10 0.0818950757 0.000872173754 -0.00549992919 0.0820101276 0.00044282747 -0.00549992919 0.0849706456 0.0021885708 -0.00549992919 0.0845356733 -0.00619876478 -0.00549992966 0.0846426189 -0.00651164958 -0.00549992966 0.0847453251 -0.00655979803 -0.00549992966 0.0847453251 -0.00655979803 -0.00549992966 0.0846426189 -0.00651164958 -0.00549992966 0.0846965536 -0.00683788583 -0.00549992966 0.0847453251 -0.00655979803 -0.00549992966 0.0846965536 -0.00683788583 -0.00549992966 0.0846959949 -0.00716855517 -0.00549992966 0.0833532065 -0.0051084999 -0.00549992919 0.0836559683 -0.00524145598 -0.00549992919 0.0811379924 -0.00195335899 -0.00549992919 0.0827031434 -0.00499990443 -0.00549992919 0.0807738751 -0.00220830715 -0.00549992919 0.080371052 -0.00239615585 -0.00549992919 0.0818950757 -0.000872112229 -0.00549992919 0.0817072317 -0.00127495441 -0.00549992919 0.0843786299 -0.00590776792 -0.00549992966 0.0843786299 -0.00590776792 -0.00549992966 0.0817072317 -0.00127495441 -0.00549992919 0.0814522877 -0.00163905486 -0.00549992919 0.0843786299 -0.00590776792 -0.00549992966 0.0814522877 -0.00163905486 -0.00549992919 0.0841757804 -0.00564663252 -0.00549992966 0.0841757804 -0.00564663252 -0.00549992966 0.0814522877 -0.00163905486 -0.00549992919 0.0811379924 -0.00195335899 -0.00549992919 0.0841757804 -0.00564663252 -0.00549992966 0.0811379924 -0.00195335899 -0.00549992919 0.0839326829 -0.00542248366 -0.00549992966 0.0839326829 -0.00542248366 -0.00549992966 0.0811379924 -0.00195335899 -0.00549992919 0.0836559683 -0.00524145598 -0.00549992919 0.0827031434 -0.00499990443 -0.00549992919 0.080371052 -0.00239615585 -0.00549992919 0.079498902 -0.00499990443 -0.00549992919 0.0820101276 0.00044282747 -0.00549992919 0.0820488706 3.07575938e-08 -0.00549992919 0.0849706456 0.0021885708 -0.00549992919 0.0849706456 0.0021885708 -0.00549992919 0.0820488706 3.07575938e-08 -0.00549992919 0.0820101276 -0.000442765973 -0.00549992919 0.0849706456 0.0021885708 -0.00549992919 0.0820101276 -0.000442765973 -0.00549992919 0.0847453251 -0.00655979803 -0.00549992966 0.0847453251 -0.00655979803 -0.00549992966 0.0820101276 -0.000442765973 -0.00549992919 0.0818950757 -0.000872112229 -0.00549992919 0.0847453251 -0.00655979803 -0.00549992966 0.0818950757 -0.000872112229 -0.00549992919 0.0845356733 -0.00619876478 -0.00549992966 0.0845356733 -0.00619876478 -0.00549992966 0.0818950757 -0.000872112229 -0.00549992919 0.0843786299 -0.00590776792 -0.00549992966 0.0807738751 -0.00220830715 -0.00549992919 0.0827031434 -0.00499990443 -0.00549992919 0.0811379924 -0.00195335899 -0.00549992919 0.0811379924 -0.00195335899 -0.00549992919 0.0827031434 -0.00499990443 -0.00549992919 0.0830326825 -0.00502724061 -0.00549992919 0.0811379924 -0.00195335899 -0.00549992919 0.0830326825 -0.00502724061 -0.00549992919 0.0833532065 -0.0051084999 -0.00549992919 0.0827031434 0.00499996683 -0.00549992919 0.079498902 0.00499996683 -0.00549992919 0.07994169 0.0025112594 -0.00549992919 0.080371052 -0.00239615585 -0.00549992919 0.07994169 -0.00251119793 -0.00549992919 0.079498902 -0.00499990443 -0.00549992919 0.079498902 -0.00499990443 -0.00549992919 0.07994169 -0.00251119793 -0.00549992919 0.079498902 -0.00254993956 -0.00549992919 0.079498902 -0.00499990443 -0.00549992919 0.079498902 -0.00254993956 -0.00549992919 0.0786306709 -0.00492394716 -0.00549992919 0.0786306709 -0.00492394716 -0.00549992919 0.079498902 -0.00254993956 -0.00549992919 0.0790560991 -0.00251119793 -0.00549992919 0.0786306709 -0.00492394716 -0.00549992919 0.0790560991 -0.00251119793 -0.00549992919 0.0777888224 -0.00469837198 -0.00549992919 0.0777888224 -0.00469837198 -0.00549992919 0.0790560991 -0.00251119793 -0.00549992919 0.0786267668 -0.00239615585 -0.00549992919 0.0777888224 -0.00469837198 -0.00549992919 0.0786267668 -0.00239615585 -0.00549992919 0.0769989341 -0.00433004461 -0.00549992919 0.0769989341 -0.00433004461 -0.00549992919 0.0786267668 -0.00239615585 -0.00549992919 0.0782239214 -0.00220830715 -0.00549992919 0.0769989341 -0.00433004461 -0.00549992919 0.0782239214 -0.00220830715 -0.00549992919 0.0762849972 -0.00383014302 -0.00549992919 0.0762849972 -0.00383014302 -0.00549992919 0.0782239214 -0.00220830715 -0.00549992919 0.077859804 -0.00195335899 -0.00549992919 0.0762849972 -0.00383014302 -0.00549992919 0.077859804 -0.00195335899 -0.00549992919 0.0756687373 -0.00321386382 -0.00549992919 0.0756687373 -0.00321386382 -0.00549992919 0.077859804 -0.00195335899 -0.00549992919 0.0775455087 -0.00163905486 -0.00549992919 0.0756687373 -0.00321386382 -0.00549992919 0.0775455087 -0.00163905486 -0.00549992919 0.0751688331 -0.00249993708 -0.00549992919 0.0751688331 -0.00249993708 -0.00549992919 0.0775455087 -0.00163905486 -0.00549992919 0.0772905722 -0.00127495441 -0.00549992919 0.0751688331 -0.00249993708 -0.00549992919 0.0772905722 -0.00127495441 -0.00549992919 0.0748004913 -0.0017100455 -0.00549992919 0.0748004913 -0.0017100455 -0.00549992919 0.0772905722 -0.00127495441 -0.00549992919 0.0771027207 -0.000872112229 -0.00549992919 0.0748004913 -0.0017100455 -0.00549992919 0.0771027207 -0.000872112229 -0.00549992919 0.074574925 -0.000868198404 -0.00549992919 0.074574925 -0.000868198404 -0.00549992919 0.0771027207 -0.000872112229 -0.00549992919 0.0769876689 -0.000442765973 -0.00549992919 0.074574925 -0.000868198404 -0.00549992919 0.0769876689 -0.000442765973 -0.00549992919 0.0744989663 3.07575938e-08 -0.00549992919 0.0744989663 3.07575938e-08 -0.00549992919 0.0769876689 -0.000442765973 -0.00549992919 0.0769489333 3.07575938e-08 -0.00549992919 0.0744989663 3.07575938e-08 -0.00549992919 0.0769489333 3.07575938e-08 -0.00549992919 0.074574925 0.000868259929 -0.00549992919 0.074574925 0.000868259929 -0.00549992919 0.0769489333 3.07575938e-08 -0.00549992919 0.0769876689 0.00044282747 -0.00549992919 0.074574925 0.000868259929 -0.00549992919 0.0769876689 0.00044282747 -0.00549992919 0.0748004913 0.00171010697 -0.00549992919 0.0748004913 0.00171010697 -0.00549992919 0.0769876689 0.00044282747 -0.00549992919 0.0771027207 0.000872173754 -0.00549992919 0.0748004913 0.00171010697 -0.00549992919 0.0771027207 0.000872173754 -0.00549992919 0.0751688331 0.00249999855 -0.00549992919 0.0751688331 0.00249999855 -0.00549992919 0.0771027207 0.000872173754 -0.00549992919 0.0772905722 0.00127501588 -0.00549992919 0.0751688331 0.00249999855 -0.00549992919 0.0772905722 0.00127501588 -0.00549992919 0.0756687373 0.00321392529 -0.00549992919 0.0756687373 0.00321392529 -0.00549992919 0.0772905722 0.00127501588 -0.00549992919 0.0775455087 0.00163911644 -0.00549992919 0.0756687373 0.00321392529 -0.00549992919 0.0775455087 0.00163911644 -0.00549992919 0.0762849972 0.00383020448 -0.00549992919 0.0762849972 0.00383020448 -0.00549992919 0.0775455087 0.00163911644 -0.00549992919 0.077859804 0.00195342046 -0.00549992919 0.0762849972 0.00383020448 -0.00549992919 0.077859804 0.00195342046 -0.00549992919 0.0769989341 0.00433009909 -0.00549992919 0.0769989341 0.00433009909 -0.00549992919 0.077859804 0.00195342046 -0.00549992919 0.0782239214 0.00220836862 -0.00549992919 0.0769989341 0.00433009909 -0.00549992919 0.0782239214 0.00220836862 -0.00549992919 0.0777888224 0.00469843391 -0.00549992919 0.0777888224 0.00469843391 -0.00549992919 0.0782239214 0.00220836862 -0.00549992919 0.0786267668 0.00239621731 -0.00549992919 0.0777888224 0.00469843391 -0.00549992919 0.0786267668 0.00239621731 -0.00549992919 0.0786306709 0.00492400955 -0.00549992919 0.0786306709 0.00492400955 -0.00549992919 0.0786267668 0.00239621731 -0.00549992919 0.0790560991 0.0025112594 -0.00549992919 0.0786306709 0.00492400955 -0.00549992919 0.0790560991 0.0025112594 -0.00549992919 0.079498902 0.00499996683 -0.00549992919 0.079498902 0.00499996683 -0.00549992919 0.0790560991 0.0025112594 -0.00549992919 0.079498902 0.00254999334 -0.00549992919 0.079498902 0.00499996683 -0.00549992919 0.079498902 0.00254999334 -0.00549992919 0.07994169 0.0025112594 -0.00549992919 0.07994169 0.0025112594 -0.00549992919 0.080371052 0.00239621731 -0.00549992919 0.0827031434 0.00499996683 -0.00549992919 0.0827031434 0.00499996683 -0.00549992919 0.080371052 0.00239621731 -0.00549992919 0.0807738751 0.00220836862 -0.00549992919 0.0827031434 0.00499996683 -0.00549992919 0.0807738751 0.00220836862 -0.00549992919 0.0830326825 0.00502730254 -0.00549992919 0.0830326825 0.00502730254 -0.00549992919 0.0807738751 0.00220836862 -0.00549992919 0.0811379924 0.00195342046 -0.00549992919 0.0830326825 0.00502730254 -0.00549992919 0.0811379924 0.00195342046 -0.00549992919 0.0833532065 0.00510856183 -0.00549992919 0.0833532065 0.00510856183 -0.00549992919 0.0811379924 0.00195342046 -0.00549992919 0.0836559683 0.00524151791 -0.00549992919 0.0849706456 0.0021885708 -0.00549992919 0.0846959949 0.00716860918 -0.00549992872 0.0846965536 0.00683794823 -0.00549992872 0.0846965536 0.00683794823 -0.00549992872 0.0846426189 0.00651171152 -0.00549992872 0.0849706456 0.0021885708 -0.00549992919 0.0849706456 0.0021885708 -0.00549992919 0.0846426189 0.00651171152 -0.00549992872 0.0845356733 0.0061988188 -0.00549992872 0.0849706456 0.0021885708 -0.00549992919 0.0845356733 0.0061988188 -0.00549992872 0.0843786299 0.00590782985 -0.00549992872 0.0818950757 0.000872173754 -0.00549992919 0.0849706456 0.0021885708 -0.00549992919 0.0817072317 0.00127501588 -0.00549992919 0.0817072317 0.00127501588 -0.00549992919 0.0849706456 0.0021885708 -0.00549992919 0.0843786299 0.00590782985 -0.00549992872 0.0817072317 0.00127501588 -0.00549992919 0.0843786299 0.00590782985 -0.00549992872 0.0814522877 0.00163911644 -0.00549992919 0.0814522877 0.00163911644 -0.00549992919 0.0843786299 0.00590782985 -0.00549992872 0.0841757804 0.00564669445 -0.00549992872 0.0814522877 0.00163911644 -0.00549992919 0.0841757804 0.00564669445 -0.00549992872 0.0811379924 0.00195342046 -0.00549992919 0.0811379924 0.00195342046 -0.00549992919 0.0841757804 0.00564669445 -0.00549992872 0.0839326829 0.0054225456 -0.00549992872 0.0811379924 0.00195342046 -0.00549992919 0.0839326829 0.0054225456 -0.00549992872 0.0836559683 0.00524151791 -0.00549992919 0.079498902 0.00499996683 -0.00549992919 0.079498902 0.00499996636 2.18555465e-10 0.0786306709 0.00492400955 -0.00549992919 0.0786306709 0.00492400955 -0.00549992919 0.079498902 0.00499996636 2.18555465e-10 0.0786306709 0.00492400909 2.15235274e-10 0.0786306709 0.00492400955 -0.00549992919 0.0786306709 0.00492400909 2.15235274e-10 0.0777888224 0.00469843391 -0.00549992919 0.0777888224 0.00469843391 -0.00549992919 0.0786306709 0.00492400909 2.15235274e-10 0.0777888224 0.00469843345 2.0537505e-10 0.0777888224 0.00469843391 -0.00549992919 0.0777888224 0.00469843345 2.0537505e-10 0.0769989341 0.00433009909 -0.00549992919 0.0769989341 0.00433009909 -0.00549992919 0.0777888224 0.00469843345 2.0537505e-10 0.0769989341 0.00433009863 1.89274624e-10 0.0769989341 0.00433009909 -0.00549992919 0.0769989341 0.00433009863 1.89274624e-10 0.0762849972 0.00383020448 -0.00549992919 0.0762849972 0.00383020448 -0.00549992919 0.0769989341 0.00433009863 1.89274624e-10 0.0762849972 0.00383020425 1.67423547e-10 0.0762849972 0.00383020448 -0.00549992919 0.0762849972 0.00383020425 1.67423547e-10 0.0756687373 0.00321392529 -0.00549992919 0.0756687373 0.00321392529 -0.00549992919 0.0762849972 0.00383020425 1.67423547e-10 0.0756687373 0.00321392505 1.40485124e-10 0.0756687373 0.00321392529 -0.00549992919 0.0756687373 0.00321392505 1.40485124e-10 0.0751688331 0.00249999855 -0.00549992919 0.0751688331 0.00249999855 -0.00549992919 0.0756687373 0.00321392505 1.40485124e-10 0.0751688331 0.00249999831 1.09278399e-10 0.0751688331 0.00249999855 -0.00549992919 0.0751688331 0.00249999831 1.09278399e-10 0.0748004913 0.00171010697 -0.00549992919 0.0748004913 0.00171010697 -0.00549992919 0.0751688331 0.00249999831 1.09278399e-10 0.0748004913 0.00171010674 7.47511428e-11 0.0748004913 0.00171010697 -0.00549992919 0.0748004913 0.00171010674 7.47511428e-11 0.074574925 0.000868259929 -0.00549992919 0.074574925 0.000868259929 -0.00549992919 0.0748004913 0.00171010674 7.47511428e-11 0.074574925 0.000868259696 3.79528388e-11 0.074574925 0.000868259929 -0.00549992919 0.074574925 0.000868259696 3.79528388e-11 0.0744989663 3.07575938e-08 -0.00549992919 0.0744989663 3.07575938e-08 -0.00549992919 0.074574925 0.000868259696 3.79528388e-11 0.0744989663 3.05171852e-08 1.33394857e-15 0.0744989663 3.07575938e-08 -0.00549992919 0.0744989663 3.05171852e-08 1.33394857e-15 0.074574925 -0.000868198404 -0.00549992919 0.074574925 -0.000868198404 -0.00549992919 0.0744989663 3.05171852e-08 1.33394857e-15 0.074574925 -0.000868198636 -3.79501708e-11 0.074574925 -0.000868198404 -0.00549992919 0.074574925 -0.000868198636 -3.79501708e-11 0.0748004913 -0.0017100455 -0.00549992919 0.0748004913 -0.0017100455 -0.00549992919 0.074574925 -0.000868198636 -3.79501708e-11 0.0748004913 -0.00171004573 -7.47484782e-11 0.0748004913 -0.0017100455 -0.00549992919 0.0748004913 -0.00171004573 -7.47484782e-11 0.0751688331 -0.00249993708 -0.00549992919 0.0751688331 -0.00249993708 -0.00549992919 0.0748004913 -0.00171004573 -7.47484782e-11 0.0751688331 -0.00249993731 -1.09275734e-10 0.0751688331 -0.00249993708 -0.00549992919 0.0751688331 -0.00249993731 -1.09275734e-10 0.0756687373 -0.00321386382 -0.00549992919 0.0756687373 -0.00321386382 -0.00549992919 0.0751688331 -0.00249993731 -1.09275734e-10 0.0756687373 -0.00321386405 -1.40482459e-10 0.0756687373 -0.00321386382 -0.00549992919 0.0756687373 -0.00321386405 -1.40482459e-10 0.0762849972 -0.00383014302 -0.00549992919 0.0762849972 -0.00383014302 -0.00549992919 0.0756687373 -0.00321386405 -1.40482459e-10 0.0762849972 -0.00383014325 -1.67420883e-10 0.0762849972 -0.00383014302 -0.00549992919 0.0762849972 -0.00383014325 -1.67420883e-10 0.0769989341 -0.00433004461 -0.00549992919 0.0769989341 -0.00433004461 -0.00549992919 0.0762849972 -0.00383014325 -1.67420883e-10 0.0769989341 -0.00433004508 -1.89272292e-10 0.0769989341 -0.00433004461 -0.00549992919 0.0769989341 -0.00433004508 -1.89272292e-10 0.0777888224 -0.00469837198 -0.00549992919 0.0777888224 -0.00469837198 -0.00549992919 0.0769989341 -0.00433004508 -1.89272292e-10 0.0777888224 -0.00469837245 -2.05372386e-10 0.0777888224 -0.00469837198 -0.00549992919 0.0777888224 -0.00469837245 -2.05372386e-10 0.0786306709 -0.00492394716 -0.00549992919 0.0786306709 -0.00492394716 -0.00549992919 0.0777888224 -0.00469837245 -2.05372386e-10 0.0786306709 -0.00492394762 -2.15232596e-10 0.0786306709 -0.00492394716 -0.00549992919 0.0786306709 -0.00492394762 -2.15232596e-10 0.079498902 -0.00499990443 -0.00549992919 0.079498902 -0.00499990443 -0.00549992919 0.0786306709 -0.00492394762 -2.15232596e-10 0.079498902 -0.00499990489 -2.18552801e-10 0.0769489333 3.08668717e-08 -0.007999897 0.0769489333 3.07575938e-08 -0.00549992919 0.0769876689 -0.000442765857 -0.007999897 0.0769876689 -0.000442765857 -0.007999897 0.0769489333 3.07575938e-08 -0.00549992919 0.0769876689 -0.000442765973 -0.00549992919 0.0769876689 -0.000442765857 -0.007999897 0.0769876689 -0.000442765973 -0.00549992919 0.0771027207 -0.000872112112 -0.007999897 0.0771027207 -0.000872112112 -0.007999897 0.0769876689 -0.000442765973 -0.00549992919 0.0771027207 -0.000872112229 -0.00549992919 0.0771027207 -0.000872112112 -0.007999897 0.0771027207 -0.000872112229 -0.00549992919 0.0772905722 -0.00127495429 -0.007999897 0.0772905722 -0.00127495429 -0.007999897 0.0771027207 -0.000872112229 -0.00549992919 0.0772905722 -0.00127495441 -0.00549992919 0.0772905722 -0.00127495429 -0.007999897 0.0772905722 -0.00127495441 -0.00549992919 0.0775455087 -0.00163905474 -0.007999897 0.0775455087 -0.00163905474 -0.007999897 0.0772905722 -0.00127495441 -0.00549992919 0.0775455087 -0.00163905486 -0.00549992919 0.0775455087 -0.00163905474 -0.007999897 0.0775455087 -0.00163905486 -0.00549992919 0.077859804 -0.00195335876 -0.007999897 0.077859804 -0.00195335876 -0.007999897 0.0775455087 -0.00163905486 -0.00549992919 0.077859804 -0.00195335899 -0.00549992919 0.077859804 -0.00195335876 -0.007999897 0.077859804 -0.00195335899 -0.00549992919 0.0782239214 -0.00220830692 -0.007999897 0.0782239214 -0.00220830692 -0.007999897 0.077859804 -0.00195335899 -0.00549992919 0.0782239214 -0.00220830715 -0.00549992919 0.0782239214 -0.00220830692 -0.007999897 0.0782239214 -0.00220830715 -0.00549992919 0.0786267668 -0.00239615561 -0.007999897 0.0786267668 -0.00239615561 -0.007999897 0.0782239214 -0.00220830715 -0.00549992919 0.0786267668 -0.00239615585 -0.00549992919 0.0786267668 -0.00239615561 -0.007999897 0.0786267668 -0.00239615585 -0.00549992919 0.0790560991 -0.0025111977 -0.007999897 0.0790560991 -0.0025111977 -0.007999897 0.0786267668 -0.00239615585 -0.00549992919 0.0790560991 -0.00251119793 -0.00549992919 0.0790560991 -0.0025111977 -0.007999897 0.0790560991 -0.00251119793 -0.00549992919 0.079498902 -0.00254993932 -0.007999897 0.079498902 -0.00254993932 -0.007999897 0.0790560991 -0.00251119793 -0.00549992919 0.079498902 -0.00254993956 -0.00549992919 0.079498902 -0.00254993932 -0.007999897 0.079498902 -0.00254993956 -0.00549992919 0.07994169 -0.0025111977 -0.007999897 0.07994169 -0.0025111977 -0.007999897 0.079498902 -0.00254993956 -0.00549992919 0.07994169 -0.00251119793 -0.00549992919 0.07994169 -0.0025111977 -0.007999897 0.07994169 -0.00251119793 -0.00549992919 0.080371052 -0.00239615561 -0.007999897 0.080371052 -0.00239615561 -0.007999897 0.07994169 -0.00251119793 -0.00549992919 0.080371052 -0.00239615585 -0.00549992919 0.080371052 -0.00239615561 -0.007999897 0.080371052 -0.00239615585 -0.00549992919 0.0807738751 -0.00220830692 -0.007999897 0.0807738751 -0.00220830692 -0.007999897 0.080371052 -0.00239615585 -0.00549992919 0.0807738751 -0.00220830715 -0.00549992919 0.0807738751 -0.00220830692 -0.007999897 0.0807738751 -0.00220830715 -0.00549992919 0.0811379924 -0.00195335876 -0.007999897 0.0811379924 -0.00195335876 -0.007999897 0.0807738751 -0.00220830715 -0.00549992919 0.0811379924 -0.00195335899 -0.00549992919 0.0811379924 -0.00195335876 -0.007999897 0.0811379924 -0.00195335899 -0.00549992919 0.0814522877 -0.00163905474 -0.007999897 0.0814522877 -0.00163905474 -0.007999897 0.0811379924 -0.00195335899 -0.00549992919 0.0814522877 -0.00163905486 -0.00549992919 0.0814522877 -0.00163905474 -0.007999897 0.0814522877 -0.00163905486 -0.00549992919 0.0817072317 -0.00127495429 -0.007999897 0.0817072317 -0.00127495429 -0.007999897 0.0814522877 -0.00163905486 -0.00549992919 0.0817072317 -0.00127495441 -0.00549992919 0.0817072317 -0.00127495429 -0.007999897 0.0817072317 -0.00127495441 -0.00549992919 0.0818950757 -0.000872112112 -0.007999897 0.0818950757 -0.000872112112 -0.007999897 0.0817072317 -0.00127495441 -0.00549992919 0.0818950757 -0.000872112229 -0.00549992919 0.0818950757 -0.000872112112 -0.007999897 0.0818950757 -0.000872112229 -0.00549992919 0.0820101276 -0.000442765857 -0.007999897 0.0820101276 -0.000442765857 -0.007999897 0.0818950757 -0.000872112229 -0.00549992919 0.0820101276 -0.000442765973 -0.00549992919 0.0820101276 -0.000442765857 -0.007999897 0.0820101276 -0.000442765973 -0.00549992919 0.0820488706 3.08668717e-08 -0.007999897 0.0820488706 3.08668717e-08 -0.007999897 0.0820101276 -0.000442765973 -0.00549992919 0.0820488706 3.07575938e-08 -0.00549992919 0.0820488706 3.08668717e-08 -0.007999897 0.0820488706 3.07575938e-08 -0.00549992919 0.0820101276 0.000442827586 -0.007999897 0.0820101276 0.000442827586 -0.007999897 0.0820488706 3.07575938e-08 -0.00549992919 0.0820101276 0.00044282747 -0.00549992919 0.0820101276 0.000442827586 -0.007999897 0.0820101276 0.00044282747 -0.00549992919 0.0818950757 0.00087217387 -0.007999897 0.0818950757 0.00087217387 -0.007999897 0.0820101276 0.00044282747 -0.00549992919 0.0818950757 0.000872173754 -0.00549992919 0.0818950757 0.00087217387 -0.007999897 0.0818950757 0.000872173754 -0.00549992919 0.0817072317 0.00127501599 -0.007999897 0.0817072317 0.00127501599 -0.007999897 0.0818950757 0.000872173754 -0.00549992919 0.0817072317 0.00127501588 -0.00549992919 0.0817072317 0.00127501599 -0.007999897 0.0817072317 0.00127501588 -0.00549992919 0.0814522877 0.00163911656 -0.007999897 0.0814522877 0.00163911656 -0.007999897 0.0817072317 0.00127501588 -0.00549992919 0.0814522877 0.00163911644 -0.00549992919 0.0814522877 0.00163911656 -0.007999897 0.0814522877 0.00163911644 -0.00549992919 0.0811379924 0.00195342069 -0.007999897 0.0811379924 0.00195342069 -0.007999897 0.0814522877 0.00163911644 -0.00549992919 0.0811379924 0.00195342046 -0.00549992919 0.0811379924 0.00195342069 -0.007999897 0.0811379924 0.00195342046 -0.00549992919 0.0807738751 0.00220836885 -0.007999897 0.0807738751 0.00220836885 -0.007999897 0.0811379924 0.00195342046 -0.00549992919 0.0807738751 0.00220836862 -0.00549992919 0.0807738751 0.00220836885 -0.007999897 0.0807738751 0.00220836862 -0.00549992919 0.080371052 0.00239621755 -0.007999897 0.080371052 0.00239621755 -0.007999897 0.0807738751 0.00220836862 -0.00549992919 0.080371052 0.00239621731 -0.00549992919 0.080371052 0.00239621755 -0.007999897 0.080371052 0.00239621731 -0.00549992919 0.07994169 0.00251125963 -0.007999897 0.07994169 0.00251125963 -0.007999897 0.080371052 0.00239621731 -0.00549992919 0.07994169 0.0025112594 -0.00549992919 0.07994169 0.00251125963 -0.007999897 0.07994169 0.0025112594 -0.00549992919 0.079498902 0.00254999357 -0.007999897 0.079498902 0.00254999357 -0.007999897 0.07994169 0.0025112594 -0.00549992919 0.079498902 0.00254999334 -0.00549992919 0.079498902 0.00254999357 -0.007999897 0.079498902 0.00254999334 -0.00549992919 0.0790560991 0.00251125963 -0.007999897 0.0790560991 0.00251125963 -0.007999897 0.079498902 0.00254999334 -0.00549992919 0.0790560991 0.0025112594 -0.00549992919 0.0790560991 0.00251125963 -0.007999897 0.0790560991 0.0025112594 -0.00549992919 0.0786267668 0.00239621755 -0.007999897 0.0786267668 0.00239621755 -0.007999897 0.0790560991 0.0025112594 -0.00549992919 0.0786267668 0.00239621731 -0.00549992919 0.0786267668 0.00239621755 -0.007999897 0.0786267668 0.00239621731 -0.00549992919 0.0782239214 0.00220836885 -0.007999897 0.0782239214 0.00220836885 -0.007999897 0.0786267668 0.00239621731 -0.00549992919 0.0782239214 0.00220836862 -0.00549992919 0.0782239214 0.00220836885 -0.007999897 0.0782239214 0.00220836862 -0.00549992919 0.077859804 0.00195342069 -0.007999897 0.077859804 0.00195342069 -0.007999897 0.0782239214 0.00220836862 -0.00549992919 0.077859804 0.00195342046 -0.00549992919 0.077859804 0.00195342069 -0.007999897 0.077859804 0.00195342046 -0.00549992919 0.0775455087 0.00163911656 -0.007999897 0.0775455087 0.00163911656 -0.007999897 0.077859804 0.00195342046 -0.00549992919 0.0775455087 0.00163911644 -0.00549992919 0.0775455087 0.00163911656 -0.007999897 0.0775455087 0.00163911644 -0.00549992919 0.0772905722 0.00127501599 -0.007999897 0.0772905722 0.00127501599 -0.007999897 0.0775455087 0.00163911644 -0.00549992919 0.0772905722 0.00127501588 -0.00549992919 0.0772905722 0.00127501599 -0.007999897 0.0772905722 0.00127501588 -0.00549992919 0.0771027207 0.00087217387 -0.007999897 0.0771027207 0.00087217387 -0.007999897 0.0772905722 0.00127501588 -0.00549992919 0.0771027207 0.000872173754 -0.00549992919 0.0771027207 0.00087217387 -0.007999897 0.0771027207 0.000872173754 -0.00549992919 0.0769876689 0.000442827586 -0.007999897 0.0769876689 0.000442827586 -0.007999897 0.0771027207 0.000872173754 -0.00549992919 0.0769876689 0.00044282747 -0.00549992919 0.0769876689 0.000442827586 -0.007999897 0.0769876689 0.00044282747 -0.00549992919 0.0769489333 3.08668717e-08 -0.007999897 0.0769489333 3.08668717e-08 -0.007999897 0.0769876689 0.00044282747 -0.00549992919 0.0769489333 3.07575938e-08 -0.00549992919 0.00499985926 -0.0827031881 -3.61507135e-09 0.00499985926 -0.0794989467 -3.47500939e-09 0.00499985926 -0.0827031881 -0.00549993291 0.00499985926 -0.0827031881 -0.00549993291 0.00499985926 -0.0794989467 -3.47500939e-09 0.00499985926 -0.0794989467 -0.00549993245 -0.005000012 -0.0827031881 -0.00549993291 -0.005000012 -0.0794989467 -0.00549993245 -0.005000012 -0.0827031881 -3.61507135e-09 -0.005000012 -0.0827031881 -3.61507135e-09 -0.005000012 -0.0794989467 -0.00549993245 -0.005000012 -0.0794989467 -3.47500939e-09 -0.00437571434 -0.0848861784 -0.00549993291 -0.000442873017 -0.0820101723 -0.00549993291 -0.000872219272 -0.0818951279 -0.00549993291 0.00127490878 -0.0817072764 -0.00549993291 0.00087206671 -0.0818951279 -0.00549993291 0.00437556161 -0.0848861784 -0.00549993291 0.00437556161 -0.0848861784 -0.00549993291 0.00087206671 -0.0818951279 -0.00549993291 0.000442720426 -0.0820101723 -0.00549993291 0.00437556161 -0.0848861784 -0.00549993291 0.000442720426 -0.0820101723 -0.00549993291 -0.00437571434 -0.0848861784 -0.00549993291 -0.00437571434 -0.0848861784 -0.00549993291 0.000442720426 -0.0820101723 -0.00549993291 -7.62929631e-08 -0.0820489153 -0.00549993291 -0.00437571434 -0.0848861784 -0.00549993291 -7.62929631e-08 -0.0820489153 -0.00549993291 -0.000442873017 -0.0820101723 -0.00549993291 -0.00619886443 -0.084535718 -0.00549993291 -0.00651175715 -0.0846426636 -0.00549993291 -0.00437571434 -0.0848861784 -0.00549993291 -0.00437571434 -0.0848861784 -0.00549993291 -0.00651175715 -0.0846426636 -0.00549993291 -0.00683799339 -0.0846966058 -0.00549993291 -0.00437571434 -0.0848861784 -0.00549993291 -0.00683799339 -0.0846966058 -0.00549993291 -0.00716865482 -0.0846960396 -0.00549993291 0.00651160441 -0.0846426636 -0.00549993291 0.00437556161 -0.0848861784 -0.00549993291 0.00683784066 -0.0846966058 -0.00549993291 0.00683784066 -0.0846966058 -0.00549993291 0.00437556161 -0.0848861784 -0.00549993291 0.00716850953 -0.0846960396 -0.00549993291 0.00651160441 -0.0846426636 -0.00549993291 0.00619871914 -0.084535718 -0.00549993291 0.00437556161 -0.0848861784 -0.00549993291 0.00437556161 -0.0848861784 -0.00549993291 0.00619871914 -0.084535718 -0.00549993291 0.00590772275 -0.0843786746 -0.00549993291 0.00437556161 -0.0848861784 -0.00549993291 0.00590772275 -0.0843786746 -0.00549993291 0.00564658735 -0.0841758251 -0.00549993291 -0.000872219272 -0.0818951279 -0.00549993291 -0.0012750614 -0.0817072764 -0.00549993291 -0.00437571434 -0.0848861784 -0.00549993291 -0.00437571434 -0.0848861784 -0.00549993291 -0.0012750614 -0.0817072764 -0.00549993291 -0.00163916196 -0.0814523324 -0.00549993291 -0.00437571434 -0.0848861784 -0.00549993291 -0.00163916196 -0.0814523324 -0.00549993291 -0.0019534661 -0.0811380371 -0.00549993291 0.00499985926 -0.0827031881 -0.00549993291 0.00499985926 -0.0794989467 -0.00549993245 0.0025111523 -0.0799417347 -0.00549993291 0.00127490878 -0.0817072764 -0.00549993291 0.00437556161 -0.0848861784 -0.00549993291 0.00163900934 -0.0814523324 -0.00549993291 0.00163900934 -0.0814523324 -0.00549993291 0.00437556161 -0.0848861784 -0.00549993291 0.00564658735 -0.0841758251 -0.00549993291 0.00163900934 -0.0814523324 -0.00549993291 0.00564658735 -0.0841758251 -0.00549993291 0.00195331336 -0.0811380371 -0.00549993291 0.00195331336 -0.0811380371 -0.00549993291 0.00564658735 -0.0841758251 -0.00549993291 0.00542243849 -0.0839327276 -0.00549993291 0.00195331336 -0.0811380371 -0.00549993291 0.00542243849 -0.0839327276 -0.00549993291 0.00524141034 -0.083656013 -0.00549993291 0.0025111523 -0.0799417347 -0.00549993291 0.00239611021 -0.0803710967 -0.00549993291 0.00499985926 -0.0827031881 -0.00549993291 0.00499985926 -0.0827031881 -0.00549993291 0.00239611021 -0.0803710967 -0.00549993291 0.00220826175 -0.0807739198 -0.00549993291 0.00499985926 -0.0827031881 -0.00549993291 0.00220826175 -0.0807739198 -0.00549993291 0.00502719497 -0.0830327272 -0.00549993291 0.00502719497 -0.0830327272 -0.00549993291 0.00220826175 -0.0807739198 -0.00549993291 0.00195331336 -0.0811380371 -0.00549993291 0.00502719497 -0.0830327272 -0.00549993291 0.00195331336 -0.0811380371 -0.00549993291 0.00510845473 -0.0833532512 -0.00549993291 0.00510845473 -0.0833532512 -0.00549993291 0.00195331336 -0.0811380371 -0.00549993291 0.00524141034 -0.083656013 -0.00549993291 -0.005000012 -0.0827031881 -0.00549993291 -0.00220841425 -0.0807739198 -0.00549993291 -0.00239626272 -0.0803710967 -0.00549993291 -0.0019534661 -0.0811380371 -0.00549993291 -0.00510860747 -0.0833532512 -0.00549993291 -0.00524156308 -0.083656013 -0.00549993291 -0.005000012 -0.0827031881 -0.00549993291 -0.00239626272 -0.0803710967 -0.00549993291 -0.005000012 -0.0794989467 -0.00549993245 -0.00239626272 -0.0803710967 -0.00549993291 -0.00251130504 -0.0799417347 -0.00549993291 -0.005000012 -0.0794989467 -0.00549993245 -0.005000012 -0.0794989467 -0.00549993245 -0.00251130504 -0.0799417347 -0.00549993291 -0.00255003897 -0.0794989467 -0.00549993245 -0.005000012 -0.0794989467 -0.00549993245 -0.00255003897 -0.0794989467 -0.00549993245 -0.00492405472 -0.0786307156 -0.00549993245 -0.00492405472 -0.0786307156 -0.00549993245 -0.00255003897 -0.0794989467 -0.00549993245 -0.00251130504 -0.0790561438 -0.00549993245 -0.00492405472 -0.0786307156 -0.00549993245 -0.00251130504 -0.0790561438 -0.00549993245 -0.00469847908 -0.0777888671 -0.00549993245 -0.00469847908 -0.0777888671 -0.00549993245 -0.00251130504 -0.0790561438 -0.00549993245 -0.00239626272 -0.0786268115 -0.00549993245 -0.00469847908 -0.0777888671 -0.00549993245 -0.00239626272 -0.0786268115 -0.00549993245 -0.00433014426 -0.0769989789 -0.00549993245 -0.00433014426 -0.0769989789 -0.00549993245 -0.00239626272 -0.0786268115 -0.00549993245 -0.00220841425 -0.0782239661 -0.00549993245 -0.00433014426 -0.0769989789 -0.00549993245 -0.00220841425 -0.0782239661 -0.00549993245 -0.00383025012 -0.0762850419 -0.00549993245 -0.00383025012 -0.0762850419 -0.00549993245 -0.00220841425 -0.0782239661 -0.00549993245 -0.0019534661 -0.0778598562 -0.00549993245 -0.00383025012 -0.0762850419 -0.00549993245 -0.0019534661 -0.0778598562 -0.00549993245 -0.00321397069 -0.075668782 -0.00549993245 -0.00321397069 -0.075668782 -0.00549993245 -0.0019534661 -0.0778598562 -0.00549993245 -0.00163916196 -0.0775455534 -0.00549993245 -0.00321397069 -0.075668782 -0.00549993245 -0.00163916196 -0.0775455534 -0.00549993245 -0.00250004418 -0.0751688778 -0.00549993245 -0.00250004418 -0.0751688778 -0.00549993245 -0.00163916196 -0.0775455534 -0.00549993245 -0.0012750614 -0.0772906169 -0.00549993245 -0.00250004418 -0.0751688778 -0.00549993245 -0.0012750614 -0.0772906169 -0.00549993245 -0.00171015249 -0.074800536 -0.00549993245 -0.00171015249 -0.074800536 -0.00549993245 -0.0012750614 -0.0772906169 -0.00549993245 -0.000872219272 -0.0771027654 -0.00549993245 -0.00171015249 -0.074800536 -0.00549993245 -0.000872219272 -0.0771027654 -0.00549993245 -0.000868305448 -0.0745749697 -0.00549993245 -0.000868305448 -0.0745749697 -0.00549993245 -0.000872219272 -0.0771027654 -0.00549993245 -0.000442873017 -0.0769877136 -0.00549993245 -0.000868305448 -0.0745749697 -0.00549993245 -0.000442873017 -0.0769877136 -0.00549993245 -7.62929631e-08 -0.074499011 -0.00549993245 -7.62929631e-08 -0.074499011 -0.00549993245 -0.000442873017 -0.0769877136 -0.00549993245 -7.62929631e-08 -0.076948978 -0.00549993245 -7.62929631e-08 -0.074499011 -0.00549993245 -7.62929631e-08 -0.076948978 -0.00549993245 0.000868152885 -0.0745749697 -0.00549993245 0.000868152885 -0.0745749697 -0.00549993245 -7.62929631e-08 -0.076948978 -0.00549993245 0.000442720426 -0.0769877136 -0.00549993245 0.000868152885 -0.0745749697 -0.00549993245 0.000442720426 -0.0769877136 -0.00549993245 0.00170999998 -0.074800536 -0.00549993245 0.00170999998 -0.074800536 -0.00549993245 0.000442720426 -0.0769877136 -0.00549993245 0.00087206671 -0.0771027654 -0.00549993245 0.00170999998 -0.074800536 -0.00549993245 0.00087206671 -0.0771027654 -0.00549993245 0.00249989145 -0.0751688778 -0.00549993245 0.00249989145 -0.0751688778 -0.00549993245 0.00087206671 -0.0771027654 -0.00549993245 0.00127490878 -0.0772906169 -0.00549993245 0.00249989145 -0.0751688778 -0.00549993245 0.00127490878 -0.0772906169 -0.00549993245 0.00321381819 -0.075668782 -0.00549993245 0.00321381819 -0.075668782 -0.00549993245 0.00127490878 -0.0772906169 -0.00549993245 0.00163900934 -0.0775455534 -0.00549993245 0.00321381819 -0.075668782 -0.00549993245 0.00163900934 -0.0775455534 -0.00549993245 0.00383009738 -0.0762850419 -0.00549993245 0.00383009738 -0.0762850419 -0.00549993245 0.00163900934 -0.0775455534 -0.00549993245 0.00195331336 -0.0778598562 -0.00549993245 0.00383009738 -0.0762850419 -0.00549993245 0.00195331336 -0.0778598562 -0.00549993245 0.00432999944 -0.0769989789 -0.00549993245 0.00432999944 -0.0769989789 -0.00549993245 0.00195331336 -0.0778598562 -0.00549993245 0.00220826175 -0.0782239661 -0.00549993245 0.00432999944 -0.0769989789 -0.00549993245 0.00220826175 -0.0782239661 -0.00549993245 0.00469832681 -0.0777888671 -0.00549993245 0.00469832681 -0.0777888671 -0.00549993245 0.00220826175 -0.0782239661 -0.00549993245 0.00239611021 -0.0786268115 -0.00549993245 0.00469832681 -0.0777888671 -0.00549993245 0.00239611021 -0.0786268115 -0.00549993245 0.00492390199 -0.0786307156 -0.00549993245 0.00492390199 -0.0786307156 -0.00549993245 0.00239611021 -0.0786268115 -0.00549993245 0.0025111523 -0.0790561438 -0.00549993245 0.00492390199 -0.0786307156 -0.00549993245 0.0025111523 -0.0790561438 -0.00549993245 0.00499985926 -0.0794989467 -0.00549993245 0.00499985926 -0.0794989467 -0.00549993245 0.0025111523 -0.0790561438 -0.00549993245 0.00254989392 -0.0794989467 -0.00549993245 0.00499985926 -0.0794989467 -0.00549993245 0.00254989392 -0.0794989467 -0.00549993245 0.0025111523 -0.0799417347 -0.00549993291 -0.00220841425 -0.0807739198 -0.00549993291 -0.005000012 -0.0827031881 -0.00549993291 -0.0019534661 -0.0811380371 -0.00549993291 -0.0019534661 -0.0811380371 -0.00549993291 -0.005000012 -0.0827031881 -0.00549993291 -0.00502734771 -0.0830327272 -0.00549993291 -0.0019534661 -0.0811380371 -0.00549993291 -0.00502734771 -0.0830327272 -0.00549993291 -0.00510860747 -0.0833532512 -0.00549993291 -0.00524156308 -0.083656013 -0.00549993291 -0.00542259123 -0.0839327276 -0.00549993291 -0.0019534661 -0.0811380371 -0.00549993291 -0.0019534661 -0.0811380371 -0.00549993291 -0.00542259123 -0.0839327276 -0.00549993291 -0.00564673962 -0.0841758251 -0.00549993291 -0.0019534661 -0.0811380371 -0.00549993291 -0.00564673962 -0.0841758251 -0.00549993291 -0.00437571434 -0.0848861784 -0.00549993291 -0.00437571434 -0.0848861784 -0.00549993291 -0.00564673962 -0.0841758251 -0.00549993291 -0.00590787549 -0.0843786746 -0.00549993291 -0.00437571434 -0.0848861784 -0.00549993291 -0.00590787549 -0.0843786746 -0.00549993291 -0.00619886443 -0.084535718 -0.00549993291 0.00499985926 -0.0794989467 -0.00549993245 0.00499985926 -0.0794989467 -3.47500939e-09 0.00492390199 -0.0786307156 -0.00549993245 0.00492390199 -0.0786307156 -0.00549993245 0.00499985926 -0.0794989467 -3.47500939e-09 0.00492390199 -0.0786307156 -3.43705797e-09 0.00492390199 -0.0786307156 -0.00549993245 0.00492390199 -0.0786307156 -3.43705797e-09 0.00469832681 -0.0777888671 -0.00549993245 0.00469832681 -0.0777888671 -0.00549993245 0.00492390199 -0.0786307156 -3.43705797e-09 0.00469832681 -0.0777888671 -3.40025963e-09 0.00469832681 -0.0777888671 -0.00549993245 0.00469832681 -0.0777888671 -3.40025963e-09 0.00432999944 -0.0769989789 -0.00549993245 0.00432999944 -0.0769989789 -0.00549993245 0.00469832681 -0.0777888671 -3.40025963e-09 0.00432999944 -0.0769989789 -3.36573236e-09 0.00432999944 -0.0769989789 -0.00549993245 0.00432999944 -0.0769989789 -3.36573236e-09 0.00383009738 -0.0762850419 -0.00549993245 0.00383009738 -0.0762850419 -0.00549993245 0.00432999944 -0.0769989789 -3.36573236e-09 0.00383009738 -0.0762850419 -3.33452532e-09 0.00383009738 -0.0762850419 -0.00549993245 0.00383009738 -0.0762850419 -3.33452532e-09 0.00321381819 -0.075668782 -0.00549993245 0.00321381819 -0.075668782 -0.00549993245 0.00383009738 -0.0762850419 -3.33452532e-09 0.00321381819 -0.075668782 -3.30758754e-09 0.00321381819 -0.075668782 -0.00549993245 0.00321381819 -0.075668782 -3.30758754e-09 0.00249989145 -0.0751688778 -0.00549993245 0.00249989145 -0.0751688778 -0.00549993245 0.00321381819 -0.075668782 -3.30758754e-09 0.00249989145 -0.0751688778 -3.28573613e-09 0.00249989145 -0.0751688778 -0.00549993245 0.00249989145 -0.0751688778 -3.28573613e-09 0.00170999998 -0.074800536 -0.00549993245 0.00170999998 -0.074800536 -0.00549993245 0.00249989145 -0.0751688778 -3.28573613e-09 0.00170999998 -0.074800536 -3.26963523e-09 0.00170999998 -0.074800536 -0.00549993245 0.00170999998 -0.074800536 -3.26963523e-09 0.000868152885 -0.0745749697 -0.00549993245 0.000868152885 -0.0745749697 -0.00549993245 0.00170999998 -0.074800536 -3.26963523e-09 0.000868152885 -0.0745749697 -3.25977534e-09 0.000868152885 -0.0745749697 -0.00549993245 0.000868152885 -0.0745749697 -3.25977534e-09 -7.62929631e-08 -0.074499011 -0.00549993245 -7.62929631e-08 -0.074499011 -0.00549993245 0.000868152885 -0.0745749697 -3.25977534e-09 -7.62929631e-08 -0.074499011 -3.25645533e-09 -7.62929631e-08 -0.074499011 -0.00549993245 -7.62929631e-08 -0.074499011 -3.25645533e-09 -0.000868305448 -0.0745749697 -0.00549993245 -0.000868305448 -0.0745749697 -0.00549993245 -7.62929631e-08 -0.074499011 -3.25645533e-09 -0.000868305448 -0.0745749697 -3.25977534e-09 -0.000868305448 -0.0745749697 -0.00549993245 -0.000868305448 -0.0745749697 -3.25977534e-09 -0.00171015249 -0.074800536 -0.00549993245 -0.00171015249 -0.074800536 -0.00549993245 -0.000868305448 -0.0745749697 -3.25977534e-09 -0.00171015249 -0.074800536 -3.26963523e-09 -0.00171015249 -0.074800536 -0.00549993245 -0.00171015249 -0.074800536 -3.26963523e-09 -0.00250004418 -0.0751688778 -0.00549993245 -0.00250004418 -0.0751688778 -0.00549993245 -0.00171015249 -0.074800536 -3.26963523e-09 -0.00250004418 -0.0751688778 -3.28573613e-09 -0.00250004418 -0.0751688778 -0.00549993245 -0.00250004418 -0.0751688778 -3.28573613e-09 -0.00321397069 -0.075668782 -0.00549993245 -0.00321397069 -0.075668782 -0.00549993245 -0.00250004418 -0.0751688778 -3.28573613e-09 -0.00321397069 -0.075668782 -3.30758754e-09 -0.00321397069 -0.075668782 -0.00549993245 -0.00321397069 -0.075668782 -3.30758754e-09 -0.00383025012 -0.0762850419 -0.00549993245 -0.00383025012 -0.0762850419 -0.00549993245 -0.00321397069 -0.075668782 -3.30758754e-09 -0.00383025012 -0.0762850419 -3.33452532e-09 -0.00383025012 -0.0762850419 -0.00549993245 -0.00383025012 -0.0762850419 -3.33452532e-09 -0.00433014426 -0.0769989789 -0.00549993245 -0.00433014426 -0.0769989789 -0.00549993245 -0.00383025012 -0.0762850419 -3.33452532e-09 -0.00433014426 -0.0769989789 -3.36573236e-09 -0.00433014426 -0.0769989789 -0.00549993245 -0.00433014426 -0.0769989789 -3.36573236e-09 -0.00469847908 -0.0777888671 -0.00549993245 -0.00469847908 -0.0777888671 -0.00549993245 -0.00433014426 -0.0769989789 -3.36573236e-09 -0.00469847908 -0.0777888671 -3.40025963e-09 -0.00469847908 -0.0777888671 -0.00549993245 -0.00469847908 -0.0777888671 -3.40025963e-09 -0.00492405472 -0.0786307156 -0.00549993245 -0.00492405472 -0.0786307156 -0.00549993245 -0.00469847908 -0.0777888671 -3.40025963e-09 -0.00492405472 -0.0786307156 -3.43705797e-09 -0.00492405472 -0.0786307156 -0.00549993245 -0.00492405472 -0.0786307156 -3.43705797e-09 -0.005000012 -0.0794989467 -0.00549993245 -0.005000012 -0.0794989467 -0.00549993245 -0.00492405472 -0.0786307156 -3.43705797e-09 -0.005000012 -0.0794989467 -3.47500939e-09 -7.62929631e-08 -0.076948978 -0.00799990073 -7.62929631e-08 -0.076948978 -0.00549993245 -0.000442873017 -0.0769877136 -0.00799990073 -0.000442873017 -0.0769877136 -0.00799990073 -7.62929631e-08 -0.076948978 -0.00549993245 -0.000442873017 -0.0769877136 -0.00549993245 -0.000442873017 -0.0769877136 -0.00799990073 -0.000442873017 -0.0769877136 -0.00549993245 -0.000872219272 -0.0771027654 -0.00799990073 -0.000872219272 -0.0771027654 -0.00799990073 -0.000442873017 -0.0769877136 -0.00549993245 -0.000872219272 -0.0771027654 -0.00549993245 -0.000872219272 -0.0771027654 -0.00799990073 -0.000872219272 -0.0771027654 -0.00549993245 -0.0012750614 -0.0772906169 -0.00799990073 -0.0012750614 -0.0772906169 -0.00799990073 -0.000872219272 -0.0771027654 -0.00549993245 -0.0012750614 -0.0772906169 -0.00549993245 -0.0012750614 -0.0772906169 -0.00799990073 -0.0012750614 -0.0772906169 -0.00549993245 -0.00163916196 -0.0775455534 -0.00799990073 -0.00163916196 -0.0775455534 -0.00799990073 -0.0012750614 -0.0772906169 -0.00549993245 -0.00163916196 -0.0775455534 -0.00549993245 -0.00163916196 -0.0775455534 -0.00799990073 -0.00163916196 -0.0775455534 -0.00549993245 -0.0019534661 -0.0778598562 -0.00799990073 -0.0019534661 -0.0778598562 -0.00799990073 -0.00163916196 -0.0775455534 -0.00549993245 -0.0019534661 -0.0778598562 -0.00549993245 -0.0019534661 -0.0778598562 -0.00799990073 -0.0019534661 -0.0778598562 -0.00549993245 -0.00220841425 -0.0782239661 -0.00799990073 -0.00220841425 -0.0782239661 -0.00799990073 -0.0019534661 -0.0778598562 -0.00549993245 -0.00220841425 -0.0782239661 -0.00549993245 -0.00220841425 -0.0782239661 -0.00799990073 -0.00220841425 -0.0782239661 -0.00549993245 -0.00239626272 -0.0786268115 -0.00799990073 -0.00239626272 -0.0786268115 -0.00799990073 -0.00220841425 -0.0782239661 -0.00549993245 -0.00239626272 -0.0786268115 -0.00549993245 -0.00239626272 -0.0786268115 -0.00799990073 -0.00239626272 -0.0786268115 -0.00549993245 -0.00251130504 -0.0790561438 -0.00799990073 -0.00251130504 -0.0790561438 -0.00799990073 -0.00239626272 -0.0786268115 -0.00549993245 -0.00251130504 -0.0790561438 -0.00549993245 -0.00251130504 -0.0790561438 -0.00799990073 -0.00251130504 -0.0790561438 -0.00549993245 -0.00255003897 -0.0794989467 -0.00799990073 -0.00255003897 -0.0794989467 -0.00799990073 -0.00251130504 -0.0790561438 -0.00549993245 -0.00255003897 -0.0794989467 -0.00549993245 -0.00255003897 -0.0794989467 -0.00799990073 -0.00255003897 -0.0794989467 -0.00549993245 -0.00251130504 -0.0799417347 -0.00799990073 -0.00251130504 -0.0799417347 -0.00799990073 -0.00255003897 -0.0794989467 -0.00549993245 -0.00251130504 -0.0799417347 -0.00549993291 -0.00251130504 -0.0799417347 -0.00799990073 -0.00251130504 -0.0799417347 -0.00549993291 -0.00239626272 -0.0803710967 -0.00799990073 -0.00239626272 -0.0803710967 -0.00799990073 -0.00251130504 -0.0799417347 -0.00549993291 -0.00239626272 -0.0803710967 -0.00549993291 -0.00239626272 -0.0803710967 -0.00799990073 -0.00239626272 -0.0803710967 -0.00549993291 -0.00220841425 -0.0807739198 -0.00799990073 -0.00220841425 -0.0807739198 -0.00799990073 -0.00239626272 -0.0803710967 -0.00549993291 -0.00220841425 -0.0807739198 -0.00549993291 -0.00220841425 -0.0807739198 -0.00799990073 -0.00220841425 -0.0807739198 -0.00549993291 -0.0019534661 -0.0811380371 -0.00799990073 -0.0019534661 -0.0811380371 -0.00799990073 -0.00220841425 -0.0807739198 -0.00549993291 -0.0019534661 -0.0811380371 -0.00549993291 -0.0019534661 -0.0811380371 -0.00799990073 -0.0019534661 -0.0811380371 -0.00549993291 -0.00163916196 -0.0814523324 -0.00799990073 -0.00163916196 -0.0814523324 -0.00799990073 -0.0019534661 -0.0811380371 -0.00549993291 -0.00163916196 -0.0814523324 -0.00549993291 -0.00163916196 -0.0814523324 -0.00799990073 -0.00163916196 -0.0814523324 -0.00549993291 -0.0012750614 -0.0817072764 -0.00799990073 -0.0012750614 -0.0817072764 -0.00799990073 -0.00163916196 -0.0814523324 -0.00549993291 -0.0012750614 -0.0817072764 -0.00549993291 -0.0012750614 -0.0817072764 -0.00799990073 -0.0012750614 -0.0817072764 -0.00549993291 -0.000872219272 -0.0818951279 -0.00799990073 -0.000872219272 -0.0818951279 -0.00799990073 -0.0012750614 -0.0817072764 -0.00549993291 -0.000872219272 -0.0818951279 -0.00549993291 -0.000872219272 -0.0818951279 -0.00799990073 -0.000872219272 -0.0818951279 -0.00549993291 -0.000442873017 -0.0820101723 -0.00799990073 -0.000442873017 -0.0820101723 -0.00799990073 -0.000872219272 -0.0818951279 -0.00549993291 -0.000442873017 -0.0820101723 -0.00549993291 -0.000442873017 -0.0820101723 -0.00799990073 -0.000442873017 -0.0820101723 -0.00549993291 -7.62929631e-08 -0.0820489153 -0.00799990073 -7.62929631e-08 -0.0820489153 -0.00799990073 -0.000442873017 -0.0820101723 -0.00549993291 -7.62929631e-08 -0.0820489153 -0.00549993291 -7.62929631e-08 -0.0820489153 -0.00799990073 -7.62929631e-08 -0.0820489153 -0.00549993291 0.000442720426 -0.0820101723 -0.00799990073 0.000442720426 -0.0820101723 -0.00799990073 -7.62929631e-08 -0.0820489153 -0.00549993291 0.000442720426 -0.0820101723 -0.00549993291 0.000442720426 -0.0820101723 -0.00799990073 0.000442720426 -0.0820101723 -0.00549993291 0.00087206671 -0.0818951279 -0.00799990073 0.00087206671 -0.0818951279 -0.00799990073 0.000442720426 -0.0820101723 -0.00549993291 0.00087206671 -0.0818951279 -0.00549993291 0.00087206671 -0.0818951279 -0.00799990073 0.00087206671 -0.0818951279 -0.00549993291 0.00127490878 -0.0817072764 -0.00799990073 0.00127490878 -0.0817072764 -0.00799990073 0.00087206671 -0.0818951279 -0.00549993291 0.00127490878 -0.0817072764 -0.00549993291 0.00127490878 -0.0817072764 -0.00799990073 0.00127490878 -0.0817072764 -0.00549993291 0.00163900934 -0.0814523324 -0.00799990073 0.00163900934 -0.0814523324 -0.00799990073 0.00127490878 -0.0817072764 -0.00549993291 0.00163900934 -0.0814523324 -0.00549993291 0.00163900934 -0.0814523324 -0.00799990073 0.00163900934 -0.0814523324 -0.00549993291 0.00195331336 -0.0811380371 -0.00799990073 0.00195331336 -0.0811380371 -0.00799990073 0.00163900934 -0.0814523324 -0.00549993291 0.00195331336 -0.0811380371 -0.00549993291 0.00195331336 -0.0811380371 -0.00799990073 0.00195331336 -0.0811380371 -0.00549993291 0.00220826175 -0.0807739198 -0.00799990073 0.00220826175 -0.0807739198 -0.00799990073 0.00195331336 -0.0811380371 -0.00549993291 0.00220826175 -0.0807739198 -0.00549993291 0.00220826175 -0.0807739198 -0.00799990073 0.00220826175 -0.0807739198 -0.00549993291 0.00239611021 -0.0803710967 -0.00799990073 0.00239611021 -0.0803710967 -0.00799990073 0.00220826175 -0.0807739198 -0.00549993291 0.00239611021 -0.0803710967 -0.00549993291 0.00239611021 -0.0803710967 -0.00799990073 0.00239611021 -0.0803710967 -0.00549993291 0.0025111523 -0.0799417347 -0.00799990073 0.0025111523 -0.0799417347 -0.00799990073 0.00239611021 -0.0803710967 -0.00549993291 0.0025111523 -0.0799417347 -0.00549993291 0.0025111523 -0.0799417347 -0.00799990073 0.0025111523 -0.0799417347 -0.00549993291 0.00254989392 -0.0794989467 -0.00799990073 0.00254989392 -0.0794989467 -0.00799990073 0.0025111523 -0.0799417347 -0.00549993291 0.00254989392 -0.0794989467 -0.00549993245 0.00254989392 -0.0794989467 -0.00799990073 0.00254989392 -0.0794989467 -0.00549993245 0.0025111523 -0.0790561438 -0.00799990073 0.0025111523 -0.0790561438 -0.00799990073 0.00254989392 -0.0794989467 -0.00549993245 0.0025111523 -0.0790561438 -0.00549993245 0.0025111523 -0.0790561438 -0.00799990073 0.0025111523 -0.0790561438 -0.00549993245 0.00239611021 -0.0786268115 -0.00799990073 0.00239611021 -0.0786268115 -0.00799990073 0.0025111523 -0.0790561438 -0.00549993245 0.00239611021 -0.0786268115 -0.00549993245 0.00239611021 -0.0786268115 -0.00799990073 0.00239611021 -0.0786268115 -0.00549993245 0.00220826175 -0.0782239661 -0.00799990073 0.00220826175 -0.0782239661 -0.00799990073 0.00239611021 -0.0786268115 -0.00549993245 0.00220826175 -0.0782239661 -0.00549993245 0.00220826175 -0.0782239661 -0.00799990073 0.00220826175 -0.0782239661 -0.00549993245 0.00195331336 -0.0778598562 -0.00799990073 0.00195331336 -0.0778598562 -0.00799990073 0.00220826175 -0.0782239661 -0.00549993245 0.00195331336 -0.0778598562 -0.00549993245 0.00195331336 -0.0778598562 -0.00799990073 0.00195331336 -0.0778598562 -0.00549993245 0.00163900934 -0.0775455534 -0.00799990073 0.00163900934 -0.0775455534 -0.00799990073 0.00195331336 -0.0778598562 -0.00549993245 0.00163900934 -0.0775455534 -0.00549993245 0.00163900934 -0.0775455534 -0.00799990073 0.00163900934 -0.0775455534 -0.00549993245 0.00127490878 -0.0772906169 -0.00799990073 0.00127490878 -0.0772906169 -0.00799990073 0.00163900934 -0.0775455534 -0.00549993245 0.00127490878 -0.0772906169 -0.00549993245 0.00127490878 -0.0772906169 -0.00799990073 0.00127490878 -0.0772906169 -0.00549993245 0.00087206671 -0.0771027654 -0.00799990073 0.00087206671 -0.0771027654 -0.00799990073 0.00127490878 -0.0772906169 -0.00549993245 0.00087206671 -0.0771027654 -0.00549993245 0.00087206671 -0.0771027654 -0.00799990073 0.00087206671 -0.0771027654 -0.00549993245 0.000442720426 -0.0769877136 -0.00799990073 0.000442720426 -0.0769877136 -0.00799990073 0.00087206671 -0.0771027654 -0.00549993245 0.000442720426 -0.0769877136 -0.00549993245 0.000442720426 -0.0769877136 -0.00799990073 0.000442720426 -0.0769877136 -0.00549993245 -7.62929631e-08 -0.076948978 -0.00799990073 -7.62929631e-08 -0.076948978 -0.00799990073 0.000442720426 -0.0769877136 -0.00549993245 -7.62929631e-08 -0.076948978 -0.00549993245 -0.0827033073 -0.00499990489 -2.18552801e-10 -0.0794990435 -0.00499990489 -2.18552801e-10 -0.0827033073 -0.00499990443 -0.00549992919 -0.0827033073 -0.00499990443 -0.00549992919 -0.0794990435 -0.00499990489 -2.18552801e-10 -0.0794990435 -0.00499990443 -0.00549992919 -0.0827033073 0.00499996683 -0.00549992919 -0.0794990435 0.00499996683 -0.00549992919 -0.0827033073 0.00499996636 2.18555465e-10 -0.0827033073 0.00499996636 2.18555465e-10 -0.0794990435 0.00499996683 -0.00549992919 -0.0794990435 0.00499996636 2.18555465e-10 -0.0849708095 0.0021885708 -0.00549992919 -0.0847454667 -0.00655979803 -0.00549992966 -0.0818952397 -0.000872112229 -0.00549992919 -0.0827033073 -0.00499990443 -0.00549992919 -0.0794990435 -0.00499990443 -0.00549992919 -0.0799418464 -0.00251119793 -0.00549992919 -0.0847454667 -0.00655979803 -0.00549992966 -0.0846961513 -0.00716855517 -0.00549992966 -0.0846967101 -0.00683788583 -0.00549992966 -0.0818952397 -0.000872112229 -0.00549992919 -0.0820102841 -0.000442765973 -0.00549992919 -0.0849708095 0.0021885708 -0.00549992919 -0.0849708095 0.0021885708 -0.00549992919 -0.0820102841 -0.000442765973 -0.00549992919 -0.0820490196 3.07575938e-08 -0.00549992919 -0.0849708095 0.0021885708 -0.00549992919 -0.0820490196 3.07575938e-08 -0.00549992919 -0.0820102841 0.00044282747 -0.00549992919 -0.0846967101 -0.00683788583 -0.00549992966 -0.0846427679 -0.00651164958 -0.00549992966 -0.0847454667 -0.00655979803 -0.00549992966 -0.0847454667 -0.00655979803 -0.00549992966 -0.0846427679 -0.00651164958 -0.00549992966 -0.0845358148 -0.00619876478 -0.00549992966 -0.0847454667 -0.00655979803 -0.00549992966 -0.0845358148 -0.00619876478 -0.00549992966 -0.0818952397 -0.000872112229 -0.00549992919 -0.0818952397 -0.000872112229 -0.00549992919 -0.0845358148 -0.00619876478 -0.00549992966 -0.0843787715 -0.00590776792 -0.00549992966 -0.0818952397 -0.000872112229 -0.00549992919 -0.0843787715 -0.00590776792 -0.00549992966 -0.0817073882 -0.00127495441 -0.00549992919 -0.0817073882 -0.00127495441 -0.00549992919 -0.0843787715 -0.00590776792 -0.00549992966 -0.0814524442 -0.00163905486 -0.00549992919 -0.0814524442 -0.00163905486 -0.00549992919 -0.0843787715 -0.00590776792 -0.00549992966 -0.0841759294 -0.00564663252 -0.00549992966 -0.0814524442 -0.00163905486 -0.00549992919 -0.0841759294 -0.00564663252 -0.00549992966 -0.0811381415 -0.00195335899 -0.00549992919 -0.0811381415 -0.00195335899 -0.00549992919 -0.0841759294 -0.00564663252 -0.00549992966 -0.0839328244 -0.00542248366 -0.00549992966 -0.0811381415 -0.00195335899 -0.00549992919 -0.0839328244 -0.00542248366 -0.00549992966 -0.0836561099 -0.00524145598 -0.00549992919 -0.0820102841 0.00044282747 -0.00549992919 -0.0818952397 0.000872173754 -0.00549992919 -0.0849708095 0.0021885708 -0.00549992919 -0.0849708095 0.0021885708 -0.00549992919 -0.0818952397 0.000872173754 -0.00549992919 -0.0817073882 0.00127501588 -0.00549992919 -0.0849708095 0.0021885708 -0.00549992919 -0.0817073882 0.00127501588 -0.00549992919 -0.0814524442 0.00163911644 -0.00549992919 -0.0799418464 -0.00251119793 -0.00549992919 -0.0803711936 -0.00239615585 -0.00549992919 -0.0827033073 -0.00499990443 -0.00549992919 -0.0827033073 -0.00499990443 -0.00549992919 -0.0803711936 -0.00239615585 -0.00549992919 -0.080774039 -0.00220830715 -0.00549992919 -0.0827033073 -0.00499990443 -0.00549992919 -0.080774039 -0.00220830715 -0.00549992919 -0.083032839 -0.00502724061 -0.00549992919 -0.083032839 -0.00502724061 -0.00549992919 -0.080774039 -0.00220830715 -0.00549992919 -0.0811381415 -0.00195335899 -0.00549992919 -0.083032839 -0.00502724061 -0.00549992919 -0.0811381415 -0.00195335899 -0.00549992919 -0.083353363 -0.0051084999 -0.00549992919 -0.083353363 -0.0051084999 -0.00549992919 -0.0811381415 -0.00195335899 -0.00549992919 -0.0836561099 -0.00524145598 -0.00549992919 -0.0846961513 0.00716860918 -0.00549992872 -0.0849708095 0.0021885708 -0.00549992919 -0.0846967101 0.00683794823 -0.00549992872 -0.0846967101 0.00683794823 -0.00549992872 -0.0849708095 0.0021885708 -0.00549992919 -0.0846427679 0.00651171152 -0.00549992872 -0.0811381415 0.00195342046 -0.00549992919 -0.0841759294 0.00564669445 -0.00549992872 -0.0814524442 0.00163911644 -0.00549992919 -0.0814524442 0.00163911644 -0.00549992919 -0.0841759294 0.00564669445 -0.00549992872 -0.0843787715 0.00590782985 -0.00549992872 -0.0814524442 0.00163911644 -0.00549992919 -0.0843787715 0.00590782985 -0.00549992872 -0.0849708095 0.0021885708 -0.00549992919 -0.0849708095 0.0021885708 -0.00549992919 -0.0843787715 0.00590782985 -0.00549992872 -0.0845358148 0.0061988188 -0.00549992872 -0.0849708095 0.0021885708 -0.00549992919 -0.0845358148 0.0061988188 -0.00549992872 -0.0846427679 0.00651171152 -0.00549992872 -0.0827033073 0.00499996683 -0.00549992919 -0.083032839 0.00502730254 -0.00549992919 -0.0811381415 0.00195342046 -0.00549992919 -0.0811381415 0.00195342046 -0.00549992919 -0.083032839 0.00502730254 -0.00549992919 -0.083353363 0.00510856183 -0.00549992919 -0.0811381415 0.00195342046 -0.00549992919 -0.080774039 0.00220836862 -0.00549992919 -0.0827033073 0.00499996683 -0.00549992919 -0.0827033073 0.00499996683 -0.00549992919 -0.080774039 0.00220836862 -0.00549992919 -0.0803711936 0.00239621731 -0.00549992919 -0.0827033073 0.00499996683 -0.00549992919 -0.0803711936 0.00239621731 -0.00549992919 -0.0794990435 0.00499996683 -0.00549992919 -0.0803711936 0.00239621731 -0.00549992919 -0.0799418464 0.0025112594 -0.00549992919 -0.0794990435 0.00499996683 -0.00549992919 -0.0794990435 0.00499996683 -0.00549992919 -0.0799418464 0.0025112594 -0.00549992919 -0.0794990435 0.00254999334 -0.00549992919 -0.0794990435 0.00499996683 -0.00549992919 -0.0794990435 0.00254999334 -0.00549992919 -0.0786308199 0.00492400955 -0.00549992919 -0.0786308199 0.00492400955 -0.00549992919 -0.0794990435 0.00254999334 -0.00549992919 -0.0790562481 0.0025112594 -0.00549992919 -0.0786308199 0.00492400955 -0.00549992919 -0.0790562481 0.0025112594 -0.00549992919 -0.0777889788 0.00469843391 -0.00549992919 -0.0777889788 0.00469843391 -0.00549992919 -0.0790562481 0.0025112594 -0.00549992919 -0.0786269084 0.00239621731 -0.00549992919 -0.0777889788 0.00469843391 -0.00549992919 -0.0786269084 0.00239621731 -0.00549992919 -0.0769990832 0.00433009909 -0.00549992919 -0.0769990832 0.00433009909 -0.00549992919 -0.0786269084 0.00239621731 -0.00549992919 -0.0782240704 0.00220836862 -0.00549992919 -0.0769990832 0.00433009909 -0.00549992919 -0.0782240704 0.00220836862 -0.00549992919 -0.0762851611 0.00383020448 -0.00549992919 -0.0762851611 0.00383020448 -0.00549992919 -0.0782240704 0.00220836862 -0.00549992919 -0.0778599679 0.00195342046 -0.00549992919 -0.0762851611 0.00383020448 -0.00549992919 -0.0778599679 0.00195342046 -0.00549992919 -0.0756688789 0.00321392529 -0.00549992919 -0.0756688789 0.00321392529 -0.00549992919 -0.0778599679 0.00195342046 -0.00549992919 -0.0775456652 0.00163911644 -0.00549992919 -0.0756688789 0.00321392529 -0.00549992919 -0.0775456652 0.00163911644 -0.00549992919 -0.0751689821 0.00249999855 -0.00549992919 -0.0751689821 0.00249999855 -0.00549992919 -0.0775456652 0.00163911644 -0.00549992919 -0.0772907138 0.00127501588 -0.00549992919 -0.0751689821 0.00249999855 -0.00549992919 -0.0772907138 0.00127501588 -0.00549992919 -0.0748006478 0.00171010697 -0.00549992919 -0.0748006478 0.00171010697 -0.00549992919 -0.0772907138 0.00127501588 -0.00549992919 -0.0771028697 0.000872173754 -0.00549992919 -0.0748006478 0.00171010697 -0.00549992919 -0.0771028697 0.000872173754 -0.00549992919 -0.074575074 0.000868259929 -0.00549992919 -0.074575074 0.000868259929 -0.00549992919 -0.0771028697 0.000872173754 -0.00549992919 -0.0769878253 0.00044282747 -0.00549992919 -0.074575074 0.000868259929 -0.00549992919 -0.0769878253 0.00044282747 -0.00549992919 -0.0744991153 3.07575938e-08 -0.00549992919 -0.0744991153 3.07575938e-08 -0.00549992919 -0.0769878253 0.00044282747 -0.00549992919 -0.0769490823 3.07575938e-08 -0.00549992919 -0.0744991153 3.07575938e-08 -0.00549992919 -0.0769490823 3.07575938e-08 -0.00549992919 -0.074575074 -0.000868198404 -0.00549992919 -0.074575074 -0.000868198404 -0.00549992919 -0.0769490823 3.07575938e-08 -0.00549992919 -0.0769878253 -0.000442765973 -0.00549992919 -0.074575074 -0.000868198404 -0.00549992919 -0.0769878253 -0.000442765973 -0.00549992919 -0.0748006478 -0.0017100455 -0.00549992919 -0.0748006478 -0.0017100455 -0.00549992919 -0.0769878253 -0.000442765973 -0.00549992919 -0.0771028697 -0.000872112229 -0.00549992919 -0.0748006478 -0.0017100455 -0.00549992919 -0.0771028697 -0.000872112229 -0.00549992919 -0.0751689821 -0.00249993708 -0.00549992919 -0.0751689821 -0.00249993708 -0.00549992919 -0.0771028697 -0.000872112229 -0.00549992919 -0.0772907138 -0.00127495441 -0.00549992919 -0.0751689821 -0.00249993708 -0.00549992919 -0.0772907138 -0.00127495441 -0.00549992919 -0.0756688789 -0.00321386382 -0.00549992919 -0.0756688789 -0.00321386382 -0.00549992919 -0.0772907138 -0.00127495441 -0.00549992919 -0.0775456652 -0.00163905486 -0.00549992919 -0.0756688789 -0.00321386382 -0.00549992919 -0.0775456652 -0.00163905486 -0.00549992919 -0.0762851611 -0.00383014302 -0.00549992919 -0.0762851611 -0.00383014302 -0.00549992919 -0.0775456652 -0.00163905486 -0.00549992919 -0.0778599679 -0.00195335899 -0.00549992919 -0.0762851611 -0.00383014302 -0.00549992919 -0.0778599679 -0.00195335899 -0.00549992919 -0.0769990832 -0.00433004461 -0.00549992919 -0.0769990832 -0.00433004461 -0.00549992919 -0.0778599679 -0.00195335899 -0.00549992919 -0.0782240704 -0.00220830715 -0.00549992919 -0.0769990832 -0.00433004461 -0.00549992919 -0.0782240704 -0.00220830715 -0.00549992919 -0.0777889788 -0.00469837198 -0.00549992919 -0.0777889788 -0.00469837198 -0.00549992919 -0.0782240704 -0.00220830715 -0.00549992919 -0.0786269084 -0.00239615585 -0.00549992919 -0.0777889788 -0.00469837198 -0.00549992919 -0.0786269084 -0.00239615585 -0.00549992919 -0.0786308199 -0.00492394716 -0.00549992919 -0.0786308199 -0.00492394716 -0.00549992919 -0.0786269084 -0.00239615585 -0.00549992919 -0.0790562481 -0.00251119793 -0.00549992919 -0.0786308199 -0.00492394716 -0.00549992919 -0.0790562481 -0.00251119793 -0.00549992919 -0.0794990435 -0.00499990443 -0.00549992919 -0.0794990435 -0.00499990443 -0.00549992919 -0.0790562481 -0.00251119793 -0.00549992919 -0.0794990435 -0.00254993956 -0.00549992919 -0.0794990435 -0.00499990443 -0.00549992919 -0.0794990435 -0.00254993956 -0.00549992919 -0.0799418464 -0.00251119793 -0.00549992919 -0.083353363 0.00510856183 -0.00549992919 -0.0836561099 0.00524151791 -0.00549992919 -0.0811381415 0.00195342046 -0.00549992919 -0.0811381415 0.00195342046 -0.00549992919 -0.0836561099 0.00524151791 -0.00549992919 -0.0839328244 0.0054225456 -0.00549992872 -0.0811381415 0.00195342046 -0.00549992919 -0.0839328244 0.0054225456 -0.00549992872 -0.0841759294 0.00564669445 -0.00549992872 -0.0794990435 -0.00499990443 -0.00549992919 -0.0794990435 -0.00499990489 -2.18552801e-10 -0.0786308199 -0.00492394716 -0.00549992919 -0.0786308199 -0.00492394716 -0.00549992919 -0.0794990435 -0.00499990489 -2.18552801e-10 -0.0786308199 -0.00492394762 -2.15232596e-10 -0.0786308199 -0.00492394716 -0.00549992919 -0.0786308199 -0.00492394762 -2.15232596e-10 -0.0777889788 -0.00469837198 -0.00549992919 -0.0777889788 -0.00469837198 -0.00549992919 -0.0786308199 -0.00492394762 -2.15232596e-10 -0.0777889788 -0.00469837245 -2.05372386e-10 -0.0777889788 -0.00469837198 -0.00549992919 -0.0777889788 -0.00469837245 -2.05372386e-10 -0.0769990832 -0.00433004461 -0.00549992919 -0.0769990832 -0.00433004461 -0.00549992919 -0.0777889788 -0.00469837245 -2.05372386e-10 -0.0769990832 -0.00433004508 -1.89272292e-10 -0.0769990832 -0.00433004461 -0.00549992919 -0.0769990832 -0.00433004508 -1.89272292e-10 -0.0762851611 -0.00383014302 -0.00549992919 -0.0762851611 -0.00383014302 -0.00549992919 -0.0769990832 -0.00433004508 -1.89272292e-10 -0.0762851611 -0.00383014325 -1.67420883e-10 -0.0762851611 -0.00383014302 -0.00549992919 -0.0762851611 -0.00383014325 -1.67420883e-10 -0.0756688789 -0.00321386382 -0.00549992919 -0.0756688789 -0.00321386382 -0.00549992919 -0.0762851611 -0.00383014325 -1.67420883e-10 -0.0756688789 -0.00321386405 -1.40482459e-10 -0.0756688789 -0.00321386382 -0.00549992919 -0.0756688789 -0.00321386405 -1.40482459e-10 -0.0751689821 -0.00249993708 -0.00549992919 -0.0751689821 -0.00249993708 -0.00549992919 -0.0756688789 -0.00321386405 -1.40482459e-10 -0.0751689821 -0.00249993731 -1.09275734e-10 -0.0751689821 -0.00249993708 -0.00549992919 -0.0751689821 -0.00249993731 -1.09275734e-10 -0.0748006478 -0.0017100455 -0.00549992919 -0.0748006478 -0.0017100455 -0.00549992919 -0.0751689821 -0.00249993731 -1.09275734e-10 -0.0748006478 -0.00171004573 -7.47484782e-11 -0.0748006478 -0.0017100455 -0.00549992919 -0.0748006478 -0.00171004573 -7.47484782e-11 -0.074575074 -0.000868198404 -0.00549992919 -0.074575074 -0.000868198404 -0.00549992919 -0.0748006478 -0.00171004573 -7.47484782e-11 -0.074575074 -0.000868198636 -3.79501708e-11 -0.074575074 -0.000868198404 -0.00549992919 -0.074575074 -0.000868198636 -3.79501708e-11 -0.0744991153 3.07575938e-08 -0.00549992919 -0.0744991153 3.07575938e-08 -0.00549992919 -0.074575074 -0.000868198636 -3.79501708e-11 -0.0744991153 3.05171852e-08 1.33394857e-15 -0.0744991153 3.07575938e-08 -0.00549992919 -0.0744991153 3.05171852e-08 1.33394857e-15 -0.074575074 0.000868259929 -0.00549992919 -0.074575074 0.000868259929 -0.00549992919 -0.0744991153 3.05171852e-08 1.33394857e-15 -0.074575074 0.000868259696 3.79528388e-11 -0.074575074 0.000868259929 -0.00549992919 -0.074575074 0.000868259696 3.79528388e-11 -0.0748006478 0.00171010697 -0.00549992919 -0.0748006478 0.00171010697 -0.00549992919 -0.074575074 0.000868259696 3.79528388e-11 -0.0748006478 0.00171010674 7.47511428e-11 -0.0748006478 0.00171010697 -0.00549992919 -0.0748006478 0.00171010674 7.47511428e-11 -0.0751689821 0.00249999855 -0.00549992919 -0.0751689821 0.00249999855 -0.00549992919 -0.0748006478 0.00171010674 7.47511428e-11 -0.0751689821 0.00249999831 1.09278399e-10 -0.0751689821 0.00249999855 -0.00549992919 -0.0751689821 0.00249999831 1.09278399e-10 -0.0756688789 0.00321392529 -0.00549992919 -0.0756688789 0.00321392529 -0.00549992919 -0.0751689821 0.00249999831 1.09278399e-10 -0.0756688789 0.00321392505 1.40485124e-10 -0.0756688789 0.00321392529 -0.00549992919 -0.0756688789 0.00321392505 1.40485124e-10 -0.0762851611 0.00383020448 -0.00549992919 -0.0762851611 0.00383020448 -0.00549992919 -0.0756688789 0.00321392505 1.40485124e-10 -0.0762851611 0.00383020425 1.67423547e-10 -0.0762851611 0.00383020448 -0.00549992919 -0.0762851611 0.00383020425 1.67423547e-10 -0.0769990832 0.00433009909 -0.00549992919 -0.0769990832 0.00433009909 -0.00549992919 -0.0762851611 0.00383020425 1.67423547e-10 -0.0769990832 0.00433009863 1.89274624e-10 -0.0769990832 0.00433009909 -0.00549992919 -0.0769990832 0.00433009863 1.89274624e-10 -0.0777889788 0.00469843391 -0.00549992919 -0.0777889788 0.00469843391 -0.00549992919 -0.0769990832 0.00433009863 1.89274624e-10 -0.0777889788 0.00469843345 2.0537505e-10 -0.0777889788 0.00469843391 -0.00549992919 -0.0777889788 0.00469843345 2.0537505e-10 -0.0786308199 0.00492400955 -0.00549992919 -0.0786308199 0.00492400955 -0.00549992919 -0.0777889788 0.00469843345 2.0537505e-10 -0.0786308199 0.00492400909 2.15235274e-10 -0.0786308199 0.00492400955 -0.00549992919 -0.0786308199 0.00492400909 2.15235274e-10 -0.0794990435 0.00499996683 -0.00549992919 -0.0794990435 0.00499996683 -0.00549992919 -0.0786308199 0.00492400909 2.15235274e-10 -0.0794990435 0.00499996636 2.18555465e-10 -0.0769490823 3.08668717e-08 -0.007999897 -0.0769490823 3.07575938e-08 -0.00549992919 -0.0769878253 0.000442827586 -0.007999897 -0.0769878253 0.000442827586 -0.007999897 -0.0769490823 3.07575938e-08 -0.00549992919 -0.0769878253 0.00044282747 -0.00549992919 -0.0769878253 0.000442827586 -0.007999897 -0.0769878253 0.00044282747 -0.00549992919 -0.0771028697 0.00087217387 -0.007999897 -0.0771028697 0.00087217387 -0.007999897 -0.0769878253 0.00044282747 -0.00549992919 -0.0771028697 0.000872173754 -0.00549992919 -0.0771028697 0.00087217387 -0.007999897 -0.0771028697 0.000872173754 -0.00549992919 -0.0772907138 0.00127501599 -0.007999897 -0.0772907138 0.00127501599 -0.007999897 -0.0771028697 0.000872173754 -0.00549992919 -0.0772907138 0.00127501588 -0.00549992919 -0.0772907138 0.00127501599 -0.007999897 -0.0772907138 0.00127501588 -0.00549992919 -0.0775456652 0.00163911656 -0.007999897 -0.0775456652 0.00163911656 -0.007999897 -0.0772907138 0.00127501588 -0.00549992919 -0.0775456652 0.00163911644 -0.00549992919 -0.0775456652 0.00163911656 -0.007999897 -0.0775456652 0.00163911644 -0.00549992919 -0.0778599679 0.00195342069 -0.007999897 -0.0778599679 0.00195342069 -0.007999897 -0.0775456652 0.00163911644 -0.00549992919 -0.0778599679 0.00195342046 -0.00549992919 -0.0778599679 0.00195342069 -0.007999897 -0.0778599679 0.00195342046 -0.00549992919 -0.0782240704 0.00220836885 -0.007999897 -0.0782240704 0.00220836885 -0.007999897 -0.0778599679 0.00195342046 -0.00549992919 -0.0782240704 0.00220836862 -0.00549992919 -0.0782240704 0.00220836885 -0.007999897 -0.0782240704 0.00220836862 -0.00549992919 -0.0786269084 0.00239621755 -0.007999897 -0.0786269084 0.00239621755 -0.007999897 -0.0782240704 0.00220836862 -0.00549992919 -0.0786269084 0.00239621731 -0.00549992919 -0.0786269084 0.00239621755 -0.007999897 -0.0786269084 0.00239621731 -0.00549992919 -0.0790562481 0.00251125963 -0.007999897 -0.0790562481 0.00251125963 -0.007999897 -0.0786269084 0.00239621731 -0.00549992919 -0.0790562481 0.0025112594 -0.00549992919 -0.0790562481 0.00251125963 -0.007999897 -0.0790562481 0.0025112594 -0.00549992919 -0.0794990435 0.00254999357 -0.007999897 -0.0794990435 0.00254999357 -0.007999897 -0.0790562481 0.0025112594 -0.00549992919 -0.0794990435 0.00254999334 -0.00549992919 -0.0794990435 0.00254999357 -0.007999897 -0.0794990435 0.00254999334 -0.00549992919 -0.0799418464 0.00251125963 -0.007999897 -0.0799418464 0.00251125963 -0.007999897 -0.0794990435 0.00254999334 -0.00549992919 -0.0799418464 0.0025112594 -0.00549992919 -0.0799418464 0.00251125963 -0.007999897 -0.0799418464 0.0025112594 -0.00549992919 -0.0803711936 0.00239621755 -0.007999897 -0.0803711936 0.00239621755 -0.007999897 -0.0799418464 0.0025112594 -0.00549992919 -0.0803711936 0.00239621731 -0.00549992919 -0.0803711936 0.00239621755 -0.007999897 -0.0803711936 0.00239621731 -0.00549992919 -0.080774039 0.00220836885 -0.007999897 -0.080774039 0.00220836885 -0.007999897 -0.0803711936 0.00239621731 -0.00549992919 -0.080774039 0.00220836862 -0.00549992919 -0.080774039 0.00220836885 -0.007999897 -0.080774039 0.00220836862 -0.00549992919 -0.0811381415 0.00195342069 -0.007999897 -0.0811381415 0.00195342069 -0.007999897 -0.080774039 0.00220836862 -0.00549992919 -0.0811381415 0.00195342046 -0.00549992919 -0.0811381415 0.00195342069 -0.007999897 -0.0811381415 0.00195342046 -0.00549992919 -0.0814524442 0.00163911656 -0.007999897 -0.0814524442 0.00163911656 -0.007999897 -0.0811381415 0.00195342046 -0.00549992919 -0.0814524442 0.00163911644 -0.00549992919 -0.0814524442 0.00163911656 -0.007999897 -0.0814524442 0.00163911644 -0.00549992919 -0.0817073882 0.00127501599 -0.007999897 -0.0817073882 0.00127501599 -0.007999897 -0.0814524442 0.00163911644 -0.00549992919 -0.0817073882 0.00127501588 -0.00549992919 -0.0817073882 0.00127501599 -0.007999897 -0.0817073882 0.00127501588 -0.00549992919 -0.0818952397 0.00087217387 -0.007999897 -0.0818952397 0.00087217387 -0.007999897 -0.0817073882 0.00127501588 -0.00549992919 -0.0818952397 0.000872173754 -0.00549992919 -0.0818952397 0.00087217387 -0.007999897 -0.0818952397 0.000872173754 -0.00549992919 -0.0820102841 0.000442827586 -0.007999897 -0.0820102841 0.000442827586 -0.007999897 -0.0818952397 0.000872173754 -0.00549992919 -0.0820102841 0.00044282747 -0.00549992919 -0.0820102841 0.000442827586 -0.007999897 -0.0820102841 0.00044282747 -0.00549992919 -0.0820490196 3.08668717e-08 -0.007999897 -0.0820490196 3.08668717e-08 -0.007999897 -0.0820102841 0.00044282747 -0.00549992919 -0.0820490196 3.07575938e-08 -0.00549992919 -0.0820490196 3.08668717e-08 -0.007999897 -0.0820490196 3.07575938e-08 -0.00549992919 -0.0820102841 -0.000442765857 -0.007999897 -0.0820102841 -0.000442765857 -0.007999897 -0.0820490196 3.07575938e-08 -0.00549992919 -0.0820102841 -0.000442765973 -0.00549992919 -0.0820102841 -0.000442765857 -0.007999897 -0.0820102841 -0.000442765973 -0.00549992919 -0.0818952397 -0.000872112112 -0.007999897 -0.0818952397 -0.000872112112 -0.007999897 -0.0820102841 -0.000442765973 -0.00549992919 -0.0818952397 -0.000872112229 -0.00549992919 -0.0818952397 -0.000872112112 -0.007999897 -0.0818952397 -0.000872112229 -0.00549992919 -0.0817073882 -0.00127495429 -0.007999897 -0.0817073882 -0.00127495429 -0.007999897 -0.0818952397 -0.000872112229 -0.00549992919 -0.0817073882 -0.00127495441 -0.00549992919 -0.0817073882 -0.00127495429 -0.007999897 -0.0817073882 -0.00127495441 -0.00549992919 -0.0814524442 -0.00163905474 -0.007999897 -0.0814524442 -0.00163905474 -0.007999897 -0.0817073882 -0.00127495441 -0.00549992919 -0.0814524442 -0.00163905486 -0.00549992919 -0.0814524442 -0.00163905474 -0.007999897 -0.0814524442 -0.00163905486 -0.00549992919 -0.0811381415 -0.00195335876 -0.007999897 -0.0811381415 -0.00195335876 -0.007999897 -0.0814524442 -0.00163905486 -0.00549992919 -0.0811381415 -0.00195335899 -0.00549992919 -0.0811381415 -0.00195335876 -0.007999897 -0.0811381415 -0.00195335899 -0.00549992919 -0.080774039 -0.00220830692 -0.007999897 -0.080774039 -0.00220830692 -0.007999897 -0.0811381415 -0.00195335899 -0.00549992919 -0.080774039 -0.00220830715 -0.00549992919 -0.080774039 -0.00220830692 -0.007999897 -0.080774039 -0.00220830715 -0.00549992919 -0.0803711936 -0.00239615561 -0.007999897 -0.0803711936 -0.00239615561 -0.007999897 -0.080774039 -0.00220830715 -0.00549992919 -0.0803711936 -0.00239615585 -0.00549992919 -0.0803711936 -0.00239615561 -0.007999897 -0.0803711936 -0.00239615585 -0.00549992919 -0.0799418464 -0.0025111977 -0.007999897 -0.0799418464 -0.0025111977 -0.007999897 -0.0803711936 -0.00239615585 -0.00549992919 -0.0799418464 -0.00251119793 -0.00549992919 -0.0799418464 -0.0025111977 -0.007999897 -0.0799418464 -0.00251119793 -0.00549992919 -0.0794990435 -0.00254993932 -0.007999897 -0.0794990435 -0.00254993932 -0.007999897 -0.0799418464 -0.00251119793 -0.00549992919 -0.0794990435 -0.00254993956 -0.00549992919 -0.0794990435 -0.00254993932 -0.007999897 -0.0794990435 -0.00254993956 -0.00549992919 -0.0790562481 -0.0025111977 -0.007999897 -0.0790562481 -0.0025111977 -0.007999897 -0.0794990435 -0.00254993956 -0.00549992919 -0.0790562481 -0.00251119793 -0.00549992919 -0.0790562481 -0.0025111977 -0.007999897 -0.0790562481 -0.00251119793 -0.00549992919 -0.0786269084 -0.00239615561 -0.007999897 -0.0786269084 -0.00239615561 -0.007999897 -0.0790562481 -0.00251119793 -0.00549992919 -0.0786269084 -0.00239615585 -0.00549992919 -0.0786269084 -0.00239615561 -0.007999897 -0.0786269084 -0.00239615585 -0.00549992919 -0.0782240704 -0.00220830692 -0.007999897 -0.0782240704 -0.00220830692 -0.007999897 -0.0786269084 -0.00239615585 -0.00549992919 -0.0782240704 -0.00220830715 -0.00549992919 -0.0782240704 -0.00220830692 -0.007999897 -0.0782240704 -0.00220830715 -0.00549992919 -0.0778599679 -0.00195335876 -0.007999897 -0.0778599679 -0.00195335876 -0.007999897 -0.0782240704 -0.00220830715 -0.00549992919 -0.0778599679 -0.00195335899 -0.00549992919 -0.0778599679 -0.00195335876 -0.007999897 -0.0778599679 -0.00195335899 -0.00549992919 -0.0775456652 -0.00163905474 -0.007999897 -0.0775456652 -0.00163905474 -0.007999897 -0.0778599679 -0.00195335899 -0.00549992919 -0.0775456652 -0.00163905486 -0.00549992919 -0.0775456652 -0.00163905474 -0.007999897 -0.0775456652 -0.00163905486 -0.00549992919 -0.0772907138 -0.00127495429 -0.007999897 -0.0772907138 -0.00127495429 -0.007999897 -0.0775456652 -0.00163905486 -0.00549992919 -0.0772907138 -0.00127495441 -0.00549992919 -0.0772907138 -0.00127495429 -0.007999897 -0.0772907138 -0.00127495441 -0.00549992919 -0.0771028697 -0.000872112112 -0.007999897 -0.0771028697 -0.000872112112 -0.007999897 -0.0772907138 -0.00127495441 -0.00549992919 -0.0771028697 -0.000872112229 -0.00549992919 -0.0771028697 -0.000872112112 -0.007999897 -0.0771028697 -0.000872112229 -0.00549992919 -0.0769878253 -0.000442765857 -0.007999897 -0.0769878253 -0.000442765857 -0.007999897 -0.0771028697 -0.000872112229 -0.00549992919 -0.0769878253 -0.000442765973 -0.00549992919 -0.0769878253 -0.000442765857 -0.007999897 -0.0769878253 -0.000442765973 -0.00549992919 -0.0769490823 3.08668717e-08 -0.007999897 -0.0769490823 3.08668717e-08 -0.007999897 -0.0769878253 -0.000442765973 -0.00549992919 -0.0769490823 3.07575938e-08 -0.00549992919 -7.62929631e-08 0.0769490376 -0.00799989328 -7.62929631e-08 0.0769490376 -0.00549992593 0.000442720426 0.0769877806 -0.00799989328 0.000442720426 0.0769877806 -0.00799989328 -7.62929631e-08 0.0769490376 -0.00549992593 0.000442720426 0.0769877806 -0.00549992593 0.000442720426 0.0769877806 -0.00799989328 0.000442720426 0.0769877806 -0.00549992593 0.00087206671 0.0771028176 -0.00799989328 0.00087206671 0.0771028176 -0.00799989328 0.000442720426 0.0769877806 -0.00549992593 0.00087206671 0.0771028176 -0.00549992593 0.00087206671 0.0771028176 -0.00799989328 0.00087206671 0.0771028176 -0.00549992593 0.00127490878 0.0772906691 -0.00799989328 0.00127490878 0.0772906691 -0.00799989328 0.00087206671 0.0771028176 -0.00549992593 0.00127490878 0.0772906691 -0.00549992593 0.00127490878 0.0772906691 -0.00799989328 0.00127490878 0.0772906691 -0.00549992593 0.00163900934 0.0775456205 -0.00799989328 0.00163900934 0.0775456205 -0.00799989328 0.00127490878 0.0772906691 -0.00549992593 0.00163900934 0.0775456205 -0.00549992593 0.00163900934 0.0775456205 -0.00799989328 0.00163900934 0.0775456205 -0.00549992593 0.00195331336 0.0778599232 -0.00799989328 0.00195331336 0.0778599232 -0.00799989328 0.00163900934 0.0775456205 -0.00549992593 0.00195331336 0.0778599232 -0.00549992593 0.00195331336 0.0778599232 -0.00799989328 0.00195331336 0.0778599232 -0.00549992593 0.00220826175 0.0782240182 -0.00799989328 0.00220826175 0.0782240182 -0.00799989328 0.00195331336 0.0778599232 -0.00549992593 0.00220826175 0.0782240182 -0.00549992593 0.00220826175 0.0782240182 -0.00799989328 0.00220826175 0.0782240182 -0.00549992593 0.00239611021 0.0786268637 -0.00799989328 0.00239611021 0.0786268637 -0.00799989328 0.00220826175 0.0782240182 -0.00549992593 0.00239611021 0.0786268637 -0.00549992593 0.00239611021 0.0786268637 -0.00799989328 0.00239611021 0.0786268637 -0.00549992593 0.0025111523 0.0790562034 -0.00799989328 0.0025111523 0.0790562034 -0.00799989328 0.00239611021 0.0786268637 -0.00549992593 0.0025111523 0.0790562034 -0.00549992593 0.0025111523 0.0790562034 -0.00799989328 0.0025111523 0.0790562034 -0.00549992593 0.00254989392 0.0794990063 -0.00799989328 0.00254989392 0.0794990063 -0.00799989328 0.0025111523 0.0790562034 -0.00549992593 0.00254989392 0.0794990063 -0.00549992593 0.00254989392 0.0794990063 -0.00799989328 0.00254989392 0.0794990063 -0.00549992593 0.0025111523 0.0799418017 -0.00799989328 0.0025111523 0.0799418017 -0.00799989328 0.00254989392 0.0794990063 -0.00549992593 0.0025111523 0.0799418017 -0.00549992546 0.0025111523 0.0799418017 -0.00799989328 0.0025111523 0.0799418017 -0.00549992546 0.00239611021 0.0803711489 -0.00799989328 0.00239611021 0.0803711489 -0.00799989328 0.0025111523 0.0799418017 -0.00549992546 0.00239611021 0.0803711489 -0.00549992546 0.00239611021 0.0803711489 -0.00799989328 0.00239611021 0.0803711489 -0.00549992546 0.00220826175 0.0807739943 -0.00799989328 0.00220826175 0.0807739943 -0.00799989328 0.00239611021 0.0803711489 -0.00549992546 0.00220826175 0.0807739943 -0.00549992546 0.00220826175 0.0807739943 -0.00799989328 0.00220826175 0.0807739943 -0.00549992546 0.00195331336 0.0811380893 -0.00799989328 0.00195331336 0.0811380893 -0.00799989328 0.00220826175 0.0807739943 -0.00549992546 0.00195331336 0.0811380893 -0.00549992546 0.00195331336 0.0811380893 -0.00799989328 0.00195331336 0.0811380893 -0.00549992546 0.00163900934 0.0814523995 -0.00799989328 0.00163900934 0.0814523995 -0.00799989328 0.00195331336 0.0811380893 -0.00549992546 0.00163900934 0.0814523995 -0.00549992546 0.00163900934 0.0814523995 -0.00799989328 0.00163900934 0.0814523995 -0.00549992546 0.00127490878 0.0817073435 -0.00799989328 0.00127490878 0.0817073435 -0.00799989328 0.00163900934 0.0814523995 -0.00549992546 0.00127490878 0.0817073435 -0.00549992546 0.00127490878 0.0817073435 -0.00799989328 0.00127490878 0.0817073435 -0.00549992546 0.00087206671 0.0818951949 -0.00799989328 0.00087206671 0.0818951949 -0.00799989328 0.00127490878 0.0817073435 -0.00549992546 0.00087206671 0.0818951949 -0.00549992546 0.00087206671 0.0818951949 -0.00799989328 0.00087206671 0.0818951949 -0.00549992546 0.000442720426 0.0820102394 -0.00799989328 0.000442720426 0.0820102394 -0.00799989328 0.00087206671 0.0818951949 -0.00549992546 0.000442720426 0.0820102394 -0.00549992546 0.000442720426 0.0820102394 -0.00799989328 0.000442720426 0.0820102394 -0.00549992546 -7.62929631e-08 0.0820489749 -0.00799989328 -7.62929631e-08 0.0820489749 -0.00799989328 0.000442720426 0.0820102394 -0.00549992546 -7.62929631e-08 0.0820489749 -0.00549992546 -7.62929631e-08 0.0820489749 -0.00799989328 -7.62929631e-08 0.0820489749 -0.00549992546 -0.000442873017 0.0820102394 -0.00799989328 -0.000442873017 0.0820102394 -0.00799989328 -7.62929631e-08 0.0820489749 -0.00549992546 -0.000442873017 0.0820102394 -0.00549992546 -0.000442873017 0.0820102394 -0.00799989328 -0.000442873017 0.0820102394 -0.00549992546 -0.000872219272 0.0818951949 -0.00799989328 -0.000872219272 0.0818951949 -0.00799989328 -0.000442873017 0.0820102394 -0.00549992546 -0.000872219272 0.0818951949 -0.00549992546 -0.000872219272 0.0818951949 -0.00799989328 -0.000872219272 0.0818951949 -0.00549992546 -0.0012750614 0.0817073435 -0.00799989328 -0.0012750614 0.0817073435 -0.00799989328 -0.000872219272 0.0818951949 -0.00549992546 -0.0012750614 0.0817073435 -0.00549992546 -0.0012750614 0.0817073435 -0.00799989328 -0.0012750614 0.0817073435 -0.00549992546 -0.00163916196 0.0814523995 -0.00799989328 -0.00163916196 0.0814523995 -0.00799989328 -0.0012750614 0.0817073435 -0.00549992546 -0.00163916196 0.0814523995 -0.00549992546 -0.00163916196 0.0814523995 -0.00799989328 -0.00163916196 0.0814523995 -0.00549992546 -0.0019534661 0.0811380893 -0.00799989328 -0.0019534661 0.0811380893 -0.00799989328 -0.00163916196 0.0814523995 -0.00549992546 -0.0019534661 0.0811380893 -0.00549992546 -0.0019534661 0.0811380893 -0.00799989328 -0.0019534661 0.0811380893 -0.00549992546 -0.00220841425 0.0807739943 -0.00799989328 -0.00220841425 0.0807739943 -0.00799989328 -0.0019534661 0.0811380893 -0.00549992546 -0.00220841425 0.0807739943 -0.00549992546 -0.00220841425 0.0807739943 -0.00799989328 -0.00220841425 0.0807739943 -0.00549992546 -0.00239626272 0.0803711489 -0.00799989328 -0.00239626272 0.0803711489 -0.00799989328 -0.00220841425 0.0807739943 -0.00549992546 -0.00239626272 0.0803711489 -0.00549992546 -0.00239626272 0.0803711489 -0.00799989328 -0.00239626272 0.0803711489 -0.00549992546 -0.00251130504 0.0799418017 -0.00799989328 -0.00251130504 0.0799418017 -0.00799989328 -0.00239626272 0.0803711489 -0.00549992546 -0.00251130504 0.0799418017 -0.00549992546 -0.00251130504 0.0799418017 -0.00799989328 -0.00251130504 0.0799418017 -0.00549992546 -0.00255003897 0.0794990063 -0.00799989328 -0.00255003897 0.0794990063 -0.00799989328 -0.00251130504 0.0799418017 -0.00549992546 -0.00255003897 0.0794990063 -0.00549992593 -0.00255003897 0.0794990063 -0.00799989328 -0.00255003897 0.0794990063 -0.00549992593 -0.00251130504 0.0790562034 -0.00799989328 -0.00251130504 0.0790562034 -0.00799989328 -0.00255003897 0.0794990063 -0.00549992593 -0.00251130504 0.0790562034 -0.00549992593 -0.00251130504 0.0790562034 -0.00799989328 -0.00251130504 0.0790562034 -0.00549992593 -0.00239626272 0.0786268637 -0.00799989328 -0.00239626272 0.0786268637 -0.00799989328 -0.00251130504 0.0790562034 -0.00549992593 -0.00239626272 0.0786268637 -0.00549992593 -0.00239626272 0.0786268637 -0.00799989328 -0.00239626272 0.0786268637 -0.00549992593 -0.00220841425 0.0782240182 -0.00799989328 -0.00220841425 0.0782240182 -0.00799989328 -0.00239626272 0.0786268637 -0.00549992593 -0.00220841425 0.0782240182 -0.00549992593 -0.00220841425 0.0782240182 -0.00799989328 -0.00220841425 0.0782240182 -0.00549992593 -0.0019534661 0.0778599232 -0.00799989328 -0.0019534661 0.0778599232 -0.00799989328 -0.00220841425 0.0782240182 -0.00549992593 -0.0019534661 0.0778599232 -0.00549992593 -0.0019534661 0.0778599232 -0.00799989328 -0.0019534661 0.0778599232 -0.00549992593 -0.00163916196 0.0775456205 -0.00799989328 -0.00163916196 0.0775456205 -0.00799989328 -0.0019534661 0.0778599232 -0.00549992593 -0.00163916196 0.0775456205 -0.00549992593 -0.00163916196 0.0775456205 -0.00799989328 -0.00163916196 0.0775456205 -0.00549992593 -0.0012750614 0.0772906691 -0.00799989328 -0.0012750614 0.0772906691 -0.00799989328 -0.00163916196 0.0775456205 -0.00549992593 -0.0012750614 0.0772906691 -0.00549992593 -0.0012750614 0.0772906691 -0.00799989328 -0.0012750614 0.0772906691 -0.00549992593 -0.000872219272 0.0771028176 -0.00799989328 -0.000872219272 0.0771028176 -0.00799989328 -0.0012750614 0.0772906691 -0.00549992593 -0.000872219272 0.0771028176 -0.00549992593 -0.000872219272 0.0771028176 -0.00799989328 -0.000872219272 0.0771028176 -0.00549992593 -0.000442873017 0.0769877806 -0.00799989328 -0.000442873017 0.0769877806 -0.00799989328 -0.000872219272 0.0771028176 -0.00549992593 -0.000442873017 0.0769877806 -0.00549992593 -0.000442873017 0.0769877806 -0.00799989328 -0.000442873017 0.0769877806 -0.00549992593 -7.62929631e-08 0.0769490376 -0.00799989328 -7.62929631e-08 0.0769490376 -0.00799989328 -0.000442873017 0.0769877806 -0.00549992593 -7.62929631e-08 0.0769490376 -0.00549992593 -0.0846961513 0.00716860918 -0.00549992872 -0.0846961513 0.00716860872 3.13349846e-10 -0.0842954144 0.0109137464 4.77055007e-10 -0.00437571434 -0.0848861784 -0.00549993291 -0.00716865482 -0.0846960396 -0.00549993291 -0.0130806044 -0.0839863643 -0.00799990073 -0.0130806044 -0.0839863643 -0.00799990073 -0.00437571434 -0.0848861784 -0.00799990073 -0.00437571434 -0.0848861784 -0.00549993291 -0.00437571434 -0.0848861784 -0.00549993291 -0.00437571434 -0.0848861784 -0.00799990073 -7.62929631e-08 -0.0849988759 -0.00799990073 -0.00437571434 -0.0848861784 -0.00549993291 -7.62929631e-08 -0.0849988759 -0.00799990073 0.00437556161 -0.0848861784 -0.00549993291 0.00437556161 -0.0848861784 -0.00549993291 -7.62929631e-08 -0.0849988759 -0.00799990073 0.00437556161 -0.0848861784 -0.00799990073 0.00437556161 -0.0848861784 -0.00549993291 0.00437556161 -0.0848861784 -0.00799990073 0.00716850953 -0.0846960396 -0.00549993291 0.00716850953 -0.0846960396 -0.00549993291 0.00437556161 -0.0848861784 -0.00799990073 0.0130804591 -0.0839863643 -0.00799990073 0.00716850953 -0.0846960396 -0.00549993291 0.0130804591 -0.0839863643 -0.00799990073 0.00716850953 -0.0846960396 -3.70218145e-09 0.0846959949 -0.00716855517 -0.00549992966 0.0836216807 -0.0152386418 -0.00799989793 0.0847453251 -0.00655979803 -0.007999897 0.0846959949 -0.00716855517 -0.00549992966 0.0847453251 -0.00655979803 -0.007999897 0.0847453251 -0.00655979803 -0.00549992966 0.0847453251 -0.00655979803 -0.00549992966 0.0847453251 -0.00655979803 -0.007999897 0.0849706456 0.00218857103 -0.007999897 0.0847453251 -0.00655979803 -0.00549992966 0.0849706456 0.00218857103 -0.007999897 0.0849706456 0.0021885708 -0.00549992919 0.0849706456 0.0021885708 -0.00549992919 0.0849706456 0.00218857103 -0.007999897 0.0846959949 0.00716860918 -0.00549992872 0.0846959949 0.00716860918 -0.00549992872 0.0849706456 0.00218857103 -0.007999897 0.0842952728 0.0109137464 -0.00799989607 0.0846959949 0.00716860918 -0.00549992872 0.0842952728 0.0109137464 -0.00799989607 0.0846959949 0.00716860872 3.13349846e-10 0.00716850953 0.0846961066 -0.00549992546 0.0087395953 0.0845484287 -0.00799989328 -7.62929631e-08 0.0849989355 -0.00549992546 -7.62929631e-08 0.0849989355 -0.00549992546 0.0087395953 0.0845484287 -0.00799989328 -7.62929631e-08 0.0849989355 -0.00799989328 -7.62929631e-08 0.0849989355 -0.00549992546 -7.62929631e-08 0.0849989355 -0.00799989328 -0.00716865482 0.0846961066 -0.00549992546 -0.00716865482 0.0846961066 -0.00549992546 -7.62929631e-08 0.0849989355 -0.00799989328 -0.00873974804 0.0845484287 -0.00799989328 -0.0849708095 0.0021885708 -0.00549992919 -0.0846961513 0.00716860918 -0.00549992872 -0.0842954144 0.0109137464 -0.00799989607 -0.0842954144 0.0109137464 -0.00799989607 -0.0849708095 0.00218857103 -0.007999897 -0.0849708095 0.0021885708 -0.00549992919 -0.0849708095 0.0021885708 -0.00549992919 -0.0849708095 0.00218857103 -0.007999897 -0.0847454667 -0.00655979803 -0.007999897 -0.0849708095 0.0021885708 -0.00549992919 -0.0847454667 -0.00655979803 -0.007999897 -0.0847454667 -0.00655979803 -0.00549992966 -0.0847454667 -0.00655979803 -0.00549992966 -0.0847454667 -0.00655979803 -0.007999897 -0.0846961513 -0.00716855517 -0.00549992966 -0.0846961513 -0.00716855517 -0.00549992966 -0.0847454667 -0.00655979803 -0.007999897 -0.0836218223 -0.0152386418 -0.00799989793 -0.0846961513 -0.00716855517 -0.00549992966 -0.0836218223 -0.0152386418 -0.00799989793 -0.0846961513 -0.00716855563 -3.13347515e-10 -0.0561122857 0.0638454258 -0.00799989421 -0.0492502339 0.0692765415 3.02817393e-09 -0.0492502339 0.0692765415 -0.00799989421 -0.0492502339 0.0692765415 -0.00799989421 -0.0492502339 0.0692765415 3.02817393e-09 -0.0418661237 0.0739733204 3.2334766e-09 -0.0492502339 0.0692765415 -0.00799989421 -0.0418661237 0.0739733204 3.2334766e-09 -0.0418661237 0.0739733204 -0.00799989421 -0.0418661237 0.0739733204 -0.00799989421 -0.0418661237 0.0739733204 3.2334766e-09 -0.0340382196 0.0778859705 3.40450379e-09 -0.0418661237 0.0739733204 -0.00799989421 -0.0340382196 0.0778859705 3.40450379e-09 -0.0340382196 0.0778859705 -0.00799989328 -0.0340382196 0.0778859705 -0.00799989328 -0.0340382196 0.0778859705 3.40450379e-09 -0.0258495063 0.0809729919 3.53944207e-09 -0.0340382196 0.0778859705 -0.00799989328 -0.0258495063 0.0809729919 3.53944207e-09 -0.0258495063 0.0809729919 -0.00799989328 -0.0258495063 0.0809729919 -0.00799989328 -0.0258495063 0.0809729919 3.53944207e-09 -0.0173867773 0.0832016915 3.6368617e-09 -0.0258495063 0.0809729919 -0.00799989328 -0.0173867773 0.0832016915 3.6368617e-09 -0.0173867773 0.0832016915 -0.00799989328 -0.0173867773 0.0832016915 -0.00799989328 -0.0173867773 0.0832016915 3.6368617e-09 -0.00873974804 0.0845484287 3.69572928e-09 -0.0173867773 0.0832016915 -0.00799989328 -0.00873974804 0.0845484287 3.69572928e-09 -0.00873974804 0.0845484287 -0.00799989328 -0.00873974804 0.0845484287 -0.00799989328 -0.00873974804 0.0845484287 3.69572928e-09 -0.00716865482 0.0846961066 3.70218456e-09 -0.00873974804 0.0845484287 -0.00799989328 -0.00716865482 0.0846961066 3.70218456e-09 -0.00716865482 0.0846961066 -0.00549992546 -0.0846961513 0.00716860918 -0.00549992872 -0.0842954144 0.0109137464 4.77055007e-10 -0.0842954144 0.0109137464 -0.00799989607 -0.0842954144 0.0109137464 -0.00799989607 -0.0842954144 0.0109137464 4.77055007e-10 -0.0827264786 0.0195232388 8.53387916e-10 -0.0842954144 0.0109137464 -0.00799989607 -0.0827264786 0.0195232388 8.53387916e-10 -0.0827264786 0.0195232388 -0.00799989607 -0.0827264786 0.0195232388 -0.00799989607 -0.0827264786 0.0195232388 8.53387916e-10 -0.0802806318 0.0279257726 1.22067434e-09 -0.0827264786 0.0195232388 -0.00799989607 -0.0802806318 0.0279257726 1.22067434e-09 -0.0802806318 0.0279257726 -0.00799989607 -0.0802806318 0.0279257726 -0.00799989607 -0.0802806318 0.0279257726 1.22067434e-09 -0.0769837722 0.0360322855 1.57502122e-09 -0.0802806318 0.0279257726 -0.00799989607 -0.0769837722 0.0360322855 1.57502122e-09 -0.0769837722 0.0360322855 -0.00799989514 -0.0769837722 0.0360322855 -0.00799989514 -0.0769837722 0.0360322855 1.57502122e-09 -0.0728708804 0.0437568538 1.91267291e-09 -0.0769837722 0.0360322855 -0.00799989514 -0.0728708804 0.0437568538 1.91267291e-09 -0.0728708804 0.0437568538 -0.00799989514 -0.0728708804 0.0437568538 -0.00799989514 -0.0728708804 0.0437568538 1.91267291e-09 -0.0679855347 0.0510175861 2.23004948e-09 -0.0728708804 0.0437568538 -0.00799989514 -0.0679855347 0.0510175861 2.23004948e-09 -0.0679855347 0.0510175861 -0.00799989514 -0.0679855347 0.0510175861 -0.00799989514 -0.0679855347 0.0510175861 2.23004948e-09 -0.0623795316 0.0577375181 2.52378718e-09 -0.0679855347 0.0510175861 -0.00799989514 -0.0623795316 0.0577375181 2.52378718e-09 -0.0623795316 0.0577375181 -0.00799989421 -0.0623795316 0.0577375181 -0.00799989421 -0.0623795316 0.0577375181 2.52378718e-09 -0.0566297174 0.0633869171 2.77073009e-09 -0.0623795316 0.0577375181 -0.00799989421 -0.0566297174 0.0633869171 2.77073009e-09 -0.0561122857 0.0638454258 -0.00799989421 -0.0561122857 0.0638454258 -0.00799989421 -0.0566297174 0.0633869171 2.77073009e-09 -0.0561122857 0.0638454258 2.79077206e-09 -0.0561122857 0.0638454258 -0.00799989421 -0.0561122857 0.0638454258 2.79077206e-09 -0.0492502339 0.0692765415 3.02817393e-09 -0.0846961513 -0.00716855563 -3.13347515e-10 -0.0836218223 -0.0152386418 -0.00799989793 -0.0836218223 -0.0152386418 -6.66102229e-10 -0.0836218223 -0.0152386418 -6.66102229e-10 -0.0836218223 -0.0152386418 -0.00799989793 -0.08161176 -0.0237559434 -0.00799989793 -0.0836218223 -0.0152386418 -6.66102229e-10 -0.08161176 -0.0237559434 -0.00799989793 -0.08161176 -0.0237559434 -1.03840525e-09 -0.08161176 -0.0237559434 -1.03840525e-09 -0.08161176 -0.0237559434 -0.00799989793 -0.0787365958 -0.0320214294 -0.00799989887 -0.08161176 -0.0237559434 -1.03840525e-09 -0.0787365958 -0.0320214294 -0.00799989887 -0.0787365958 -0.0320214294 -1.39970124e-09 -0.0787365958 -0.0320214294 -1.39970124e-09 -0.0787365958 -0.0320214294 -0.00799989887 -0.0750268027 -0.0399474837 -0.00799989887 -0.0787365958 -0.0320214294 -1.39970124e-09 -0.0750268027 -0.0399474837 -0.00799989887 -0.0750268027 -0.0399474837 -1.74615999e-09 -0.0750268027 -0.0399474837 -1.74615999e-09 -0.0750268027 -0.0399474837 -0.00799989887 -0.0705217123 -0.0474500731 -0.00799989887 -0.0750268027 -0.0399474837 -1.74615999e-09 -0.0705217123 -0.0474500731 -0.00799989887 -0.0705217123 -0.0474500731 -2.07410866e-09 -0.0705217123 -0.0474500731 -2.07410866e-09 -0.0705217123 -0.0474500731 -0.00799989887 -0.0652690753 -0.0544496924 -0.0079998998 -0.0705217123 -0.0474500731 -2.07410866e-09 -0.0652690753 -0.0544496924 -0.0079998998 -0.0652690753 -0.0544496924 -2.3800717e-09 -0.0652690753 -0.0544496924 -2.3800717e-09 -0.0652690753 -0.0544496924 -0.0079998998 -0.0593245625 -0.0608721264 -0.0079998998 -0.0652690753 -0.0544496924 -2.3800717e-09 -0.0593245625 -0.0608721264 -0.0079998998 -0.0593245625 -0.0608721264 -2.66080513e-09 -0.0593245625 -0.0608721264 -2.66080513e-09 -0.0593245625 -0.0608721264 -0.0079998998 -0.0527512021 -0.0666492879 -0.0079998998 -0.0593245625 -0.0608721264 -2.66080513e-09 -0.0527512021 -0.0666492879 -0.0079998998 -0.0527512021 -0.0666492879 -2.91333291e-09 -0.0527512021 -0.0666492879 -2.91333291e-09 -0.0527512021 -0.0666492879 -0.0079998998 -0.052636195 -0.0667401552 -0.0079998998 -0.0527512021 -0.0666492879 -2.91333291e-09 -0.052636195 -0.0667401552 -0.0079998998 -0.0456186645 -0.0717199594 -3.13497917e-09 -0.052636195 -0.0667401552 -0.0079998998 -0.0456186645 -0.0717199594 -0.0079998998 -0.0456186645 -0.0717199594 -3.13497917e-09 -0.0456186645 -0.0717199594 -3.13497917e-09 -0.0456186645 -0.0717199594 -0.0079998998 -0.0380025581 -0.0760303959 -0.00799990073 -0.0456186645 -0.0717199594 -3.13497917e-09 -0.0380025581 -0.0760303959 -0.00799990073 -0.0380025581 -0.0760303959 -3.32339423e-09 -0.0380025581 -0.0760303959 -3.32339423e-09 -0.0380025581 -0.0760303959 -0.00799990073 -0.0299836155 -0.0795348808 -0.00799990073 -0.0380025581 -0.0760303959 -3.32339423e-09 -0.0299836155 -0.0795348808 -0.00799990073 -0.0299836155 -0.0795348808 -3.47658013e-09 -0.0299836155 -0.0795348808 -3.47658013e-09 -0.0299836155 -0.0795348808 -0.00799990073 -0.0216468424 -0.0821962655 -0.00799990073 -0.0299836155 -0.0795348808 -3.47658013e-09 -0.0216468424 -0.0821962655 -0.00799990073 -0.0216468424 -0.0821962655 -3.59291308e-09 -0.0216468424 -0.0821962655 -3.59291308e-09 -0.0216468424 -0.0821962655 -0.00799990073 -0.0130806044 -0.0839863643 -0.00799990073 -0.0216468424 -0.0821962655 -3.59291308e-09 -0.0130806044 -0.0839863643 -0.00799990073 -0.0130806044 -0.0839863643 -3.67116049e-09 -0.0130806044 -0.0839863643 -3.67116049e-09 -0.0130806044 -0.0839863643 -0.00799990073 -0.00716865482 -0.0846960396 -0.00549993291 -0.0130806044 -0.0839863643 -3.67116049e-09 -0.00716865482 -0.0846960396 -0.00549993291 -0.00716865482 -0.0846960396 -3.70218145e-09 0.00716850953 -0.0846960396 -3.70218145e-09 0.0130804591 -0.0839863643 -0.00799990073 0.0130804591 -0.0839863643 -3.67116049e-09 0.0130804591 -0.0839863643 -3.67116049e-09 0.0130804591 -0.0839863643 -0.00799990073 0.0216466933 -0.0821962655 -0.00799990073 0.0130804591 -0.0839863643 -3.67116049e-09 0.0216466933 -0.0821962655 -0.00799990073 0.0216466933 -0.0821962655 -3.59291308e-09 0.0216466933 -0.0821962655 -3.59291308e-09 0.0216466933 -0.0821962655 -0.00799990073 0.0299834628 -0.0795348808 -0.00799990073 0.0216466933 -0.0821962655 -3.59291308e-09 0.0299834628 -0.0795348808 -0.00799990073 0.0299834628 -0.0795348808 -3.47658013e-09 0.0299834628 -0.0795348808 -3.47658013e-09 0.0299834628 -0.0795348808 -0.00799990073 0.038002409 -0.0760303959 -0.00799990073 0.0299834628 -0.0795348808 -3.47658013e-09 0.038002409 -0.0760303959 -0.00799990073 0.038002409 -0.0760303959 -3.32339423e-09 0.038002409 -0.0760303959 -3.32339423e-09 0.038002409 -0.0760303959 -0.00799990073 0.045618508 -0.0717199594 -0.0079998998 0.038002409 -0.0760303959 -3.32339423e-09 0.045618508 -0.0717199594 -0.0079998998 0.045618508 -0.0717199594 -3.13497917e-09 0.045618508 -0.0717199594 -3.13497917e-09 0.045618508 -0.0717199594 -0.0079998998 0.0527510457 -0.0666492879 -0.0079998998 0.045618508 -0.0717199594 -3.13497917e-09 0.0527510457 -0.0666492879 -0.0079998998 0.0527510457 -0.0666492879 -2.91333291e-09 0.0527510457 -0.0666492879 -2.91333291e-09 0.0527510457 -0.0666492879 -0.0079998998 0.0593244173 -0.0608721264 -0.0079998998 0.0527510457 -0.0666492879 -2.91333291e-09 0.0593244173 -0.0608721264 -0.0079998998 0.0593244173 -0.0608721264 -2.66080513e-09 0.0593244173 -0.0608721264 -2.66080513e-09 0.0593244173 -0.0608721264 -0.0079998998 0.0652689189 -0.0544496924 -0.0079998998 0.0593244173 -0.0608721264 -2.66080513e-09 0.0652689189 -0.0544496924 -0.0079998998 0.0652689189 -0.0544496924 -2.3800717e-09 0.0652689189 -0.0544496924 -2.3800717e-09 0.0652689189 -0.0544496924 -0.0079998998 0.0667024478 -0.0526838154 -0.00799989887 0.0652689189 -0.0544496924 -2.3800717e-09 0.0667024478 -0.0526838154 -0.00799989887 0.0705215707 -0.0474500731 -2.07410866e-09 0.0667024478 -0.0526838154 -0.00799989887 0.0705215707 -0.0474500731 -0.00799989887 0.0705215707 -0.0474500731 -2.07410866e-09 0.0705215707 -0.0474500731 -2.07410866e-09 0.0705215707 -0.0474500731 -0.00799989887 0.0750266537 -0.0399474837 -0.00799989887 0.0705215707 -0.0474500731 -2.07410866e-09 0.0750266537 -0.0399474837 -0.00799989887 0.0750266537 -0.0399474837 -1.74615999e-09 0.0750266537 -0.0399474837 -1.74615999e-09 0.0750266537 -0.0399474837 -0.00799989887 0.0787364468 -0.0320214294 -0.00799989887 0.0750266537 -0.0399474837 -1.74615999e-09 0.0787364468 -0.0320214294 -0.00799989887 0.0787364468 -0.0320214294 -1.39970124e-09 0.0787364468 -0.0320214294 -1.39970124e-09 0.0787364468 -0.0320214294 -0.00799989887 0.0816116035 -0.0237559434 -0.00799989793 0.0787364468 -0.0320214294 -1.39970124e-09 0.0816116035 -0.0237559434 -0.00799989793 0.0816116035 -0.0237559434 -1.03840525e-09 0.0816116035 -0.0237559434 -1.03840525e-09 0.0816116035 -0.0237559434 -0.00799989793 0.0836216807 -0.0152386418 -0.00799989793 0.0816116035 -0.0237559434 -1.03840525e-09 0.0836216807 -0.0152386418 -0.00799989793 0.0836216807 -0.0152386418 -6.66102229e-10 0.0836216807 -0.0152386418 -6.66102229e-10 0.0836216807 -0.0152386418 -0.00799989793 0.0846959949 -0.00716855517 -0.00549992966 0.0836216807 -0.0152386418 -6.66102229e-10 0.0846959949 -0.00716855517 -0.00549992966 0.0846959949 -0.00716855563 -3.13347515e-10 0.0846959949 0.00716860872 3.13349846e-10 0.0842952728 0.0109137464 -0.00799989607 0.0842952728 0.0109137464 4.77055007e-10 0.0842952728 0.0109137464 4.77055007e-10 0.0842952728 0.0109137464 -0.00799989607 0.082726337 0.0195232388 -0.00799989607 0.0842952728 0.0109137464 4.77055007e-10 0.082726337 0.0195232388 -0.00799989607 0.082726337 0.0195232388 8.53387916e-10 0.082726337 0.0195232388 8.53387916e-10 0.082726337 0.0195232388 -0.00799989607 0.0802804753 0.0279257726 -0.00799989607 0.082726337 0.0195232388 8.53387916e-10 0.0802804753 0.0279257726 -0.00799989607 0.0802804753 0.0279257726 1.22067434e-09 0.0802804753 0.0279257726 1.22067434e-09 0.0802804753 0.0279257726 -0.00799989607 0.0769836307 0.0360322855 -0.00799989514 0.0802804753 0.0279257726 1.22067434e-09 0.0769836307 0.0360322855 -0.00799989514 0.0769836307 0.0360322855 1.57502122e-09 0.0769836307 0.0360322855 1.57502122e-09 0.0769836307 0.0360322855 -0.00799989514 0.0728707388 0.0437568538 -0.00799989514 0.0769836307 0.0360322855 1.57502122e-09 0.0728707388 0.0437568538 -0.00799989514 0.0728707388 0.0437568538 1.91267291e-09 0.0728707388 0.0437568538 1.91267291e-09 0.0728707388 0.0437568538 -0.00799989514 0.0679853931 0.0510175861 -0.00799989514 0.0728707388 0.0437568538 1.91267291e-09 0.0679853931 0.0510175861 -0.00799989514 0.0679853931 0.0510175861 2.23004948e-09 0.0679853931 0.0510175861 2.23004948e-09 0.0679853931 0.0510175861 -0.00799989514 0.0623793863 0.0577375181 -0.00799989421 0.0679853931 0.0510175861 2.23004948e-09 0.0623793863 0.0577375181 -0.00799989421 0.0623793863 0.0577375181 2.52378718e-09 0.0623793863 0.0577375181 2.52378718e-09 0.0623793863 0.0577375181 -0.00799989421 0.056112133 0.0638454258 -0.00799989421 0.0623793863 0.0577375181 2.52378718e-09 0.056112133 0.0638454258 -0.00799989421 0.056112133 0.0638454258 2.79077206e-09 0.056112133 0.0638454258 2.79077206e-09 0.056112133 0.0638454258 -0.00799989421 0.052701667 0.0666884109 -0.00799989421 0.056112133 0.0638454258 2.79077206e-09 0.052701667 0.0666884109 -0.00799989421 0.0492500849 0.0692765415 3.02817393e-09 0.052701667 0.0666884109 -0.00799989421 0.0492500849 0.0692765415 -0.00799989421 0.0492500849 0.0692765415 3.02817393e-09 0.0492500849 0.0692765415 3.02817393e-09 0.0492500849 0.0692765415 -0.00799989421 0.0418659709 0.0739733204 -0.00799989421 0.0492500849 0.0692765415 3.02817393e-09 0.0418659709 0.0739733204 -0.00799989421 0.0418659709 0.0739733204 3.2334766e-09 0.0418659709 0.0739733204 3.2334766e-09 0.0418659709 0.0739733204 -0.00799989421 0.0340380669 0.0778859705 -0.00799989328 0.0418659709 0.0739733204 3.2334766e-09 0.0340380669 0.0778859705 -0.00799989328 0.0340380669 0.0778859705 3.40450379e-09 0.0340380669 0.0778859705 3.40450379e-09 0.0340380669 0.0778859705 -0.00799989328 0.0258493535 0.0809729919 -0.00799989328 0.0340380669 0.0778859705 3.40450379e-09 0.0258493535 0.0809729919 -0.00799989328 0.0258493535 0.0809729919 3.53944207e-09 0.0258493535 0.0809729919 3.53944207e-09 0.0258493535 0.0809729919 -0.00799989328 0.0173866246 0.0832016915 -0.00799989328 0.0258493535 0.0809729919 3.53944207e-09 0.0173866246 0.0832016915 -0.00799989328 0.0173866246 0.0832016915 3.6368617e-09 0.0173866246 0.0832016915 3.6368617e-09 0.0173866246 0.0832016915 -0.00799989328 0.0087395953 0.0845484287 -0.00799989328 0.0173866246 0.0832016915 3.6368617e-09 0.0087395953 0.0845484287 -0.00799989328 0.0087395953 0.0845484287 3.69572928e-09 0.0087395953 0.0845484287 3.69572928e-09 0.0087395953 0.0845484287 -0.00799989328 0.00716850953 0.0846961066 -0.00549992546 0.0087395953 0.0845484287 3.69572928e-09 0.00716850953 0.0846961066 -0.00549992546 0.00716850953 0.0846961066 3.70218456e-09 -0.00375879416 0.0486313216 2.12574269e-09 -0.00393925747 0.049304802 2.15518137e-09 -0.0249997545 0.049606882 2.16838569e-09 -0.0750268027 -0.0399474837 -1.74615999e-09 -0.0705217123 -0.0474500731 -2.07410866e-09 -0.0566068403 -0.0496068299 -2.16838347e-09 -0.0794990435 0.00499996636 2.18555465e-10 -0.0786308199 0.00492400909 2.15235274e-10 -0.0802806318 0.0279257726 1.22067434e-09 -0.0566068403 0.0249997079 1.09277198e-09 -0.074575074 0.000868259696 3.79528388e-11 -0.0566068403 -0.0249996483 -1.09276932e-09 -0.0566068403 -0.0249996483 -1.09276932e-09 -0.074575074 0.000868259696 3.79528388e-11 -0.0744991153 3.05171852e-08 1.33394857e-15 -0.0566068403 -0.0249996483 -1.09276932e-09 -0.0744991153 3.05171852e-08 1.33394857e-15 -0.074575074 -0.000868198636 -3.79501708e-11 -0.0777889788 0.00469843345 2.0537505e-10 -0.0769990832 0.00433009863 1.89274624e-10 -0.0566068403 0.0249997079 1.09277198e-09 -0.0566068403 0.0249997079 1.09277198e-09 -0.0769990832 0.00433009863 1.89274624e-10 -0.0762851611 0.00383020425 1.67423547e-10 -0.0566068403 0.0249997079 1.09277198e-09 -0.0762851611 0.00383020425 1.67423547e-10 -0.0756688789 0.00321392505 1.40485124e-10 -0.0756688789 0.00321392505 1.40485124e-10 -0.0751689821 0.00249999831 1.09278399e-10 -0.0566068403 0.0249997079 1.09277198e-09 -0.0566068403 0.0249997079 1.09277198e-09 -0.0751689821 0.00249999831 1.09278399e-10 -0.0748006478 0.00171010674 7.47511428e-11 -0.0566068403 0.0249997079 1.09277198e-09 -0.0748006478 0.00171010674 7.47511428e-11 -0.074575074 0.000868259696 3.79528388e-11 -0.074575074 -0.000868198636 -3.79501708e-11 -0.0748006478 -0.00171004573 -7.47484782e-11 -0.0566068403 -0.0249996483 -1.09276932e-09 -0.0566068403 -0.0249996483 -1.09276932e-09 -0.0748006478 -0.00171004573 -7.47484782e-11 -0.0751689821 -0.00249993731 -1.09275734e-10 -0.0566068403 -0.0249996483 -1.09276932e-09 -0.0751689821 -0.00249993731 -1.09275734e-10 -0.0756688789 -0.00321386405 -1.40482459e-10 -0.0756688789 -0.00321386405 -1.40482459e-10 -0.0762851611 -0.00383014325 -1.67420883e-10 -0.0566068403 -0.0249996483 -1.09276932e-09 -0.0566068403 -0.0249996483 -1.09276932e-09 -0.0762851611 -0.00383014325 -1.67420883e-10 -0.0769990832 -0.00433004508 -1.89272292e-10 -0.0566068403 -0.0249996483 -1.09276932e-09 -0.0769990832 -0.00433004508 -1.89272292e-10 -0.0777889788 -0.00469837245 -2.05372386e-10 -0.0802806318 0.0279257726 1.22067434e-09 -0.0827264786 0.0195232388 8.53387916e-10 -0.0794990435 0.00499996636 2.18555465e-10 -0.0794990435 0.00499996636 2.18555465e-10 -0.0827264786 0.0195232388 8.53387916e-10 -0.0842954144 0.0109137464 4.77055007e-10 -0.0794990435 0.00499996636 2.18555465e-10 -0.0842954144 0.0109137464 4.77055007e-10 -0.0827033073 0.00499996636 2.18555465e-10 -0.0786308199 -0.00492394762 -2.15232596e-10 -0.0794990435 -0.00499990489 -2.18552801e-10 -0.08161176 -0.0237559434 -1.03840525e-09 -0.08161176 -0.0237559434 -1.03840525e-09 -0.0794990435 -0.00499990489 -2.18552801e-10 -0.0827033073 -0.00499990489 -2.18552801e-10 -0.08161176 -0.0237559434 -1.03840525e-09 -0.0827033073 -0.00499990489 -2.18552801e-10 -0.0836218223 -0.0152386418 -6.66102229e-10 -0.0839328244 0.00542254513 2.37026981e-10 -0.0836561099 0.00524151744 2.29114006e-10 -0.0846967101 0.00683794776 2.98896186e-10 -0.0846967101 0.00683794776 2.98896186e-10 -0.0836561099 0.00524151744 2.29114006e-10 -0.083353363 0.00510856137 2.23302321e-10 -0.0846427679 -0.00651165005 -2.84633289e-10 -0.0846967101 -0.00683788629 -2.98893521e-10 -0.0827033073 -0.00499990489 -2.18552801e-10 -0.0827033073 -0.00499990489 -2.18552801e-10 -0.0846967101 -0.00683788629 -2.98893521e-10 -0.0846961513 -0.00716855563 -3.13347515e-10 -0.0827033073 -0.00499990489 -2.18552801e-10 -0.0846961513 -0.00716855563 -3.13347515e-10 -0.0836218223 -0.0152386418 -6.66102229e-10 -0.0846967101 0.00683794776 2.98896186e-10 -0.0846427679 0.00651171105 2.84635954e-10 -0.0845358148 0.00619881833 2.70958977e-10 -0.0842954144 0.0109137464 4.77055007e-10 -0.0846961513 0.00716860872 3.13349846e-10 -0.0827033073 0.00499996636 2.18555465e-10 -0.0827033073 0.00499996636 2.18555465e-10 -0.0846961513 0.00716860872 3.13349846e-10 -0.0846967101 0.00683794776 2.98896186e-10 -0.0827033073 0.00499996636 2.18555465e-10 -0.0846967101 0.00683794776 2.98896186e-10 -0.083032839 0.00502730208 2.19750357e-10 -0.083032839 0.00502730208 2.19750357e-10 -0.0846967101 0.00683794776 2.98896186e-10 -0.083353363 0.00510856137 2.23302321e-10 -0.083032839 -0.00502724107 -2.19747678e-10 -0.083353363 -0.00510850037 -2.23299657e-10 -0.0836561099 -0.00524145644 -2.29111341e-10 -0.0845358148 0.00619881833 2.70958977e-10 -0.0843787715 0.00590782939 2.5823943e-10 -0.0846967101 0.00683794776 2.98896186e-10 -0.0846967101 0.00683794776 2.98896186e-10 -0.0843787715 0.00590782939 2.5823943e-10 -0.0841759294 0.00564669399 2.46824838e-10 -0.0846967101 0.00683794776 2.98896186e-10 -0.0841759294 0.00564669399 2.46824838e-10 -0.0839328244 0.00542254513 2.37026981e-10 -0.083032839 -0.00502724107 -2.19747678e-10 -0.0836561099 -0.00524145644 -2.29111341e-10 -0.0827033073 -0.00499990489 -2.18552801e-10 -0.0827033073 -0.00499990489 -2.18552801e-10 -0.0836561099 -0.00524145644 -2.29111341e-10 -0.0839328244 -0.00542248413 -2.37024317e-10 -0.0827033073 -0.00499990489 -2.18552801e-10 -0.0839328244 -0.00542248413 -2.37024317e-10 -0.0841759294 -0.00564663298 -2.46822174e-10 -0.0841759294 -0.00564663298 -2.46822174e-10 -0.0843787715 -0.00590776838 -2.58236765e-10 -0.0827033073 -0.00499990489 -2.18552801e-10 -0.0827033073 -0.00499990489 -2.18552801e-10 -0.0843787715 -0.00590776838 -2.58236765e-10 -0.0845358148 -0.00619876524 -2.70956646e-10 -0.0827033073 -0.00499990489 -2.18552801e-10 -0.0845358148 -0.00619876524 -2.70956646e-10 -0.0846427679 -0.00651165005 -2.84633289e-10 -0.0679855347 0.0510175861 2.23004948e-09 -0.0728708804 0.0437568538 1.91267291e-09 -0.0566068403 0.0249997079 1.09277198e-09 -0.0786308199 0.00492400909 2.15235274e-10 -0.0777889788 0.00469843345 2.0537505e-10 -0.0802806318 0.0279257726 1.22067434e-09 -0.0802806318 0.0279257726 1.22067434e-09 -0.0777889788 0.00469843345 2.0537505e-10 -0.0566068403 0.0249997079 1.09277198e-09 -0.0802806318 0.0279257726 1.22067434e-09 -0.0566068403 0.0249997079 1.09277198e-09 -0.0769837722 0.0360322855 1.57502122e-09 -0.0769837722 0.0360322855 1.57502122e-09 -0.0566068403 0.0249997079 1.09277198e-09 -0.0728708804 0.0437568538 1.91267291e-09 -0.0585124455 0.0542859547 2.37291453e-09 -0.0588123836 0.0547143146 2.39163866e-09 -0.0679855347 0.0510175861 2.23004948e-09 -0.0585124455 0.0542859547 2.37291453e-09 -0.0679855347 0.0510175861 2.23004948e-09 -0.0581426769 0.0539161898 2.35675168e-09 -0.05621434 0.053214334 2.32607245e-09 -0.0567352772 0.0532599129 2.32806463e-09 -0.0566068403 0.049606882 2.16838569e-09 -0.0566068403 0.049606882 2.16838569e-09 -0.0567352772 0.0532599129 2.32806463e-09 -0.0572403856 0.0533952564 2.33398079e-09 -0.0566068403 0.049606882 2.16838569e-09 -0.0572403856 0.0533952564 2.33398079e-09 -0.0577143207 0.0536162518 2.34364084e-09 -0.0588123836 0.0547143146 2.39163866e-09 -0.0590333827 0.0551882461 2.41235498e-09 -0.0679855347 0.0510175861 2.23004948e-09 -0.0679855347 0.0510175861 2.23004948e-09 -0.0590333827 0.0551882461 2.41235498e-09 -0.0591687262 0.0556933545 2.43443399e-09 -0.0679855347 0.0510175861 2.23004948e-09 -0.0591687262 0.0556933545 2.43443399e-09 -0.0623795316 0.0577375181 2.52378718e-09 -0.0591687262 0.0556933545 2.43443399e-09 -0.0592143014 0.0562142953 2.45720488e-09 -0.0623795316 0.0577375181 2.52378718e-09 -0.0623795316 0.0577375181 2.52378718e-09 -0.0592143014 0.0562142953 2.45720488e-09 -0.0591687262 0.0567352325 2.47997578e-09 -0.0623795316 0.0577375181 2.52378718e-09 -0.0591687262 0.0567352325 2.47997578e-09 -0.0590333827 0.0572403409 2.50205479e-09 -0.0590333827 0.0572403409 2.50205479e-09 -0.0588123836 0.057714276 2.5227711e-09 -0.0623795316 0.0577375181 2.52378718e-09 -0.0623795316 0.0577375181 2.52378718e-09 -0.0588123836 0.057714276 2.5227711e-09 -0.0585124455 0.0581426322 2.54149524e-09 -0.0623795316 0.0577375181 2.52378718e-09 -0.0585124455 0.0581426322 2.54149524e-09 -0.0566297174 0.0633869171 2.77073009e-09 -0.0566297174 0.0633869171 2.77073009e-09 -0.0585124455 0.0581426322 2.54149524e-09 -0.0581426769 0.0585124008 2.55765831e-09 -0.0566297174 0.0633869171 2.77073009e-09 -0.0581426769 0.0585124008 2.55765831e-09 -0.0577143207 0.0588123389 2.57076893e-09 -0.0577143207 0.0588123389 2.57076893e-09 -0.0572403856 0.0590333343 2.5804292e-09 -0.0566297174 0.0633869171 2.77073009e-09 -0.0566297174 0.0633869171 2.77073009e-09 -0.0572403856 0.0590333343 2.5804292e-09 -0.0567352772 0.0591686778 2.58634514e-09 -0.0566297174 0.0633869171 2.77073009e-09 -0.0567352772 0.0591686778 2.58634514e-09 -0.0561122857 0.0638454258 2.79077206e-09 -0.0567352772 0.0591686778 2.58634514e-09 -0.05621434 0.0592142567 2.58833754e-09 -0.0561122857 0.0638454258 2.79077206e-09 -0.0561122857 0.0638454258 2.79077206e-09 -0.05621434 0.0592142567 2.58833754e-09 -0.0556934029 0.0591686778 2.58634514e-09 -0.0561122857 0.0638454258 2.79077206e-09 -0.0556934029 0.0591686778 2.58634514e-09 -0.0492502339 0.0692765415 3.02817393e-09 -0.0492502339 0.0692765415 3.02817393e-09 -0.0556934029 0.0591686778 2.58634514e-09 -0.0551882908 0.0590333343 2.5804292e-09 -0.0551882908 0.0590333343 2.5804292e-09 -0.0547143593 0.0588123389 2.57076893e-09 -0.0492502339 0.0692765415 3.02817393e-09 -0.0492502339 0.0692765415 3.02817393e-09 -0.0547143593 0.0588123389 2.57076893e-09 -0.0542860031 0.0585124008 2.55765831e-09 -0.0492502339 0.0692765415 3.02817393e-09 -0.0542860031 0.0585124008 2.55765831e-09 -0.0539162382 0.0581426322 2.54149524e-09 -0.0539162382 0.0581426322 2.54149524e-09 -0.0536163002 0.057714276 2.5227711e-09 -0.0492502339 0.0692765415 3.02817393e-09 -0.0492502339 0.0692765415 3.02817393e-09 -0.0536163002 0.057714276 2.5227711e-09 -0.0496069267 0.0566067956 2.4743616e-09 -0.0492502339 0.0692765415 3.02817393e-09 -0.0496069267 0.0566067956 2.4743616e-09 -0.0418661237 0.0739733204 3.2334766e-09 -0.0418661237 0.0739733204 3.2334766e-09 -0.0496069267 0.0566067956 2.4743616e-09 -0.0249997545 0.0566067956 2.4743616e-09 -0.0418661237 0.0739733204 3.2334766e-09 -0.0249997545 0.0566067956 2.4743616e-09 -0.0340382196 0.0778859705 3.40450379e-09 -0.0340382196 0.0778859705 3.40450379e-09 -0.0249997545 0.0566067956 2.4743616e-09 -0.0258495063 0.0809729919 3.53944207e-09 -0.00716865482 0.0846961066 3.70218456e-09 -0.00873974804 0.0845484287 3.69572928e-09 -0.005000012 0.0827032551 3.61507424e-09 0.00469832681 0.0777889341 3.40026229e-09 0.00432999944 0.0769990385 3.36573502e-09 0.0249996018 0.0566067956 2.4743616e-09 0.00249989145 0.0751689374 3.28573879e-09 0.00170999998 0.0748006031 3.26963834e-09 0.0249996018 0.0566067956 2.4743616e-09 0.0249996018 0.0566067956 2.4743616e-09 0.00170999998 0.0748006031 3.26963834e-09 0.000868152885 0.0745750293 3.25977823e-09 0.0249996018 0.0566067956 2.4743616e-09 0.000868152885 0.0745750293 3.25977823e-09 -0.0249997545 0.0566067956 2.4743616e-09 -0.005000012 0.0827032551 3.61507424e-09 -0.00873974804 0.0845484287 3.69572928e-09 -0.005000012 0.0794990063 3.47501206e-09 -0.005000012 0.0794990063 3.47501206e-09 -0.00873974804 0.0845484287 3.69572928e-09 -0.0173867773 0.0832016915 3.6368617e-09 -0.005000012 0.0794990063 3.47501206e-09 -0.0173867773 0.0832016915 3.6368617e-09 -0.0258495063 0.0809729919 3.53944207e-09 0.00499985926 0.0827032551 3.61507424e-09 0.00499985926 0.0794990063 3.47501206e-09 0.0087395953 0.0845484287 3.69572928e-09 0.00432999944 0.0769990385 3.36573502e-09 0.00383009738 0.0762851089 3.33452821e-09 0.0249996018 0.0566067956 2.4743616e-09 0.0249996018 0.0566067956 2.4743616e-09 0.00383009738 0.0762851089 3.33452821e-09 0.00321381819 0.0756688341 3.30758976e-09 0.0249996018 0.0566067956 2.4743616e-09 0.00321381819 0.0756688341 3.30758976e-09 0.00249989145 0.0751689374 3.28573879e-09 0.000868152885 0.0745750293 3.25977823e-09 -7.62929631e-08 0.0744990706 3.25645799e-09 -0.0249997545 0.0566067956 2.4743616e-09 -0.0249997545 0.0566067956 2.4743616e-09 -7.62929631e-08 0.0744990706 3.25645799e-09 -0.000868305448 0.0745750293 3.25977823e-09 -0.0249997545 0.0566067956 2.4743616e-09 -0.000868305448 0.0745750293 3.25977823e-09 -0.00171015249 0.0748006031 3.26963834e-09 -0.00171015249 0.0748006031 3.26963834e-09 -0.00250004418 0.0751689374 3.28573879e-09 -0.0249997545 0.0566067956 2.4743616e-09 -0.0249997545 0.0566067956 2.4743616e-09 -0.00250004418 0.0751689374 3.28573879e-09 -0.00321397069 0.0756688341 3.30758976e-09 -0.0249997545 0.0566067956 2.4743616e-09 -0.00321397069 0.0756688341 3.30758976e-09 -0.00383025012 0.0762851089 3.33452821e-09 -0.00383025012 0.0762851089 3.33452821e-09 -0.00433014426 0.0769990385 3.36573502e-09 -0.0249997545 0.0566067956 2.4743616e-09 -0.0249997545 0.0566067956 2.4743616e-09 -0.00433014426 0.0769990385 3.36573502e-09 -0.00469847908 0.0777889341 3.40026229e-09 -0.0249997545 0.0566067956 2.4743616e-09 -0.00469847908 0.0777889341 3.40026229e-09 -0.0258495063 0.0809729919 3.53944207e-09 -0.0258495063 0.0809729919 3.53944207e-09 -0.00469847908 0.0777889341 3.40026229e-09 -0.00492405472 0.0786307752 3.43706064e-09 -0.0258495063 0.0809729919 3.53944207e-09 -0.00492405472 0.0786307752 3.43706064e-09 -0.005000012 0.0794990063 3.47501206e-09 0.00469832681 0.0777889341 3.40026229e-09 0.0249996018 0.0566067956 2.4743616e-09 0.00492390199 0.0786307752 3.43706064e-09 0.00492390199 0.0786307752 3.43706064e-09 0.0249996018 0.0566067956 2.4743616e-09 0.0258493535 0.0809729919 3.53944207e-09 0.00492390199 0.0786307752 3.43706064e-09 0.0258493535 0.0809729919 3.53944207e-09 0.00499985926 0.0794990063 3.47501206e-09 0.00499985926 0.0794990063 3.47501206e-09 0.0258493535 0.0809729919 3.53944207e-09 0.0173866246 0.0832016915 3.6368617e-09 0.00499985926 0.0794990063 3.47501206e-09 0.0173866246 0.0832016915 3.6368617e-09 0.0087395953 0.0845484287 3.69572928e-09 -0.00716865482 0.0846961066 3.70218456e-09 -0.005000012 0.0827032551 3.61507424e-09 -0.00683799339 0.0846966654 3.70220876e-09 -0.00683799339 0.0846966654 3.70220876e-09 -0.005000012 0.0827032551 3.61507424e-09 -0.00502734771 0.0830327868 3.62947872e-09 -0.00683799339 0.0846966654 3.70220876e-09 -0.00502734771 0.0830327868 3.62947872e-09 -0.00510860747 0.0833533183 3.64348951e-09 -0.00510860747 0.0833533183 3.64348951e-09 -0.00524156308 0.0836560652 3.65672292e-09 -0.00683799339 0.0846966654 3.70220876e-09 -0.00683799339 0.0846966654 3.70220876e-09 -0.00524156308 0.0836560652 3.65672292e-09 -0.00542259123 0.0839327797 3.66881836e-09 -0.00683799339 0.0846966654 3.70220876e-09 -0.00542259123 0.0839327797 3.66881836e-09 -0.00564673962 0.0841758773 3.67944475e-09 -0.00564673962 0.0841758773 3.67944475e-09 -0.00590787549 0.0843787268 3.68831143e-09 -0.00683799339 0.0846966654 3.70220876e-09 -0.00683799339 0.0846966654 3.70220876e-09 -0.00590787549 0.0843787268 3.68831143e-09 -0.00619886443 0.0845357701 3.69517594e-09 -0.00683799339 0.0846966654 3.70220876e-09 -0.00619886443 0.0845357701 3.69517594e-09 -0.00651175715 0.0846427232 3.69985109e-09 0.0087395953 0.0845484287 3.69572928e-09 0.00716850953 0.0846961066 3.70218456e-09 0.00499985926 0.0827032551 3.61507424e-09 0.00499985926 0.0827032551 3.61507424e-09 0.00716850953 0.0846961066 3.70218456e-09 0.00683784066 0.0846966654 3.70220876e-09 0.00499985926 0.0827032551 3.61507424e-09 0.00683784066 0.0846966654 3.70220876e-09 0.00502719497 0.0830327868 3.62947872e-09 0.00502719497 0.0830327868 3.62947872e-09 0.00683784066 0.0846966654 3.70220876e-09 0.00510845473 0.0833533183 3.64348951e-09 0.00590772275 0.0843787268 3.68831143e-09 0.00564658735 0.0841758773 3.67944475e-09 0.00619871914 0.0845357701 3.69517594e-09 0.00619871914 0.0845357701 3.69517594e-09 0.00564658735 0.0841758773 3.67944475e-09 0.00542243849 0.0839327797 3.66881836e-09 0.00619871914 0.0845357701 3.69517594e-09 0.00542243849 0.0839327797 3.66881836e-09 0.00651160441 0.0846427232 3.69985109e-09 0.00651160441 0.0846427232 3.69985109e-09 0.00542243849 0.0839327797 3.66881836e-09 0.00683784066 0.0846966654 3.70220876e-09 0.00683784066 0.0846966654 3.70220876e-09 0.00542243849 0.0839327797 3.66881836e-09 0.00524141034 0.0836560652 3.65672292e-09 0.00683784066 0.0846966654 3.70220876e-09 0.00524141034 0.0836560652 3.65672292e-09 0.00510845473 0.0833533183 3.64348951e-09 0.0492500849 0.0692765415 3.02817393e-09 0.0418659709 0.0739733204 3.2334766e-09 0.0249996018 0.0566067956 2.4743616e-09 0.0249996018 0.0566067956 2.4743616e-09 0.0418659709 0.0739733204 3.2334766e-09 0.0340380669 0.0778859705 3.40450379e-09 0.0249996018 0.0566067956 2.4743616e-09 0.0340380669 0.0778859705 3.40450379e-09 0.0258493535 0.0809729919 3.53944207e-09 0.0532142334 0.0562142953 2.45720488e-09 0.0532597974 0.0567352325 2.47997578e-09 0.0496067815 0.0566067956 2.4743616e-09 0.0496067815 0.0566067956 2.4743616e-09 0.0532597974 0.0567352325 2.47997578e-09 0.0533951558 0.0572403409 2.50205479e-09 0.0496067815 0.0566067956 2.4743616e-09 0.0533951558 0.0572403409 2.50205479e-09 0.0492500849 0.0692765415 3.02817393e-09 0.0590332374 0.0572403409 2.50205479e-09 0.0623793863 0.0577375181 2.52378718e-09 0.0588122308 0.057714276 2.5227711e-09 0.0588122308 0.057714276 2.5227711e-09 0.0623793863 0.0577375181 2.52378718e-09 0.0585122928 0.0581426322 2.54149524e-09 0.056112133 0.0638454258 2.79077206e-09 0.0562141947 0.0592142567 2.58833754e-09 0.0567351244 0.0591686778 2.58634514e-09 0.0533951558 0.0572403409 2.50205479e-09 0.0536161475 0.057714276 2.5227711e-09 0.0492500849 0.0692765415 3.02817393e-09 0.0492500849 0.0692765415 3.02817393e-09 0.0536161475 0.057714276 2.5227711e-09 0.0539160855 0.0581426322 2.54149524e-09 0.0492500849 0.0692765415 3.02817393e-09 0.0539160855 0.0581426322 2.54149524e-09 0.0542858467 0.0585124008 2.55765831e-09 0.0542858467 0.0585124008 2.55765831e-09 0.0547142141 0.0588123389 2.57076893e-09 0.0492500849 0.0692765415 3.02817393e-09 0.0492500849 0.0692765415 3.02817393e-09 0.0547142141 0.0588123389 2.57076893e-09 0.0551881492 0.0590333343 2.5804292e-09 0.0492500849 0.0692765415 3.02817393e-09 0.0551881492 0.0590333343 2.5804292e-09 0.056112133 0.0638454258 2.79077206e-09 0.056112133 0.0638454258 2.79077206e-09 0.0551881492 0.0590333343 2.5804292e-09 0.0556932539 0.0591686778 2.58634514e-09 0.056112133 0.0638454258 2.79077206e-09 0.0556932539 0.0591686778 2.58634514e-09 0.0562141947 0.0592142567 2.58833754e-09 0.0567351244 0.0591686778 2.58634514e-09 0.0572402291 0.0590333343 2.5804292e-09 0.056112133 0.0638454258 2.79077206e-09 0.056112133 0.0638454258 2.79077206e-09 0.0572402291 0.0590333343 2.5804292e-09 0.0577141605 0.0588123389 2.57076893e-09 0.056112133 0.0638454258 2.79077206e-09 0.0577141605 0.0588123389 2.57076893e-09 0.0623793863 0.0577375181 2.52378718e-09 0.0623793863 0.0577375181 2.52378718e-09 0.0577141605 0.0588123389 2.57076893e-09 0.0581425317 0.0585124008 2.55765831e-09 0.0623793863 0.0577375181 2.52378718e-09 0.0581425317 0.0585124008 2.55765831e-09 0.0585122928 0.0581426322 2.54149524e-09 0.0567351244 0.0532599129 2.32806463e-09 0.0562141947 0.053214334 2.32607245e-09 0.0496067815 0.049606882 2.16838569e-09 0.0585122928 0.0542859547 2.37291453e-09 0.0679853931 0.0510175861 2.23004948e-09 0.0588122308 0.0547143146 2.39163866e-09 0.0588122308 0.0547143146 2.39163866e-09 0.0679853931 0.0510175861 2.23004948e-09 0.0590332374 0.0551882461 2.41235498e-09 0.0590332374 0.0572403409 2.50205479e-09 0.0591685809 0.0567352325 2.47997578e-09 0.0623793863 0.0577375181 2.52378718e-09 0.0623793863 0.0577375181 2.52378718e-09 0.0591685809 0.0567352325 2.47997578e-09 0.0592141561 0.0562142953 2.45720488e-09 0.0623793863 0.0577375181 2.52378718e-09 0.0592141561 0.0562142953 2.45720488e-09 0.0679853931 0.0510175861 2.23004948e-09 0.0679853931 0.0510175861 2.23004948e-09 0.0592141561 0.0562142953 2.45720488e-09 0.0591685809 0.0556933545 2.43443399e-09 0.0679853931 0.0510175861 2.23004948e-09 0.0591685809 0.0556933545 2.43443399e-09 0.0590332374 0.0551882461 2.41235498e-09 0.0539160855 0.0542859547 2.37291453e-09 0.0496067815 0.049606882 2.16838569e-09 0.0542858467 0.0539161898 2.35675168e-09 0.0542858467 0.0539161898 2.35675168e-09 0.0496067815 0.049606882 2.16838569e-09 0.0547142141 0.0536162518 2.34364084e-09 0.0585122928 0.0542859547 2.37291453e-09 0.0581425317 0.0539161898 2.35675168e-09 0.0679853931 0.0510175861 2.23004948e-09 0.0679853931 0.0510175861 2.23004948e-09 0.0581425317 0.0539161898 2.35675168e-09 0.0577141605 0.0536162518 2.34364084e-09 0.0679853931 0.0510175861 2.23004948e-09 0.0577141605 0.0536162518 2.34364084e-09 0.0572402291 0.0533952564 2.33398079e-09 0.0562141947 0.053214334 2.32607245e-09 0.0556932539 0.0532599129 2.32806463e-09 0.0496067815 0.049606882 2.16838569e-09 0.0496067815 0.049606882 2.16838569e-09 0.0556932539 0.0532599129 2.32806463e-09 0.0551881492 0.0533952564 2.33398079e-09 0.0496067815 0.049606882 2.16838569e-09 0.0551881492 0.0533952564 2.33398079e-09 0.0547142141 0.0536162518 2.34364084e-09 0.0539160855 0.0542859547 2.37291453e-09 0.0536161475 0.0547143146 2.39163866e-09 0.0496067815 0.049606882 2.16838569e-09 0.0496067815 0.049606882 2.16838569e-09 0.0536161475 0.0547143146 2.39163866e-09 0.0533951558 0.0551882461 2.41235498e-09 0.0496067815 0.049606882 2.16838569e-09 0.0533951558 0.0551882461 2.41235498e-09 0.0496067815 0.0566067956 2.4743616e-09 0.0496067815 0.0566067956 2.4743616e-09 0.0533951558 0.0551882461 2.41235498e-09 0.0532597974 0.0556933545 2.43443399e-09 0.0496067815 0.0566067956 2.4743616e-09 0.0532597974 0.0556933545 2.43443399e-09 0.0532142334 0.0562142953 2.45720488e-09 0.0572402291 0.0533952564 2.33398079e-09 0.0567351244 0.0532599129 2.32806463e-09 0.0679853931 0.0510175861 2.23004948e-09 0.0679853931 0.0510175861 2.23004948e-09 0.0567351244 0.0532599129 2.32806463e-09 0.0496067815 0.049606882 2.16838569e-09 0.0679853931 0.0510175861 2.23004948e-09 0.0496067815 0.049606882 2.16838569e-09 0.0728707388 0.0437568538 1.91267291e-09 0.0728707388 0.0437568538 1.91267291e-09 0.0496067815 0.049606882 2.16838569e-09 0.0496067815 0.0249997079 1.09277198e-09 0.0728707388 0.0437568538 1.91267291e-09 0.0496067815 0.0249997079 1.09277198e-09 0.0769836307 0.0360322855 1.57502122e-09 0.0769836307 0.0360322855 1.57502122e-09 0.0496067815 0.0249997079 1.09277198e-09 0.0802804753 0.0279257726 1.22067434e-09 0.0506938659 -0.00393915083 -1.72185752e-10 0.0499992818 -0.00399991777 -1.74841974e-10 0.0496067815 -0.0249996483 -1.09276932e-09 0.0846959949 -0.00716855563 -3.13347515e-10 0.0537580065 -0.00136803195 -5.97985828e-11 0.0836216807 -0.0152386418 -6.66102229e-10 0.0836216807 -0.0152386418 -6.66102229e-10 0.0537580065 -0.00136803195 -5.97985828e-11 0.0534633324 -0.00199994375 -8.7420321e-11 0.0836216807 -0.0152386418 -6.66102229e-10 0.0534633324 -0.00199994375 -8.7420321e-11 0.0816116035 -0.0237559434 -1.03840525e-09 0.0816116035 -0.0237559434 -1.03840525e-09 0.0534633324 -0.00199994375 -8.7420321e-11 0.0530634187 -0.00257108803 -1.12385837e-10 0.0530634187 -0.00257108803 -1.12385837e-10 0.0525703989 -0.00306410855 -1.33936445e-10 0.0816116035 -0.0237559434 -1.03840525e-09 0.0816116035 -0.0237559434 -1.03840525e-09 0.0525703989 -0.00306410855 -1.33936445e-10 0.051999256 -0.00346402847 -1.51417504e-10 0.0816116035 -0.0237559434 -1.03840525e-09 0.051999256 -0.00346402847 -1.51417504e-10 0.0496067815 -0.0249996483 -1.09276932e-09 0.0496067815 -0.0249996483 -1.09276932e-09 0.051999256 -0.00346402847 -1.51417504e-10 0.0513673499 -0.00375869498 -1.6429777e-10 0.0496067815 -0.0249996483 -1.09276932e-09 0.0513673499 -0.00375869498 -1.6429777e-10 0.0506938659 -0.00393915083 -1.72185752e-10 0.079498902 -0.00499990489 -2.18552801e-10 0.0786306709 -0.00492394762 -2.15232596e-10 0.0845356733 -0.00619876524 -2.70956646e-10 0.0486312099 0.00375874829 1.64300115e-10 0.0493046939 0.00393921183 1.72188416e-10 0.0496067815 0.0249997079 1.09277198e-09 0.0496067815 0.0249997079 1.09277198e-09 0.0493046939 0.00393921183 1.72188416e-10 0.0499992818 0.00399997924 1.74844639e-10 0.0496067815 0.0249997079 1.09277198e-09 0.0499992818 0.00399997924 1.74844639e-10 0.0506938659 0.00393921183 1.72188416e-10 0.0777888224 0.00469843345 2.0537505e-10 0.0802804753 0.0279257726 1.22067434e-09 0.0769989341 0.00433009863 1.89274624e-10 0.0769989341 0.00433009863 1.89274624e-10 0.0802804753 0.0279257726 1.22067434e-09 0.0496067815 0.0249997079 1.09277198e-09 0.0769989341 0.00433009863 1.89274624e-10 0.0496067815 0.0249997079 1.09277198e-09 0.0762849972 0.00383020425 1.67423547e-10 0.0762849972 0.00383020425 1.67423547e-10 0.0496067815 0.0249997079 1.09277198e-09 0.0756687373 0.00321392505 1.40485124e-10 0.0777888224 0.00469843345 2.0537505e-10 0.0786306709 0.00492400909 2.15235274e-10 0.0802804753 0.0279257726 1.22067434e-09 0.0802804753 0.0279257726 1.22067434e-09 0.0786306709 0.00492400909 2.15235274e-10 0.079498902 0.00499996636 2.18555465e-10 0.0802804753 0.0279257726 1.22067434e-09 0.079498902 0.00499996636 2.18555465e-10 0.082726337 0.0195232388 8.53387916e-10 0.0845356733 -0.00619876524 -2.70956646e-10 0.0539384522 -0.000694555871 -3.03600027e-11 0.0846426189 -0.00651165005 -2.84633289e-10 0.0846426189 -0.00651165005 -2.84633289e-10 0.0539384522 -0.000694555871 -3.03600027e-11 0.0537580065 -0.00136803195 -5.97985828e-11 0.0846426189 -0.00651165005 -2.84633289e-10 0.0537580065 -0.00136803195 -5.97985828e-11 0.0846965536 -0.00683788629 -2.98893521e-10 0.0846965536 -0.00683788629 -2.98893521e-10 0.0537580065 -0.00136803195 -5.97985828e-11 0.0846959949 -0.00716855563 -3.13347515e-10 0.0845356733 -0.00619876524 -2.70956646e-10 0.0786306709 -0.00492394762 -2.15232596e-10 0.0539384522 -0.000694555871 -3.03600027e-11 0.0539384522 -0.000694555871 -3.03600027e-11 0.0786306709 -0.00492394762 -2.15232596e-10 0.0777888224 -0.00469837245 -2.05372386e-10 0.0539384522 -0.000694555871 -3.03600027e-11 0.0777888224 -0.00469837245 -2.05372386e-10 0.0769989341 -0.00433004508 -1.89272292e-10 0.051999256 0.00346408971 1.51420168e-10 0.0525703989 0.00306416955 1.3393911e-10 0.0748004913 0.00171010674 7.47511428e-11 0.0748004913 0.00171010674 7.47511428e-11 0.0525703989 0.00306416955 1.3393911e-10 0.0530634187 0.00257114926 1.12388501e-10 0.0748004913 0.00171010674 7.47511428e-11 0.0530634187 0.00257114926 1.12388501e-10 0.074574925 0.000868259696 3.79528388e-11 0.074574925 0.000868259696 3.79528388e-11 0.0530634187 0.00257114926 1.12388501e-10 0.0534633324 0.00200000475 8.74229855e-11 0.0756687373 0.00321392505 1.40485124e-10 0.0496067815 0.0249997079 1.09277198e-09 0.0751688331 0.00249999831 1.09278399e-10 0.0751688331 0.00249999831 1.09278399e-10 0.0496067815 0.0249997079 1.09277198e-09 0.0506938659 0.00393921183 1.72188416e-10 0.0751688331 0.00249999831 1.09278399e-10 0.0506938659 0.00393921183 1.72188416e-10 0.0748004913 0.00171010674 7.47511428e-11 0.0748004913 0.00171010674 7.47511428e-11 0.0506938659 0.00393921183 1.72188416e-10 0.0513673499 0.00375874829 1.64300115e-10 0.0748004913 0.00171010674 7.47511428e-11 0.0513673499 0.00375874829 1.64300115e-10 0.051999256 0.00346408971 1.51420168e-10 0.0841757804 -0.00564663298 -2.46822174e-10 0.0839326829 -0.00542248413 -2.37024317e-10 0.0827031434 -0.00499990489 -2.18552801e-10 0.0769989341 -0.00433004508 -1.89272292e-10 0.0762849972 -0.00383014325 -1.67420883e-10 0.0539384522 -0.000694555871 -3.03600027e-11 0.0539384522 -0.000694555871 -3.03600027e-11 0.0762849972 -0.00383014325 -1.67420883e-10 0.0756687373 -0.00321386405 -1.40482459e-10 0.0539384522 -0.000694555871 -3.03600027e-11 0.0756687373 -0.00321386405 -1.40482459e-10 0.0751688331 -0.00249993731 -1.09275734e-10 0.0534633324 0.00200000475 8.74229855e-11 0.0537580065 0.00136809307 5.98012473e-11 0.074574925 0.000868259696 3.79528388e-11 0.074574925 0.000868259696 3.79528388e-11 0.0537580065 0.00136809307 5.98012473e-11 0.0539384522 0.000694616931 3.03626707e-11 0.074574925 0.000868259696 3.79528388e-11 0.0539384522 0.000694616931 3.03626707e-11 0.0744989663 3.05171852e-08 1.33394857e-15 0.0744989663 3.05171852e-08 1.33394857e-15 0.0539384522 0.000694616931 3.03626707e-11 0.0539992303 3.05171852e-08 1.33394857e-15 0.0744989663 3.05171852e-08 1.33394857e-15 0.0539992303 3.05171852e-08 1.33394857e-15 0.074574925 -0.000868198636 -3.79501708e-11 0.074574925 -0.000868198636 -3.79501708e-11 0.0539992303 3.05171852e-08 1.33394857e-15 0.0539384522 -0.000694555871 -3.03600027e-11 0.074574925 -0.000868198636 -3.79501708e-11 0.0539384522 -0.000694555871 -3.03600027e-11 0.0748004913 -0.00171004573 -7.47484782e-11 0.0748004913 -0.00171004573 -7.47484782e-11 0.0539384522 -0.000694555871 -3.03600027e-11 0.0751688331 -0.00249993731 -1.09275734e-10 0.079498902 -0.00499990489 -2.18552801e-10 0.0845356733 -0.00619876524 -2.70956646e-10 0.0827031434 -0.00499990489 -2.18552801e-10 0.0827031434 -0.00499990489 -2.18552801e-10 0.0845356733 -0.00619876524 -2.70956646e-10 0.0843786299 -0.00590776838 -2.58236765e-10 0.0827031434 -0.00499990489 -2.18552801e-10 0.0843786299 -0.00590776838 -2.58236765e-10 0.0841757804 -0.00564663298 -2.46822174e-10 0.0839326829 -0.00542248413 -2.37024317e-10 0.0836559683 -0.00524145644 -2.29111341e-10 0.0827031434 -0.00499990489 -2.18552801e-10 0.0827031434 -0.00499990489 -2.18552801e-10 0.0836559683 -0.00524145644 -2.29111341e-10 0.0833532065 -0.00510850037 -2.23299657e-10 0.0827031434 -0.00499990489 -2.18552801e-10 0.0833532065 -0.00510850037 -2.23299657e-10 0.0830326825 -0.00502724107 -2.19747678e-10 0.0833532065 0.00510856137 2.23302321e-10 0.0836559683 0.00524151744 2.29114006e-10 0.0846959949 0.00716860872 3.13349846e-10 0.0836559683 0.00524151744 2.29114006e-10 0.0839326829 0.00542254513 2.37026981e-10 0.0846959949 0.00716860872 3.13349846e-10 0.0846959949 0.00716860872 3.13349846e-10 0.0839326829 0.00542254513 2.37026981e-10 0.0841757804 0.00564669399 2.46824838e-10 0.0846959949 0.00716860872 3.13349846e-10 0.0841757804 0.00564669399 2.46824838e-10 0.0843786299 0.00590782939 2.5823943e-10 0.082726337 0.0195232388 8.53387916e-10 0.079498902 0.00499996636 2.18555465e-10 0.0842952728 0.0109137464 4.77055007e-10 0.0842952728 0.0109137464 4.77055007e-10 0.079498902 0.00499996636 2.18555465e-10 0.0827031434 0.00499996636 2.18555465e-10 0.0842952728 0.0109137464 4.77055007e-10 0.0827031434 0.00499996636 2.18555465e-10 0.0846959949 0.00716860872 3.13349846e-10 0.0846959949 0.00716860872 3.13349846e-10 0.0827031434 0.00499996636 2.18555465e-10 0.0830326825 0.00502730208 2.19750357e-10 0.0846959949 0.00716860872 3.13349846e-10 0.0830326825 0.00502730208 2.19750357e-10 0.0833532065 0.00510856137 2.23302321e-10 0.0843786299 0.00590782939 2.5823943e-10 0.0845356733 0.00619881833 2.70958977e-10 0.0846959949 0.00716860872 3.13349846e-10 0.0846959949 0.00716860872 3.13349846e-10 0.0845356733 0.00619881833 2.70958977e-10 0.0846426189 0.00651171105 2.84635954e-10 0.0846959949 0.00716860872 3.13349846e-10 0.0846426189 0.00651171105 2.84635954e-10 0.0846965536 0.00683794776 2.98896186e-10 0.0705215707 -0.0474500731 -2.07410866e-09 0.0750266537 -0.0399474837 -1.74615999e-09 0.0496067815 -0.0249996483 -1.09276932e-09 0.0496067815 -0.0249996483 -1.09276932e-09 0.0750266537 -0.0399474837 -1.74615999e-09 0.0787364468 -0.0320214294 -1.39970124e-09 0.0496067815 -0.0249996483 -1.09276932e-09 0.0787364468 -0.0320214294 -1.39970124e-09 0.0816116035 -0.0237559434 -1.03840525e-09 0.0593244173 -0.0608721264 -2.66080513e-09 0.0585122928 -0.0581425764 -2.54149279e-09 0.0581425317 -0.0585123375 -2.55765564e-09 0.0652689189 -0.0544496924 -2.3800717e-09 0.0591685809 -0.0556932986 -2.43443155e-09 0.0592141561 -0.0562142432 -2.45720266e-09 0.0542858467 -0.0585123375 -2.55765564e-09 0.0539160855 -0.0581425764 -2.54149279e-09 0.045618508 -0.0717199594 -3.13497917e-09 0.045618508 -0.0717199594 -3.13497917e-09 0.0539160855 -0.0581425764 -2.54149279e-09 0.0536161475 -0.057714209 -2.52276822e-09 0.045618508 -0.0717199594 -3.13497917e-09 0.0536161475 -0.057714209 -2.52276822e-09 0.0533951558 -0.0572402738 -2.5020519e-09 0.0567351244 -0.0532598421 -2.32806174e-09 0.0572402291 -0.0533952005 -2.33397857e-09 0.0705215707 -0.0474500731 -2.07410866e-09 0.0705215707 -0.0474500731 -2.07410866e-09 0.0572402291 -0.0533952005 -2.33397857e-09 0.0577141605 -0.0536161922 -2.34363817e-09 0.0705215707 -0.0474500731 -2.07410866e-09 0.0577141605 -0.0536161922 -2.34363817e-09 0.0581425317 -0.0539161302 -2.35674902e-09 0.0581425317 -0.0539161302 -2.35674902e-09 0.0585122928 -0.0542858914 -2.37291164e-09 0.0705215707 -0.0474500731 -2.07410866e-09 0.0705215707 -0.0474500731 -2.07410866e-09 0.0585122928 -0.0542858914 -2.37291164e-09 0.0588122308 -0.0547142625 -2.39163644e-09 0.0705215707 -0.0474500731 -2.07410866e-09 0.0588122308 -0.0547142625 -2.39163644e-09 0.0652689189 -0.0544496924 -2.3800717e-09 0.0652689189 -0.0544496924 -2.3800717e-09 0.0588122308 -0.0547142625 -2.39163644e-09 0.0590332374 -0.0551881939 -2.41235254e-09 0.0652689189 -0.0544496924 -2.3800717e-09 0.0590332374 -0.0551881939 -2.41235254e-09 0.0591685809 -0.0556932986 -2.43443155e-09 0.0581425317 -0.0585123375 -2.55765564e-09 0.0577141605 -0.0588122755 -2.57076627e-09 0.0593244173 -0.0608721264 -2.66080513e-09 0.0593244173 -0.0608721264 -2.66080513e-09 0.0577141605 -0.0588122755 -2.57076627e-09 0.0572402291 -0.0590332821 -2.58042676e-09 0.0593244173 -0.0608721264 -2.66080513e-09 0.0572402291 -0.0590332821 -2.58042676e-09 0.0527510457 -0.0666492879 -2.91333291e-09 0.0527510457 -0.0666492879 -2.91333291e-09 0.0572402291 -0.0590332821 -2.58042676e-09 0.0567351244 -0.0591686256 -2.58634292e-09 0.0527510457 -0.0666492879 -2.91333291e-09 0.0567351244 -0.0591686256 -2.58634292e-09 0.0562141947 -0.0592142045 -2.5883351e-09 0.0562141947 -0.0592142045 -2.5883351e-09 0.0556932539 -0.0591686256 -2.58634292e-09 0.0527510457 -0.0666492879 -2.91333291e-09 0.0527510457 -0.0666492879 -2.91333291e-09 0.0556932539 -0.0591686256 -2.58634292e-09 0.0551881492 -0.0590332821 -2.58042676e-09 0.0527510457 -0.0666492879 -2.91333291e-09 0.0551881492 -0.0590332821 -2.58042676e-09 0.045618508 -0.0717199594 -3.13497917e-09 0.045618508 -0.0717199594 -3.13497917e-09 0.0551881492 -0.0590332821 -2.58042676e-09 0.0547142141 -0.0588122755 -2.57076627e-09 0.045618508 -0.0717199594 -3.13497917e-09 0.0547142141 -0.0588122755 -2.57076627e-09 0.0542858467 -0.0585123375 -2.55765564e-09 0.0532597974 -0.0567351691 -2.47997312e-09 0.0532142334 -0.0562142432 -2.45720266e-09 0.0496067815 -0.0496068299 -2.16838347e-09 0.0532142334 -0.0562142432 -2.45720266e-09 0.0532597974 -0.0556932986 -2.43443155e-09 0.0496067815 -0.0496068299 -2.16838347e-09 0.0496067815 -0.0496068299 -2.16838347e-09 0.0532597974 -0.0556932986 -2.43443155e-09 0.0533951558 -0.0551881939 -2.41235254e-09 0.0496067815 -0.0496068299 -2.16838347e-09 0.0533951558 -0.0551881939 -2.41235254e-09 0.0536161475 -0.0547142625 -2.39163644e-09 0.0536161475 -0.0547142625 -2.39163644e-09 0.0539160855 -0.0542858914 -2.37291164e-09 0.0496067815 -0.0496068299 -2.16838347e-09 0.0496067815 -0.0496068299 -2.16838347e-09 0.0539160855 -0.0542858914 -2.37291164e-09 0.0542858467 -0.0539161302 -2.35674902e-09 0.0496067815 -0.0496068299 -2.16838347e-09 0.0542858467 -0.0539161302 -2.35674902e-09 0.0547142141 -0.0536161922 -2.34363817e-09 0.0547142141 -0.0536161922 -2.34363817e-09 0.0551881492 -0.0533952005 -2.33397857e-09 0.0496067815 -0.0496068299 -2.16838347e-09 0.0496067815 -0.0496068299 -2.16838347e-09 0.0551881492 -0.0533952005 -2.33397857e-09 0.0556932539 -0.0532598421 -2.32806174e-09 0.0496067815 -0.0496068299 -2.16838347e-09 0.0556932539 -0.0532598421 -2.32806174e-09 0.0562141947 -0.0532142818 -2.32607023e-09 0.0592141561 -0.0562142432 -2.45720266e-09 0.0591685809 -0.0567351691 -2.47997312e-09 0.0652689189 -0.0544496924 -2.3800717e-09 0.0652689189 -0.0544496924 -2.3800717e-09 0.0591685809 -0.0567351691 -2.47997312e-09 0.0590332374 -0.0572402738 -2.5020519e-09 0.0652689189 -0.0544496924 -2.3800717e-09 0.0590332374 -0.0572402738 -2.5020519e-09 0.0593244173 -0.0608721264 -2.66080513e-09 0.0593244173 -0.0608721264 -2.66080513e-09 0.0590332374 -0.0572402738 -2.5020519e-09 0.0588122308 -0.057714209 -2.52276822e-09 0.0593244173 -0.0608721264 -2.66080513e-09 0.0588122308 -0.057714209 -2.52276822e-09 0.0585122928 -0.0581425764 -2.54149279e-09 0.0533951558 -0.0572402738 -2.5020519e-09 0.0532597974 -0.0567351691 -2.47997312e-09 0.045618508 -0.0717199594 -3.13497917e-09 0.045618508 -0.0717199594 -3.13497917e-09 0.0532597974 -0.0567351691 -2.47997312e-09 0.0496067815 -0.0496068299 -2.16838347e-09 0.045618508 -0.0717199594 -3.13497917e-09 0.0496067815 -0.0496068299 -2.16838347e-09 0.038002409 -0.0760303959 -3.32339423e-09 0.038002409 -0.0760303959 -3.32339423e-09 0.0496067815 -0.0496068299 -2.16838347e-09 0.0249996018 -0.0496068299 -2.16838347e-09 0.038002409 -0.0760303959 -3.32339423e-09 0.0249996018 -0.0496068299 -2.16838347e-09 0.0299834628 -0.0795348808 -3.47658013e-09 0.0299834628 -0.0795348808 -3.47658013e-09 0.0249996018 -0.0496068299 -2.16838347e-09 0.0216466933 -0.0821962655 -3.59291308e-09 -0.00400002487 -0.0499993265 -2.18553997e-09 -0.00393925747 -0.0493047386 -2.1551787e-09 -0.0249997545 -0.0496068299 -2.16838347e-09 -0.0025711949 -0.0530634634 -2.31947772e-09 -0.00306421542 -0.0525704436 -2.29792718e-09 -0.0216468424 -0.0821962655 -3.59291308e-09 0.00716850953 -0.0846960396 -3.70218145e-09 0.0130804591 -0.0839863643 -3.67116049e-09 0.00499985926 -0.0827031881 -3.61507135e-09 0.00499985926 -0.0827031881 -3.61507135e-09 0.0130804591 -0.0839863643 -3.67116049e-09 0.0216466933 -0.0821962655 -3.59291308e-09 0.00499985926 -0.0827031881 -3.61507135e-09 0.0216466933 -0.0821962655 -3.59291308e-09 0.00499985926 -0.0794989467 -3.47500939e-09 -0.00136813882 -0.0537580512 -2.34983921e-09 -0.0130806044 -0.0839863643 -3.67116049e-09 -0.00716865482 -0.0846960396 -3.70218145e-09 -0.0130806044 -0.0839863643 -3.67116049e-09 -0.00136813882 -0.0537580512 -2.34983921e-09 -0.0216468424 -0.0821962655 -3.59291308e-09 -0.0216468424 -0.0821962655 -3.59291308e-09 -0.00136813882 -0.0537580512 -2.34983921e-09 -0.00200005062 -0.0534633771 -2.3369584e-09 -0.0216468424 -0.0821962655 -3.59291308e-09 -0.00200005062 -0.0534633771 -2.3369584e-09 -0.0025711949 -0.0530634634 -2.31947772e-09 -0.00346413534 -0.0519993007 -2.2729616e-09 -0.00375879416 -0.0513673946 -2.24534014e-09 -0.0249997545 -0.0496068299 -2.16838347e-09 -0.0249997545 -0.0496068299 -2.16838347e-09 -0.00375879416 -0.0513673946 -2.24534014e-09 -0.00393925747 -0.0506939106 -2.21590124e-09 -0.0249997545 -0.0496068299 -2.16838347e-09 -0.00393925747 -0.0506939106 -2.21590124e-09 -0.00400002487 -0.0499993265 -2.18553997e-09 -0.00469847908 -0.0777888671 -3.40025963e-09 -0.00433014426 -0.0769989789 -3.36573236e-09 -0.000694662682 -0.0539385006 -2.35772668e-09 0.00651160441 -0.0846426636 -3.69984843e-09 0.00683784066 -0.0846966058 -3.7022061e-09 0.00524141034 -0.083656013 -3.65672048e-09 0.00375864911 -0.0513673946 -2.24534014e-09 0.0249996018 -0.0496068299 -2.16838347e-09 0.00393910473 -0.0506939106 -2.21590124e-09 0.00393910473 -0.0506939106 -2.21590124e-09 0.0249996018 -0.0496068299 -2.16838347e-09 0.00399987213 -0.0499993265 -2.18553997e-09 0.00524141034 -0.083656013 -3.65672048e-09 0.00683784066 -0.0846966058 -3.7022061e-09 0.00510845473 -0.0833532512 -3.6434864e-09 -0.00469847908 -0.0777888671 -3.40025963e-09 -0.000694662682 -0.0539385006 -2.35772668e-09 -0.00492405472 -0.0786307156 -3.43705797e-09 -0.00433014426 -0.0769989789 -3.36573236e-09 -0.00383025012 -0.0762850419 -3.33452532e-09 -0.000694662682 -0.0539385006 -2.35772668e-09 -0.000694662682 -0.0539385006 -2.35772668e-09 -0.00383025012 -0.0762850419 -3.33452532e-09 -0.00321397069 -0.075668782 -3.30758754e-09 -0.000694662682 -0.0539385006 -2.35772668e-09 -0.00321397069 -0.075668782 -3.30758754e-09 -0.00250004418 -0.0751688778 -3.28573613e-09 0.00564658735 -0.0841758251 -3.67944231e-09 0.00590772275 -0.0843786746 -3.68830899e-09 0.00619871914 -0.084535718 -3.6951735e-09 -0.005000012 -0.0794989467 -3.47500939e-09 -0.00492405472 -0.0786307156 -3.43705797e-09 -0.00619886443 -0.084535718 -3.6951735e-09 -0.00619886443 -0.084535718 -3.6951735e-09 -0.00492405472 -0.0786307156 -3.43705797e-09 -0.000694662682 -0.0539385006 -2.35772668e-09 -0.00619886443 -0.084535718 -3.6951735e-09 -0.000694662682 -0.0539385006 -2.35772668e-09 -0.00651175715 -0.0846426636 -3.69984843e-09 -0.00651175715 -0.0846426636 -3.69984843e-09 -0.000694662682 -0.0539385006 -2.35772668e-09 -0.00136813882 -0.0537580512 -2.34983921e-09 -0.00651175715 -0.0846426636 -3.69984843e-09 -0.00136813882 -0.0537580512 -2.34983921e-09 -0.00683799339 -0.0846966058 -3.7022061e-09 -0.00683799339 -0.0846966058 -3.7022061e-09 -0.00136813882 -0.0537580512 -2.34983921e-09 -0.00716865482 -0.0846960396 -3.70218145e-09 0.00199989788 -0.0534633771 -2.3369584e-09 0.000868152885 -0.0745749697 -3.25977534e-09 0.00257104239 -0.0530634634 -2.31947772e-09 0.00257104239 -0.0530634634 -2.31947772e-09 0.000868152885 -0.0745749697 -3.25977534e-09 0.00306406268 -0.0525704436 -2.29792718e-09 0.00249989145 -0.0751688778 -3.28573613e-09 0.00321381819 -0.075668782 -3.30758754e-09 0.0249996018 -0.0496068299 -2.16838347e-09 0.0249996018 -0.0496068299 -2.16838347e-09 0.00321381819 -0.075668782 -3.30758754e-09 0.00383009738 -0.0762850419 -3.33452532e-09 0.00716850953 -0.0846960396 -3.70218145e-09 0.00499985926 -0.0827031881 -3.61507135e-09 0.00683784066 -0.0846966058 -3.7022061e-09 0.00683784066 -0.0846966058 -3.7022061e-09 0.00499985926 -0.0827031881 -3.61507135e-09 0.00502719497 -0.0830327272 -3.62947605e-09 0.00683784066 -0.0846966058 -3.7022061e-09 0.00502719497 -0.0830327272 -3.62947605e-09 0.00510845473 -0.0833532512 -3.6434864e-09 -0.00510860747 -0.0833532512 -3.6434864e-09 -0.00502734771 -0.0830327272 -3.62947605e-09 -0.00619886443 -0.084535718 -3.6951735e-09 -0.00619886443 -0.084535718 -3.6951735e-09 -0.00502734771 -0.0830327272 -3.62947605e-09 -0.005000012 -0.0827031881 -3.61507135e-09 -0.00619886443 -0.084535718 -3.6951735e-09 -0.005000012 -0.0827031881 -3.61507135e-09 -0.005000012 -0.0794989467 -3.47500939e-09 0.00249989145 -0.0751688778 -3.28573613e-09 0.0249996018 -0.0496068299 -2.16838347e-09 0.00170999998 -0.074800536 -3.26963523e-09 0.00170999998 -0.074800536 -3.26963523e-09 0.0249996018 -0.0496068299 -2.16838347e-09 0.00375864911 -0.0513673946 -2.24534014e-09 0.00170999998 -0.074800536 -3.26963523e-09 0.00375864911 -0.0513673946 -2.24534014e-09 0.000868152885 -0.0745749697 -3.25977534e-09 0.000868152885 -0.0745749697 -3.25977534e-09 0.00375864911 -0.0513673946 -2.24534014e-09 0.00346398284 -0.0519993007 -2.2729616e-09 0.000868152885 -0.0745749697 -3.25977534e-09 0.00346398284 -0.0519993007 -2.2729616e-09 0.00306406268 -0.0525704436 -2.29792718e-09 0.00383009738 -0.0762850419 -3.33452532e-09 0.00432999944 -0.0769989789 -3.36573236e-09 0.0249996018 -0.0496068299 -2.16838347e-09 0.0249996018 -0.0496068299 -2.16838347e-09 0.00432999944 -0.0769989789 -3.36573236e-09 0.00469832681 -0.0777888671 -3.40025963e-09 0.0249996018 -0.0496068299 -2.16838347e-09 0.00469832681 -0.0777888671 -3.40025963e-09 0.0216466933 -0.0821962655 -3.59291308e-09 0.0216466933 -0.0821962655 -3.59291308e-09 0.00469832681 -0.0777888671 -3.40025963e-09 0.00492390199 -0.0786307156 -3.43705797e-09 0.0216466933 -0.0821962655 -3.59291308e-09 0.00492390199 -0.0786307156 -3.43705797e-09 0.00499985926 -0.0794989467 -3.47500939e-09 0.00651160441 -0.0846426636 -3.69984843e-09 0.00524141034 -0.083656013 -3.65672048e-09 0.00619871914 -0.084535718 -3.6951735e-09 0.00619871914 -0.084535718 -3.6951735e-09 0.00524141034 -0.083656013 -3.65672048e-09 0.00542243849 -0.0839327276 -3.66881614e-09 0.00619871914 -0.084535718 -3.6951735e-09 0.00542243849 -0.0839327276 -3.66881614e-09 0.00564658735 -0.0841758251 -3.67944231e-09 -0.00590787549 -0.0843786746 -3.68830899e-09 -0.00564673962 -0.0841758251 -3.67944231e-09 -0.00542259123 -0.0839327276 -3.66881614e-09 -0.00250004418 -0.0751688778 -3.28573613e-09 -0.00171015249 -0.074800536 -3.26963523e-09 -0.000694662682 -0.0539385006 -2.35772668e-09 -0.000694662682 -0.0539385006 -2.35772668e-09 -0.00171015249 -0.074800536 -3.26963523e-09 -0.000868305448 -0.0745749697 -3.25977534e-09 -0.000694662682 -0.0539385006 -2.35772668e-09 -0.000868305448 -0.0745749697 -3.25977534e-09 -7.62929631e-08 -0.053999275 -2.36038322e-09 -7.62929631e-08 -0.053999275 -2.36038322e-09 -0.000868305448 -0.0745749697 -3.25977534e-09 -7.62929631e-08 -0.074499011 -3.25645533e-09 -7.62929631e-08 -0.053999275 -2.36038322e-09 -7.62929631e-08 -0.074499011 -3.25645533e-09 0.00069451012 -0.0539385006 -2.35772668e-09 0.00069451012 -0.0539385006 -2.35772668e-09 -7.62929631e-08 -0.074499011 -3.25645533e-09 0.000868152885 -0.0745749697 -3.25977534e-09 0.00069451012 -0.0539385006 -2.35772668e-09 0.000868152885 -0.0745749697 -3.25977534e-09 0.0013679862 -0.0537580512 -2.34983921e-09 0.0013679862 -0.0537580512 -2.34983921e-09 0.000868152885 -0.0745749697 -3.25977534e-09 0.00199989788 -0.0534633771 -2.3369584e-09 -0.00590787549 -0.0843786746 -3.68830899e-09 -0.00542259123 -0.0839327276 -3.66881614e-09 -0.00619886443 -0.084535718 -3.6951735e-09 -0.00619886443 -0.084535718 -3.6951735e-09 -0.00542259123 -0.0839327276 -3.66881614e-09 -0.00524156308 -0.083656013 -3.65672048e-09 -0.00619886443 -0.084535718 -3.6951735e-09 -0.00524156308 -0.083656013 -3.65672048e-09 -0.00510860747 -0.0833532512 -3.6434864e-09 -0.0496069267 -0.0496068299 -2.16838347e-09 -0.0527512021 -0.0666492879 -2.91333291e-09 -0.0249997545 -0.0496068299 -2.16838347e-09 -0.0249997545 -0.0496068299 -2.16838347e-09 -0.0527512021 -0.0666492879 -2.91333291e-09 -0.0456186645 -0.0717199594 -3.13497917e-09 -0.0249997545 -0.0496068299 -2.16838347e-09 -0.0456186645 -0.0717199594 -3.13497917e-09 -0.0380025581 -0.0760303959 -3.32339423e-09 -0.00306421542 -0.0525704436 -2.29792718e-09 -0.00346413534 -0.0519993007 -2.2729616e-09 -0.0216468424 -0.0821962655 -3.59291308e-09 -0.0216468424 -0.0821962655 -3.59291308e-09 -0.00346413534 -0.0519993007 -2.2729616e-09 -0.0249997545 -0.0496068299 -2.16838347e-09 -0.0216468424 -0.0821962655 -3.59291308e-09 -0.0249997545 -0.0496068299 -2.16838347e-09 -0.0299836155 -0.0795348808 -3.47658013e-09 -0.0299836155 -0.0795348808 -3.47658013e-09 -0.0249997545 -0.0496068299 -2.16838347e-09 -0.0380025581 -0.0760303959 -3.32339423e-09 -0.0536163002 -0.057714209 -2.52276822e-09 -0.0539162382 -0.0581425764 -2.54149279e-09 -0.0527512021 -0.0666492879 -2.91333291e-09 -0.0567352772 -0.0591686256 -2.58634292e-09 -0.0593245625 -0.0608721264 -2.66080513e-09 -0.05621434 -0.0592142045 -2.5883351e-09 -0.05621434 -0.0592142045 -2.5883351e-09 -0.0593245625 -0.0608721264 -2.66080513e-09 -0.0527512021 -0.0666492879 -2.91333291e-09 -0.05621434 -0.0592142045 -2.5883351e-09 -0.0527512021 -0.0666492879 -2.91333291e-09 -0.0556934029 -0.0591686256 -2.58634292e-09 -0.0556934029 -0.0591686256 -2.58634292e-09 -0.0527512021 -0.0666492879 -2.91333291e-09 -0.0551882908 -0.0590332821 -2.58042676e-09 -0.0539162382 -0.0542858914 -2.37291164e-09 -0.0496069267 -0.0496068299 -2.16838347e-09 -0.0542860031 -0.0539161302 -2.35674902e-09 -0.0542860031 -0.0539161302 -2.35674902e-09 -0.0496069267 -0.0496068299 -2.16838347e-09 -0.0547143593 -0.0536161922 -2.34363817e-09 -0.0539162382 -0.0542858914 -2.37291164e-09 -0.0536163002 -0.0547142625 -2.39163644e-09 -0.0496069267 -0.0496068299 -2.16838347e-09 -0.0496069267 -0.0496068299 -2.16838347e-09 -0.0536163002 -0.0547142625 -2.39163644e-09 -0.0533953011 -0.0551881939 -2.41235254e-09 -0.0496069267 -0.0496068299 -2.16838347e-09 -0.0533953011 -0.0551881939 -2.41235254e-09 -0.0532599576 -0.0556932986 -2.43443155e-09 -0.0539162382 -0.0581425764 -2.54149279e-09 -0.0542860031 -0.0585123375 -2.55765564e-09 -0.0527512021 -0.0666492879 -2.91333291e-09 -0.0527512021 -0.0666492879 -2.91333291e-09 -0.0542860031 -0.0585123375 -2.55765564e-09 -0.0547143593 -0.0588122755 -2.57076627e-09 -0.0527512021 -0.0666492879 -2.91333291e-09 -0.0547143593 -0.0588122755 -2.57076627e-09 -0.0551882908 -0.0590332821 -2.58042676e-09 -0.0532599576 -0.0556932986 -2.43443155e-09 -0.0532143787 -0.0562142432 -2.45720266e-09 -0.0496069267 -0.0496068299 -2.16838347e-09 -0.0496069267 -0.0496068299 -2.16838347e-09 -0.0532143787 -0.0562142432 -2.45720266e-09 -0.0532599576 -0.0567351691 -2.47997312e-09 -0.0496069267 -0.0496068299 -2.16838347e-09 -0.0532599576 -0.0567351691 -2.47997312e-09 -0.0527512021 -0.0666492879 -2.91333291e-09 -0.0527512021 -0.0666492879 -2.91333291e-09 -0.0532599576 -0.0567351691 -2.47997312e-09 -0.0533953011 -0.0572402738 -2.5020519e-09 -0.0527512021 -0.0666492879 -2.91333291e-09 -0.0533953011 -0.0572402738 -2.5020519e-09 -0.0536163002 -0.057714209 -2.52276822e-09 -0.0567352772 -0.0532598421 -2.32806174e-09 -0.05621434 -0.0532142818 -2.32607023e-09 -0.0566068403 -0.0496068299 -2.16838347e-09 -0.0566068403 -0.0496068299 -2.16838347e-09 -0.05621434 -0.0532142818 -2.32607023e-09 -0.0556934029 -0.0532598421 -2.32806174e-09 -0.0566068403 -0.0496068299 -2.16838347e-09 -0.0556934029 -0.0532598421 -2.32806174e-09 -0.0496069267 -0.0496068299 -2.16838347e-09 -0.0496069267 -0.0496068299 -2.16838347e-09 -0.0556934029 -0.0532598421 -2.32806174e-09 -0.0551882908 -0.0533952005 -2.33397857e-09 -0.0496069267 -0.0496068299 -2.16838347e-09 -0.0551882908 -0.0533952005 -2.33397857e-09 -0.0547143593 -0.0536161922 -2.34363817e-09 -0.0591687262 -0.0567351691 -2.47997312e-09 -0.0592143014 -0.0562142432 -2.45720266e-09 -0.0652690753 -0.0544496924 -2.3800717e-09 -0.0567352772 -0.0591686256 -2.58634292e-09 -0.0572403856 -0.0590332821 -2.58042676e-09 -0.0593245625 -0.0608721264 -2.66080513e-09 -0.0593245625 -0.0608721264 -2.66080513e-09 -0.0572403856 -0.0590332821 -2.58042676e-09 -0.0577143207 -0.0588122755 -2.57076627e-09 -0.0593245625 -0.0608721264 -2.66080513e-09 -0.0577143207 -0.0588122755 -2.57076627e-09 -0.0581426769 -0.0585123375 -2.55765564e-09 -0.0585124455 -0.0542858914 -2.37291164e-09 -0.0581426769 -0.0539161302 -2.35674902e-09 -0.0705217123 -0.0474500731 -2.07410866e-09 -0.0705217123 -0.0474500731 -2.07410866e-09 -0.0581426769 -0.0539161302 -2.35674902e-09 -0.0577143207 -0.0536161922 -2.34363817e-09 -0.0705217123 -0.0474500731 -2.07410866e-09 -0.0577143207 -0.0536161922 -2.34363817e-09 -0.0566068403 -0.0496068299 -2.16838347e-09 -0.0566068403 -0.0496068299 -2.16838347e-09 -0.0577143207 -0.0536161922 -2.34363817e-09 -0.0572403856 -0.0533952005 -2.33397857e-09 -0.0566068403 -0.0496068299 -2.16838347e-09 -0.0572403856 -0.0533952005 -2.33397857e-09 -0.0567352772 -0.0532598421 -2.32806174e-09 -0.0581426769 -0.0585123375 -2.55765564e-09 -0.0585124455 -0.0581425764 -2.54149279e-09 -0.0593245625 -0.0608721264 -2.66080513e-09 -0.0593245625 -0.0608721264 -2.66080513e-09 -0.0585124455 -0.0581425764 -2.54149279e-09 -0.0588123836 -0.057714209 -2.52276822e-09 -0.0593245625 -0.0608721264 -2.66080513e-09 -0.0588123836 -0.057714209 -2.52276822e-09 -0.0652690753 -0.0544496924 -2.3800717e-09 -0.0652690753 -0.0544496924 -2.3800717e-09 -0.0588123836 -0.057714209 -2.52276822e-09 -0.0590333827 -0.0572402738 -2.5020519e-09 -0.0652690753 -0.0544496924 -2.3800717e-09 -0.0590333827 -0.0572402738 -2.5020519e-09 -0.0591687262 -0.0567351691 -2.47997312e-09 -0.0592143014 -0.0562142432 -2.45720266e-09 -0.0591687262 -0.0556932986 -2.43443155e-09 -0.0652690753 -0.0544496924 -2.3800717e-09 -0.0652690753 -0.0544496924 -2.3800717e-09 -0.0591687262 -0.0556932986 -2.43443155e-09 -0.0590333827 -0.0551881939 -2.41235254e-09 -0.0652690753 -0.0544496924 -2.3800717e-09 -0.0590333827 -0.0551881939 -2.41235254e-09 -0.0705217123 -0.0474500731 -2.07410866e-09 -0.0705217123 -0.0474500731 -2.07410866e-09 -0.0590333827 -0.0551881939 -2.41235254e-09 -0.0588123836 -0.0547142625 -2.39163644e-09 -0.0705217123 -0.0474500731 -2.07410866e-09 -0.0588123836 -0.0547142625 -2.39163644e-09 -0.0585124455 -0.0542858914 -2.37291164e-09 -0.0787365958 -0.0320214294 -1.39970124e-09 -0.0566068403 -0.0249996483 -1.09276932e-09 -0.08161176 -0.0237559434 -1.03840525e-09 -0.08161176 -0.0237559434 -1.03840525e-09 -0.0566068403 -0.0249996483 -1.09276932e-09 -0.0777889788 -0.00469837245 -2.05372386e-10 -0.08161176 -0.0237559434 -1.03840525e-09 -0.0777889788 -0.00469837245 -2.05372386e-10 -0.0786308199 -0.00492394762 -2.15232596e-10 -0.0536163002 0.057714276 2.5227711e-09 -0.0533953011 0.0572403409 2.50205479e-09 -0.0496069267 0.0566067956 2.4743616e-09 -0.0496069267 0.0566067956 2.4743616e-09 -0.0533953011 0.0572403409 2.50205479e-09 -0.0532599576 0.0567352325 2.47997578e-09 -0.0496069267 0.0566067956 2.4743616e-09 -0.0532599576 0.0567352325 2.47997578e-09 -0.0532143787 0.0562142953 2.45720488e-09 -0.0539162382 0.0542859547 2.37291453e-09 -0.0542860031 0.0539161898 2.35675168e-09 -0.0496069267 0.049606882 2.16838569e-09 -0.0532599576 0.0556933545 2.43443399e-09 -0.0533953011 0.0551882461 2.41235498e-09 -0.0496069267 0.049606882 2.16838569e-09 -0.0496069267 0.049606882 2.16838569e-09 -0.0533953011 0.0551882461 2.41235498e-09 -0.0536163002 0.0547143146 2.39163866e-09 -0.0496069267 0.049606882 2.16838569e-09 -0.0536163002 0.0547143146 2.39163866e-09 -0.0539162382 0.0542859547 2.37291453e-09 -0.0542860031 0.0539161898 2.35675168e-09 -0.0547143593 0.0536162518 2.34364084e-09 -0.0496069267 0.049606882 2.16838569e-09 -0.0496069267 0.049606882 2.16838569e-09 -0.0547143593 0.0536162518 2.34364084e-09 -0.0551882908 0.0533952564 2.33398079e-09 -0.0496069267 0.049606882 2.16838569e-09 -0.0551882908 0.0533952564 2.33398079e-09 -0.0566068403 0.049606882 2.16838569e-09 -0.0566068403 0.049606882 2.16838569e-09 -0.0551882908 0.0533952564 2.33398079e-09 -0.0556934029 0.0532599129 2.32806463e-09 -0.0566068403 0.049606882 2.16838569e-09 -0.0556934029 0.0532599129 2.32806463e-09 -0.05621434 0.053214334 2.32607245e-09 0.0249996018 0.049606882 2.16838569e-09 0.00393910473 0.049304802 2.15518137e-09 0.00375864911 0.0486313216 2.12574269e-09 -0.00136813882 0.046240665 2.02124362e-09 -0.00200005062 0.046535328 2.03412376e-09 -0.0249997545 0.0249997079 1.09277198e-09 -0.0249997545 0.0249997079 1.09277198e-09 -0.00200005062 0.046535328 2.03412376e-09 -0.0025711949 0.0469352491 2.05160489e-09 -0.0249997545 0.0249997079 1.09277198e-09 -0.0025711949 0.0469352491 2.05160489e-09 -0.00306421542 0.0474282689 2.07315543e-09 0.00306406268 0.0474282689 2.07315543e-09 0.00257104239 0.0469352491 2.05160489e-09 0.0249996018 0.0249997079 1.09277198e-09 0.0249996018 0.0249997079 1.09277198e-09 0.00257104239 0.0469352491 2.05160489e-09 0.00199989788 0.046535328 2.03412376e-09 0.0249996018 0.0249997079 1.09277198e-09 0.00199989788 0.046535328 2.03412376e-09 0.0013679862 0.046240665 2.02124362e-09 -0.00375879416 0.0486313216 2.12574269e-09 -0.0249997545 0.049606882 2.16838569e-09 -0.00346413534 0.0479994118 2.09812101e-09 0.0249996018 0.049606882 2.16838569e-09 0.00375864911 0.0486313216 2.12574269e-09 0.0249996018 0.0249997079 1.09277198e-09 0.0249996018 0.0249997079 1.09277198e-09 0.00375864911 0.0486313216 2.12574269e-09 0.00346398284 0.0479994118 2.09812101e-09 0.0249996018 0.0249997079 1.09277198e-09 0.00346398284 0.0479994118 2.09812101e-09 0.00306406268 0.0474282689 2.07315543e-09 0.0013679862 0.046240665 2.02124362e-09 0.00069451012 0.0460602045 2.01335548e-09 0.0249996018 0.0249997079 1.09277198e-09 0.0249996018 0.0249997079 1.09277198e-09 0.00069451012 0.0460602045 2.01335548e-09 -7.62929631e-08 0.0459994376 2.01069938e-09 0.0249996018 0.0249997079 1.09277198e-09 -7.62929631e-08 0.0459994376 2.01069938e-09 -0.0249997545 0.0249997079 1.09277198e-09 -0.0249997545 0.0249997079 1.09277198e-09 -7.62929631e-08 0.0459994376 2.01069938e-09 -0.000694662682 0.0460602045 2.01335548e-09 -0.0249997545 0.0249997079 1.09277198e-09 -0.000694662682 0.0460602045 2.01335548e-09 -0.00136813882 0.046240665 2.02124362e-09 -0.00346413534 0.0519993603 2.27296426e-09 -0.00306421542 0.0525705069 2.29792985e-09 -0.0249997545 0.0566067956 2.4743616e-09 0.0013679862 0.0537581071 2.34984165e-09 0.00199989788 0.0534634367 2.33696107e-09 0.0249996018 0.0566067956 2.4743616e-09 0.0249996018 0.0566067956 2.4743616e-09 0.00199989788 0.0534634367 2.33696107e-09 0.00257104239 0.0530635267 2.31948039e-09 0.0249996018 0.0566067956 2.4743616e-09 0.00257104239 0.0530635267 2.31948039e-09 0.00306406268 0.0525705069 2.29792985e-09 0.0249996018 0.0566067956 2.4743616e-09 0.00393910473 0.0506939702 2.2159039e-09 0.0249996018 0.049606882 2.16838569e-09 0.0249996018 0.049606882 2.16838569e-09 0.00393910473 0.0506939702 2.2159039e-09 0.00399987213 0.0499993861 2.18554264e-09 0.0249996018 0.049606882 2.16838569e-09 0.00399987213 0.0499993861 2.18554264e-09 0.00393910473 0.049304802 2.15518137e-09 -0.00306421542 0.0525705069 2.29792985e-09 -0.0025711949 0.0530635267 2.31948039e-09 -0.0249997545 0.0566067956 2.4743616e-09 -0.0249997545 0.0566067956 2.4743616e-09 -0.0025711949 0.0530635267 2.31948039e-09 -0.00200005062 0.0534634367 2.33696107e-09 -0.0249997545 0.0566067956 2.4743616e-09 -0.00200005062 0.0534634367 2.33696107e-09 -0.00136813882 0.0537581071 2.34984165e-09 0.00306406268 0.0525705069 2.29792985e-09 0.00346398284 0.0519993603 2.27296426e-09 0.0249996018 0.0566067956 2.4743616e-09 0.0249996018 0.0566067956 2.4743616e-09 0.00346398284 0.0519993603 2.27296426e-09 0.00375864911 0.0513674505 2.24534258e-09 0.0249996018 0.0566067956 2.4743616e-09 0.00375864911 0.0513674505 2.24534258e-09 0.00393910473 0.0506939702 2.2159039e-09 -0.00400002487 0.0499993861 2.18554264e-09 -0.00393925747 0.0506939702 2.2159039e-09 -0.0249997545 0.0566067956 2.4743616e-09 -0.0249997545 0.0566067956 2.4743616e-09 -0.00393925747 0.0506939702 2.2159039e-09 -0.00375879416 0.0513674505 2.24534258e-09 -0.0249997545 0.0566067956 2.4743616e-09 -0.00375879416 0.0513674505 2.24534258e-09 -0.00346413534 0.0519993603 2.27296426e-09 -0.00136813882 0.0537581071 2.34984165e-09 -0.000694662682 0.0539385676 2.35772979e-09 -0.0249997545 0.0566067956 2.4743616e-09 -0.0249997545 0.0566067956 2.4743616e-09 -0.000694662682 0.0539385676 2.35772979e-09 -7.62929631e-08 0.0539993346 2.36038589e-09 -0.0249997545 0.0566067956 2.4743616e-09 -7.62929631e-08 0.0539993346 2.36038589e-09 0.0249996018 0.0566067956 2.4743616e-09 0.0249996018 0.0566067956 2.4743616e-09 -7.62929631e-08 0.0539993346 2.36038589e-09 0.00069451012 0.0539385676 2.35772979e-09 0.0249996018 0.0566067956 2.4743616e-09 0.00069451012 0.0539385676 2.35772979e-09 0.0013679862 0.0537581071 2.34984165e-09 0.0249996018 -0.0249996483 -1.09276932e-09 0.0474281609 -0.00306410855 -1.33936445e-10 0.0469351411 -0.00257108803 -1.12385837e-10 0.0459993333 3.05171852e-08 1.33394857e-15 0.0460601076 0.000694616931 3.03626707e-11 0.0249996018 0.0249997079 1.09277198e-09 0.0249996018 0.0249997079 1.09277198e-09 0.0460601076 0.000694616931 3.03626707e-11 0.0462405533 0.00136809307 5.98012473e-11 0.0249996018 0.0249997079 1.09277198e-09 0.0462405533 0.00136809307 5.98012473e-11 0.0465352274 0.00200000475 8.74229855e-11 0.0465352274 0.00200000475 8.74229855e-11 0.0469351411 0.00257114926 1.12388501e-10 0.0249996018 0.0249997079 1.09277198e-09 0.0249996018 0.0249997079 1.09277198e-09 0.0469351411 0.00257114926 1.12388501e-10 0.0474281609 0.00306416955 1.3393911e-10 0.0249996018 0.0249997079 1.09277198e-09 0.0474281609 0.00306416955 1.3393911e-10 0.0479993075 0.00346408971 1.51420168e-10 0.0469351411 -0.00257108803 -1.12385837e-10 0.0465352274 -0.00199994375 -8.7420321e-11 0.0249996018 -0.0249996483 -1.09276932e-09 0.0249996018 -0.0249996483 -1.09276932e-09 0.0465352274 -0.00199994375 -8.7420321e-11 0.0462405533 -0.00136803195 -5.97985828e-11 0.0249996018 -0.0249996483 -1.09276932e-09 0.0462405533 -0.00136803195 -5.97985828e-11 0.0460601076 -0.000694555871 -3.03600027e-11 0.0499992818 -0.00399991777 -1.74841974e-10 0.0493046939 -0.00393915083 -1.72185752e-10 0.0496067815 -0.0249996483 -1.09276932e-09 0.0496067815 -0.0249996483 -1.09276932e-09 0.0493046939 -0.00393915083 -1.72185752e-10 0.0486312099 -0.00375869498 -1.6429777e-10 0.0496067815 -0.0249996483 -1.09276932e-09 0.0486312099 -0.00375869498 -1.6429777e-10 0.0249996018 -0.0249996483 -1.09276932e-09 0.0249996018 -0.0249996483 -1.09276932e-09 0.0486312099 -0.00375869498 -1.6429777e-10 0.0479993075 -0.00346402847 -1.51417504e-10 0.0249996018 -0.0249996483 -1.09276932e-09 0.0479993075 -0.00346402847 -1.51417504e-10 0.0474281609 -0.00306410855 -1.33936445e-10 0.0013679862 -0.0462406017 -2.02124095e-09 0.00199989788 -0.0465352759 -2.03412154e-09 0.0249996018 -0.0249996483 -1.09276932e-09 0.0249996018 -0.0249996483 -1.09276932e-09 0.00199989788 -0.0465352759 -2.03412154e-09 0.00257104239 -0.0469351858 -2.05160222e-09 0.0249996018 -0.0249996483 -1.09276932e-09 0.00257104239 -0.0469351858 -2.05160222e-09 0.00306406268 -0.0474282056 -2.07315276e-09 -0.0025711949 -0.0469351858 -2.05160222e-09 -0.00200005062 -0.0465352759 -2.03412154e-09 -0.0249997545 -0.0249996483 -1.09276932e-09 -0.0249997545 -0.0249996483 -1.09276932e-09 -0.00200005062 -0.0465352759 -2.03412154e-09 -0.00136813882 -0.0462406017 -2.02124095e-09 0.00346398284 -0.0479993522 -2.09811835e-09 0.00375864911 -0.0486312546 -2.12573981e-09 0.0249996018 -0.0496068299 -2.16838347e-09 0.0249996018 -0.0496068299 -2.16838347e-09 0.00375864911 -0.0486312546 -2.12573981e-09 0.00393910473 -0.0493047386 -2.1551787e-09 0.0249996018 -0.0496068299 -2.16838347e-09 0.00393910473 -0.0493047386 -2.1551787e-09 0.00399987213 -0.0499993265 -2.18553997e-09 -0.00375879416 -0.0486312546 -2.12573981e-09 -0.00346413534 -0.0479993522 -2.09811835e-09 -0.0249997545 -0.0249996483 -1.09276932e-09 -0.0249997545 -0.0249996483 -1.09276932e-09 -0.00346413534 -0.0479993522 -2.09811835e-09 -0.00306421542 -0.0474282056 -2.07315276e-09 -0.0249997545 -0.0249996483 -1.09276932e-09 -0.00306421542 -0.0474282056 -2.07315276e-09 -0.0025711949 -0.0469351858 -2.05160222e-09 -0.00136813882 -0.0462406017 -2.02124095e-09 -0.000694662682 -0.0460601524 -2.01335326e-09 -0.0249997545 -0.0249996483 -1.09276932e-09 -0.0249997545 -0.0249996483 -1.09276932e-09 -0.000694662682 -0.0460601524 -2.01335326e-09 -7.62929631e-08 -0.045999378 -2.01069672e-09 -0.0249997545 -0.0249996483 -1.09276932e-09 -7.62929631e-08 -0.045999378 -2.01069672e-09 0.0249996018 -0.0249996483 -1.09276932e-09 0.0249996018 -0.0249996483 -1.09276932e-09 -7.62929631e-08 -0.045999378 -2.01069672e-09 0.00069451012 -0.0460601524 -2.01335326e-09 0.0249996018 -0.0249996483 -1.09276932e-09 0.00069451012 -0.0460601524 -2.01335326e-09 0.0013679862 -0.0462406017 -2.02124095e-09 -0.0249997545 0.0249997079 1.09277198e-09 -0.0462407097 0.00136809307 5.98012473e-11 -0.0460602529 0.000694616931 3.03626707e-11 -0.0459994823 3.05171852e-08 1.33394857e-15 -0.0460602529 -0.000694555871 -3.03600027e-11 -0.0249997545 -0.0249996483 -1.09276932e-09 -0.0460602529 -0.000694555871 -3.03600027e-11 -0.0462407097 -0.00136803195 -5.97985828e-11 -0.0249997545 -0.0249996483 -1.09276932e-09 -0.0249997545 -0.0249996483 -1.09276932e-09 -0.0462407097 -0.00136803195 -5.97985828e-11 -0.0465353727 -0.00199994375 -8.7420321e-11 -0.0249997545 -0.0249996483 -1.09276932e-09 -0.0465353727 -0.00199994375 -8.7420321e-11 -0.0469352938 -0.00257108803 -1.12385837e-10 -0.0469352938 -0.00257108803 -1.12385837e-10 -0.0474283136 -0.00306410855 -1.33936445e-10 -0.0249997545 -0.0249996483 -1.09276932e-09 -0.0249997545 -0.0249996483 -1.09276932e-09 -0.0474283136 -0.00306410855 -1.33936445e-10 -0.0479994565 -0.00346402847 -1.51417504e-10 -0.0249997545 -0.0249996483 -1.09276932e-09 -0.0479994565 -0.00346402847 -1.51417504e-10 -0.0496069267 -0.0249996483 -1.09276932e-09 -0.0496069267 -0.0249996483 -1.09276932e-09 -0.0479994565 -0.00346402847 -1.51417504e-10 -0.0486313663 -0.00375869498 -1.6429777e-10 -0.0496069267 0.0249997079 1.09277198e-09 -0.0493048467 0.00393921183 1.72188416e-10 -0.0486313663 0.00375874829 1.64300115e-10 -0.0474283136 0.00306416955 1.3393911e-10 -0.0469352938 0.00257114926 1.12388501e-10 -0.0249997545 0.0249997079 1.09277198e-09 -0.0249997545 0.0249997079 1.09277198e-09 -0.0469352938 0.00257114926 1.12388501e-10 -0.0465353727 0.00200000475 8.74229855e-11 -0.0249997545 0.0249997079 1.09277198e-09 -0.0465353727 0.00200000475 8.74229855e-11 -0.0462407097 0.00136809307 5.98012473e-11 -0.0496069267 0.0249997079 1.09277198e-09 -0.0486313663 0.00375874829 1.64300115e-10 -0.0249997545 0.0249997079 1.09277198e-09 -0.0249997545 0.0249997079 1.09277198e-09 -0.0486313663 0.00375874829 1.64300115e-10 -0.0479994565 0.00346408971 1.51420168e-10 -0.0249997545 0.0249997079 1.09277198e-09 -0.0479994565 0.00346408971 1.51420168e-10 -0.0474283136 0.00306416955 1.3393911e-10 -0.0537581556 0.00136809307 5.98012473e-11 -0.0534634851 0.00200000475 8.74229855e-11 -0.0566068403 0.0249997079 1.09277198e-09 -0.051999405 -0.00346402847 -1.51417504e-10 -0.0525705516 -0.00306410855 -1.33936445e-10 -0.0566068403 -0.0249996483 -1.09276932e-09 -0.0534634851 0.00200000475 8.74229855e-11 -0.0530635715 0.00257114926 1.12388501e-10 -0.0566068403 0.0249997079 1.09277198e-09 -0.0566068403 0.0249997079 1.09277198e-09 -0.0530635715 0.00257114926 1.12388501e-10 -0.0525705516 0.00306416955 1.3393911e-10 -0.0566068403 0.0249997079 1.09277198e-09 -0.0525705516 0.00306416955 1.3393911e-10 -0.051999405 0.00346408971 1.51420168e-10 -0.051999405 -0.00346402847 -1.51417504e-10 -0.0566068403 -0.0249996483 -1.09276932e-09 -0.0513674952 -0.00375869498 -1.6429777e-10 -0.0525705516 -0.00306410855 -1.33936445e-10 -0.0530635715 -0.00257108803 -1.12385837e-10 -0.0566068403 -0.0249996483 -1.09276932e-09 -0.0566068403 -0.0249996483 -1.09276932e-09 -0.0530635715 -0.00257108803 -1.12385837e-10 -0.0534634851 -0.00199994375 -8.7420321e-11 -0.0566068403 -0.0249996483 -1.09276932e-09 -0.0534634851 -0.00199994375 -8.7420321e-11 -0.0537581556 -0.00136803195 -5.97985828e-11 -0.0537581556 -0.00136803195 -5.97985828e-11 -0.0539386123 -0.000694555871 -3.03600027e-11 -0.0566068403 -0.0249996483 -1.09276932e-09 -0.0566068403 -0.0249996483 -1.09276932e-09 -0.0539386123 -0.000694555871 -3.03600027e-11 -0.0539993793 3.05171852e-08 1.33394857e-15 -0.0566068403 -0.0249996483 -1.09276932e-09 -0.0539993793 3.05171852e-08 1.33394857e-15 -0.0566068403 0.0249997079 1.09277198e-09 -0.0566068403 0.0249997079 1.09277198e-09 -0.0539993793 3.05171852e-08 1.33394857e-15 -0.0539386123 0.000694616931 3.03626707e-11 -0.0566068403 0.0249997079 1.09277198e-09 -0.0539386123 0.000694616931 3.03626707e-11 -0.0537581556 0.00136809307 5.98012473e-11 -0.051999405 0.00346408971 1.51420168e-10 -0.0513674952 0.00375874829 1.64300115e-10 -0.0566068403 0.0249997079 1.09277198e-09 -0.0566068403 0.0249997079 1.09277198e-09 -0.0513674952 0.00375874829 1.64300115e-10 -0.0506940149 0.00393921183 1.72188416e-10 -0.0566068403 0.0249997079 1.09277198e-09 -0.0506940149 0.00393921183 1.72188416e-10 -0.0496069267 0.0249997079 1.09277198e-09 -0.0496069267 0.0249997079 1.09277198e-09 -0.0506940149 0.00393921183 1.72188416e-10 -0.0499994308 0.00399997924 1.74844639e-10 -0.0496069267 0.0249997079 1.09277198e-09 -0.0499994308 0.00399997924 1.74844639e-10 -0.0493048467 0.00393921183 1.72188416e-10 -0.0486313663 -0.00375869498 -1.6429777e-10 -0.0493048467 -0.00393915083 -1.72185752e-10 -0.0496069267 -0.0249996483 -1.09276932e-09 -0.0496069267 -0.0249996483 -1.09276932e-09 -0.0493048467 -0.00393915083 -1.72185752e-10 -0.0499994308 -0.00399991777 -1.74841974e-10 -0.0496069267 -0.0249996483 -1.09276932e-09 -0.0499994308 -0.00399991777 -1.74841974e-10 -0.0566068403 -0.0249996483 -1.09276932e-09 -0.0566068403 -0.0249996483 -1.09276932e-09 -0.0499994308 -0.00399991777 -1.74841974e-10 -0.0506940149 -0.00393915083 -1.72185752e-10 -0.0566068403 -0.0249996483 -1.09276932e-09 -0.0506940149 -0.00393915083 -1.72185752e-10 -0.0513674952 -0.00375869498 -1.6429777e-10 0.00306406268 -0.0474282056 -2.07315276e-09 0.00346398284 -0.0479993522 -2.09811835e-09 0.0249996018 -0.0249996483 -1.09276932e-09 0.0249996018 -0.0249996483 -1.09276932e-09 0.00346398284 -0.0479993522 -2.09811835e-09 0.0249996018 -0.0496068299 -2.16838347e-09 0.0249996018 -0.0249996483 -1.09276932e-09 0.0249996018 -0.0496068299 -2.16838347e-09 0.0496067815 -0.0249996483 -1.09276932e-09 0.0496067815 -0.0249996483 -1.09276932e-09 0.0249996018 -0.0496068299 -2.16838347e-09 0.0496067815 -0.0496068299 -2.16838347e-09 0.0496067815 -0.0249996483 -1.09276932e-09 0.0496067815 -0.0496068299 -2.16838347e-09 0.0705215707 -0.0474500731 -2.07410866e-09 0.0705215707 -0.0474500731 -2.07410866e-09 0.0496067815 -0.0496068299 -2.16838347e-09 0.0562141947 -0.0532142818 -2.32607023e-09 0.0705215707 -0.0474500731 -2.07410866e-09 0.0562141947 -0.0532142818 -2.32607023e-09 0.0567351244 -0.0532598421 -2.32806174e-09 0.0492500849 0.0692765415 3.02817393e-09 0.0249996018 0.0566067956 2.4743616e-09 0.0496067815 0.0566067956 2.4743616e-09 0.0496067815 0.0566067956 2.4743616e-09 0.0249996018 0.0566067956 2.4743616e-09 0.0249996018 0.049606882 2.16838569e-09 0.0496067815 0.0566067956 2.4743616e-09 0.0249996018 0.049606882 2.16838569e-09 0.0496067815 0.049606882 2.16838569e-09 0.0496067815 0.049606882 2.16838569e-09 0.0249996018 0.049606882 2.16838569e-09 0.0249996018 0.0249997079 1.09277198e-09 0.0496067815 0.049606882 2.16838569e-09 0.0249996018 0.0249997079 1.09277198e-09 0.0496067815 0.0249997079 1.09277198e-09 0.0496067815 0.0249997079 1.09277198e-09 0.0249996018 0.0249997079 1.09277198e-09 0.0479993075 0.00346408971 1.51420168e-10 0.0496067815 0.0249997079 1.09277198e-09 0.0479993075 0.00346408971 1.51420168e-10 0.0486312099 0.00375874829 1.64300115e-10 0.0460601076 -0.000694555871 -3.03600027e-11 0.0459993333 3.05171852e-08 1.33394857e-15 0.0249996018 -0.0249996483 -1.09276932e-09 0.0249996018 -0.0249996483 -1.09276932e-09 0.0459993333 3.05171852e-08 1.33394857e-15 0.0249996018 0.0249997079 1.09277198e-09 0.0249996018 -0.0249996483 -1.09276932e-09 0.0249996018 0.0249997079 1.09277198e-09 -0.0249997545 -0.0249996483 -1.09276932e-09 -0.0249997545 -0.0249996483 -1.09276932e-09 0.0249996018 0.0249997079 1.09277198e-09 -0.0249997545 0.0249997079 1.09277198e-09 -0.0249997545 -0.0249996483 -1.09276932e-09 -0.0249997545 0.0249997079 1.09277198e-09 -0.0459994823 3.05171852e-08 1.33394857e-15 -0.0459994823 3.05171852e-08 1.33394857e-15 -0.0249997545 0.0249997079 1.09277198e-09 -0.0460602529 0.000694616931 3.03626707e-11 -0.00393925747 0.049304802 2.15518137e-09 -0.00400002487 0.0499993861 2.18554264e-09 -0.0249997545 0.049606882 2.16838569e-09 -0.0249997545 0.049606882 2.16838569e-09 -0.00400002487 0.0499993861 2.18554264e-09 -0.0249997545 0.0566067956 2.4743616e-09 -0.0249997545 0.049606882 2.16838569e-09 -0.0249997545 0.0566067956 2.4743616e-09 -0.0496069267 0.049606882 2.16838569e-09 -0.0496069267 0.049606882 2.16838569e-09 -0.0249997545 0.0566067956 2.4743616e-09 -0.0496069267 0.0566067956 2.4743616e-09 -0.0496069267 0.049606882 2.16838569e-09 -0.0496069267 0.0566067956 2.4743616e-09 -0.0532599576 0.0556933545 2.43443399e-09 -0.0532599576 0.0556933545 2.43443399e-09 -0.0496069267 0.0566067956 2.4743616e-09 -0.0532143787 0.0562142953 2.45720488e-09 -0.00393925747 -0.0493047386 -2.1551787e-09 -0.00375879416 -0.0486312546 -2.12573981e-09 -0.0249997545 -0.0496068299 -2.16838347e-09 -0.0249997545 -0.0496068299 -2.16838347e-09 -0.00375879416 -0.0486312546 -2.12573981e-09 -0.0249997545 -0.0249996483 -1.09276932e-09 -0.0249997545 -0.0496068299 -2.16838347e-09 -0.0249997545 -0.0249996483 -1.09276932e-09 -0.0496069267 -0.0496068299 -2.16838347e-09 -0.0496069267 -0.0496068299 -2.16838347e-09 -0.0249997545 -0.0249996483 -1.09276932e-09 -0.0496069267 -0.0249996483 -1.09276932e-09 -0.0496069267 -0.0496068299 -2.16838347e-09 -0.0496069267 -0.0249996483 -1.09276932e-09 -0.0566068403 -0.0496068299 -2.16838347e-09 -0.0566068403 -0.0496068299 -2.16838347e-09 -0.0496069267 -0.0249996483 -1.09276932e-09 -0.0566068403 -0.0249996483 -1.09276932e-09 -0.0566068403 -0.0496068299 -2.16838347e-09 -0.0566068403 -0.0249996483 -1.09276932e-09 -0.0750268027 -0.0399474837 -1.74615999e-09 -0.0750268027 -0.0399474837 -1.74615999e-09 -0.0566068403 -0.0249996483 -1.09276932e-09 -0.0787365958 -0.0320214294 -1.39970124e-09 -0.00306421542 0.0474282689 2.07315543e-09 -0.00346413534 0.0479994118 2.09812101e-09 -0.0249997545 0.0249997079 1.09277198e-09 -0.0249997545 0.0249997079 1.09277198e-09 -0.00346413534 0.0479994118 2.09812101e-09 -0.0249997545 0.049606882 2.16838569e-09 -0.0249997545 0.0249997079 1.09277198e-09 -0.0249997545 0.049606882 2.16838569e-09 -0.0496069267 0.0249997079 1.09277198e-09 -0.0496069267 0.0249997079 1.09277198e-09 -0.0249997545 0.049606882 2.16838569e-09 -0.0496069267 0.049606882 2.16838569e-09 -0.0496069267 0.0249997079 1.09277198e-09 -0.0496069267 0.049606882 2.16838569e-09 -0.0566068403 0.0249997079 1.09277198e-09 -0.0566068403 0.0249997079 1.09277198e-09 -0.0496069267 0.049606882 2.16838569e-09 -0.0566068403 0.049606882 2.16838569e-09 -0.0566068403 0.0249997079 1.09277198e-09 -0.0566068403 0.049606882 2.16838569e-09 -0.0679855347 0.0510175861 2.23004948e-09 -0.0679855347 0.0510175861 2.23004948e-09 -0.0566068403 0.049606882 2.16838569e-09 -0.0577143207 0.0536162518 2.34364084e-09 -0.0679855347 0.0510175861 2.23004948e-09 -0.0577143207 0.0536162518 2.34364084e-09 -0.0581426769 0.0539161898 2.35675168e-09 0.0526317395 -0.00229994254 -0.007999897 0.0526317395 0.00229999679 -0.007999897 0.0680815503 0.00229999679 -0.007999897 0.00229989714 -0.0526317842 -0.00799989887 0.00229989714 -0.0252496451 -0.00799989793 0.0252495985 -0.0252496451 -0.00799989793 -0.0803711936 0.00239621755 -0.007999897 -0.080774039 0.00220836885 -0.007999897 -0.0835240036 0.00229999679 -0.007999897 0.00239611021 -0.0786268115 -0.00799990073 0.00220826175 -0.0782239661 -0.00799990073 0.00229989714 -0.068081595 -0.0079998998 0.00437556161 -0.0848861784 -0.00799990073 0.00127490878 -0.0817072764 -0.00799990073 0.00163900934 -0.0814523324 -0.00799990073 -0.00220841425 -0.0807739198 -0.00799990073 -0.0019534661 -0.0811380371 -0.00799990073 -0.00437571434 -0.0848861784 -0.00799990073 -0.00437571434 -0.0848861784 -0.00799990073 -0.0019534661 -0.0811380371 -0.00799990073 -0.00163916196 -0.0814523324 -0.00799990073 -0.000442873017 -0.0820101723 -0.00799990073 -7.62929631e-08 -0.0849988759 -0.00799990073 -0.000872219272 -0.0818951279 -0.00799990073 -0.000872219272 -0.0818951279 -0.00799990073 -7.62929631e-08 -0.0849988759 -0.00799990073 -0.00437571434 -0.0848861784 -0.00799990073 -0.000872219272 -0.0818951279 -0.00799990073 -0.00437571434 -0.0848861784 -0.00799990073 -0.0012750614 -0.0817072764 -0.00799990073 -0.0012750614 -0.0817072764 -0.00799990073 -0.00437571434 -0.0848861784 -0.00799990073 -0.00163916196 -0.0814523324 -0.00799990073 -0.000442873017 -0.0820101723 -0.00799990073 -7.62929631e-08 -0.0820489153 -0.00799990073 -7.62929631e-08 -0.0849988759 -0.00799990073 -7.62929631e-08 -0.0849988759 -0.00799990073 -7.62929631e-08 -0.0820489153 -0.00799990073 0.000442720426 -0.0820101723 -0.00799990073 -7.62929631e-08 -0.0849988759 -0.00799990073 0.000442720426 -0.0820101723 -0.00799990073 0.00437556161 -0.0848861784 -0.00799990073 0.00437556161 -0.0848861784 -0.00799990073 0.000442720426 -0.0820101723 -0.00799990073 0.00087206671 -0.0818951279 -0.00799990073 0.00437556161 -0.0848861784 -0.00799990073 0.00087206671 -0.0818951279 -0.00799990073 0.00127490878 -0.0817072764 -0.00799990073 0.0299834628 -0.0795348808 -0.00799990073 0.0216466933 -0.0821962655 -0.00799990073 0.0252495985 -0.068081595 -0.0079998998 0.0252495985 -0.068081595 -0.0079998998 0.0216466933 -0.0821962655 -0.00799990073 0.00254989392 -0.0794989467 -0.00799990073 0.0252495985 -0.068081595 -0.0079998998 0.00254989392 -0.0794989467 -0.00799990073 0.0025111523 -0.0790561438 -0.00799990073 0.00163900934 -0.0814523324 -0.00799990073 0.00195331336 -0.0811380371 -0.00799990073 0.00437556161 -0.0848861784 -0.00799990073 0.00437556161 -0.0848861784 -0.00799990073 0.00195331336 -0.0811380371 -0.00799990073 0.00220826175 -0.0807739198 -0.00799990073 0.00437556161 -0.0848861784 -0.00799990073 0.00220826175 -0.0807739198 -0.00799990073 0.0130804591 -0.0839863643 -0.00799990073 0.0130804591 -0.0839863643 -0.00799990073 0.00220826175 -0.0807739198 -0.00799990073 0.00239611021 -0.0803710967 -0.00799990073 0.0130804591 -0.0839863643 -0.00799990073 0.00239611021 -0.0803710967 -0.00799990073 0.0216466933 -0.0821962655 -0.00799990073 0.0216466933 -0.0821962655 -0.00799990073 0.00239611021 -0.0803710967 -0.00799990073 0.0025111523 -0.0799417347 -0.00799990073 0.0216466933 -0.0821962655 -0.00799990073 0.0025111523 -0.0799417347 -0.00799990073 0.00254989392 -0.0794989467 -0.00799990073 0.0572402291 -0.0533952005 -0.0079998998 0.0567351244 -0.0532598421 -0.00799989887 0.0667024478 -0.0526838154 -0.00799989887 0.0532597974 -0.0567351691 -0.0079998998 0.0533951558 -0.0572402738 -0.0079998998 0.045618508 -0.0717199594 -0.0079998998 0.045618508 -0.0717199594 -0.0079998998 0.0533951558 -0.0572402738 -0.0079998998 0.0536161475 -0.057714209 -0.0079998998 0.045618508 -0.0717199594 -0.0079998998 0.0536161475 -0.057714209 -0.0079998998 0.0539160855 -0.0581425764 -0.0079998998 0.0556932539 -0.0591686256 -0.0079998998 0.0562141947 -0.0592142045 -0.0079998998 0.0527510457 -0.0666492879 -0.0079998998 0.0527510457 -0.0666492879 -0.0079998998 0.0562141947 -0.0592142045 -0.0079998998 0.0567351244 -0.0591686256 -0.0079998998 0.0527510457 -0.0666492879 -0.0079998998 0.0567351244 -0.0591686256 -0.0079998998 0.0593244173 -0.0608721264 -0.0079998998 0.0567351244 -0.0591686256 -0.0079998998 0.0572402291 -0.0590332821 -0.0079998998 0.0593244173 -0.0608721264 -0.0079998998 0.0593244173 -0.0608721264 -0.0079998998 0.0572402291 -0.0590332821 -0.0079998998 0.0577141605 -0.0588122755 -0.0079998998 0.0593244173 -0.0608721264 -0.0079998998 0.0577141605 -0.0588122755 -0.0079998998 0.0581425317 -0.0585123375 -0.0079998998 0.0667024478 -0.0526838154 -0.00799989887 0.0588122308 -0.0547142625 -0.0079998998 0.0585122928 -0.0542858914 -0.0079998998 0.0562141947 -0.0532142818 -0.00799989887 0.0556932539 -0.0532598421 -0.00799989887 0.0526317395 -0.0526317842 -0.00799989887 0.0526317395 -0.0526317842 -0.00799989887 0.0556932539 -0.0532598421 -0.00799989887 0.0551881492 -0.0533952005 -0.0079998998 0.0526317395 -0.0526317842 -0.00799989887 0.0551881492 -0.0533952005 -0.0079998998 0.0547142141 -0.0536161922 -0.0079998998 0.0539160855 -0.0581425764 -0.0079998998 0.0542858467 -0.0585123375 -0.0079998998 0.045618508 -0.0717199594 -0.0079998998 0.045618508 -0.0717199594 -0.0079998998 0.0542858467 -0.0585123375 -0.0079998998 0.0547142141 -0.0588122755 -0.0079998998 0.045618508 -0.0717199594 -0.0079998998 0.0547142141 -0.0588122755 -0.0079998998 0.0527510457 -0.0666492879 -0.0079998998 0.0527510457 -0.0666492879 -0.0079998998 0.0547142141 -0.0588122755 -0.0079998998 0.0551881492 -0.0590332821 -0.0079998998 0.0527510457 -0.0666492879 -0.0079998998 0.0551881492 -0.0590332821 -0.0079998998 0.0556932539 -0.0591686256 -0.0079998998 0.0591685809 -0.0567351691 -0.0079998998 0.0592141561 -0.0562142432 -0.0079998998 0.0652689189 -0.0544496924 -0.0079998998 0.0652689189 -0.0544496924 -0.0079998998 0.0592141561 -0.0562142432 -0.0079998998 0.0591685809 -0.0556932986 -0.0079998998 0.0652689189 -0.0544496924 -0.0079998998 0.0591685809 -0.0556932986 -0.0079998998 0.0667024478 -0.0526838154 -0.00799989887 0.0667024478 -0.0526838154 -0.00799989887 0.0591685809 -0.0556932986 -0.0079998998 0.0590332374 -0.0551881939 -0.0079998998 0.0667024478 -0.0526838154 -0.00799989887 0.0590332374 -0.0551881939 -0.0079998998 0.0588122308 -0.0547142625 -0.0079998998 0.0585122928 -0.0542858914 -0.0079998998 0.0581425317 -0.0539161302 -0.0079998998 0.0667024478 -0.0526838154 -0.00799989887 0.0667024478 -0.0526838154 -0.00799989887 0.0581425317 -0.0539161302 -0.0079998998 0.0577141605 -0.0536161922 -0.0079998998 0.0667024478 -0.0526838154 -0.00799989887 0.0577141605 -0.0536161922 -0.0079998998 0.0572402291 -0.0533952005 -0.0079998998 0.0547142141 -0.0536161922 -0.0079998998 0.0542858467 -0.0539161302 -0.0079998998 0.0526317395 -0.0526317842 -0.00799989887 0.0526317395 -0.0526317842 -0.00799989887 0.0542858467 -0.0539161302 -0.0079998998 0.0539160855 -0.0542858914 -0.0079998998 0.0526317395 -0.0526317842 -0.00799989887 0.0539160855 -0.0542858914 -0.0079998998 0.0536161475 -0.0547142625 -0.0079998998 0.0536161475 -0.0547142625 -0.0079998998 0.0533951558 -0.0551881939 -0.0079998998 0.0526317395 -0.0526317842 -0.00799989887 0.0526317395 -0.0526317842 -0.00799989887 0.0533951558 -0.0551881939 -0.0079998998 0.0532597974 -0.0556932986 -0.0079998998 0.0526317395 -0.0526317842 -0.00799989887 0.0532597974 -0.0556932986 -0.0079998998 0.045618508 -0.0717199594 -0.0079998998 0.045618508 -0.0717199594 -0.0079998998 0.0532597974 -0.0556932986 -0.0079998998 0.0532142334 -0.0562142432 -0.0079998998 0.045618508 -0.0717199594 -0.0079998998 0.0532142334 -0.0562142432 -0.0079998998 0.0532597974 -0.0567351691 -0.0079998998 0.0581425317 -0.0585123375 -0.0079998998 0.0585122928 -0.0581425764 -0.0079998998 0.0593244173 -0.0608721264 -0.0079998998 0.0593244173 -0.0608721264 -0.0079998998 0.0585122928 -0.0581425764 -0.0079998998 0.0588122308 -0.057714209 -0.0079998998 0.0593244173 -0.0608721264 -0.0079998998 0.0588122308 -0.057714209 -0.0079998998 0.0652689189 -0.0544496924 -0.0079998998 0.0652689189 -0.0544496924 -0.0079998998 0.0588122308 -0.057714209 -0.0079998998 0.0590332374 -0.0572402738 -0.0079998998 0.0652689189 -0.0544496924 -0.0079998998 0.0590332374 -0.0572402738 -0.0079998998 0.0591685809 -0.0567351691 -0.0079998998 0.0816116035 -0.0237559434 -0.00799989793 0.0787364468 -0.0320214294 -0.00799989887 0.0680815503 -0.0252496451 -0.00799989793 0.0680815503 -0.0252496451 -0.00799989793 0.0787364468 -0.0320214294 -0.00799989887 0.0750266537 -0.0399474837 -0.00799989887 0.0680815503 -0.0252496451 -0.00799989793 0.0750266537 -0.0399474837 -0.00799989887 0.0705215707 -0.0474500731 -0.00799989887 0.0782239214 -0.00220830692 -0.007999897 0.0786267668 -0.00239615561 -0.007999897 0.0680815503 -0.0252496451 -0.00799989793 0.0680815503 -0.0252496451 -0.00799989793 0.0786267668 -0.00239615561 -0.007999897 0.0790560991 -0.0025111977 -0.007999897 0.0680815503 -0.0252496451 -0.00799989793 0.0790560991 -0.0025111977 -0.007999897 0.0816116035 -0.0237559434 -0.00799989793 0.0820488706 3.08668717e-08 -0.007999897 0.0820101276 0.000442827586 -0.007999897 0.0849706456 0.00218857103 -0.007999897 0.0811379924 -0.00195335876 -0.007999897 0.0814522877 -0.00163905474 -0.007999897 0.0847453251 -0.00655979803 -0.007999897 0.0790560991 -0.0025111977 -0.007999897 0.079498902 -0.00254993932 -0.007999897 0.0816116035 -0.0237559434 -0.00799989793 0.0816116035 -0.0237559434 -0.00799989793 0.079498902 -0.00254993932 -0.007999897 0.07994169 -0.0025111977 -0.007999897 0.0816116035 -0.0237559434 -0.00799989793 0.07994169 -0.0025111977 -0.007999897 0.0836216807 -0.0152386418 -0.00799989793 0.0836216807 -0.0152386418 -0.00799989793 0.07994169 -0.0025111977 -0.007999897 0.080371052 -0.00239615561 -0.007999897 0.0836216807 -0.0152386418 -0.00799989793 0.080371052 -0.00239615561 -0.007999897 0.0847453251 -0.00655979803 -0.007999897 0.0847453251 -0.00655979803 -0.007999897 0.080371052 -0.00239615561 -0.007999897 0.0807738751 -0.00220830692 -0.007999897 0.0847453251 -0.00655979803 -0.007999897 0.0807738751 -0.00220830692 -0.007999897 0.0811379924 -0.00195335876 -0.007999897 0.0820101276 0.000442827586 -0.007999897 0.0818950757 0.00087217387 -0.007999897 0.0849706456 0.00218857103 -0.007999897 0.0849706456 0.00218857103 -0.007999897 0.0818950757 0.00087217387 -0.007999897 0.0817072317 0.00127501599 -0.007999897 0.0849706456 0.00218857103 -0.007999897 0.0817072317 0.00127501599 -0.007999897 0.0814522877 0.00163911656 -0.007999897 0.0814522877 -0.00163905474 -0.007999897 0.0817072317 -0.00127495429 -0.007999897 0.0847453251 -0.00655979803 -0.007999897 0.0847453251 -0.00655979803 -0.007999897 0.0817072317 -0.00127495429 -0.007999897 0.0818950757 -0.000872112112 -0.007999897 0.0847453251 -0.00655979803 -0.007999897 0.0818950757 -0.000872112112 -0.007999897 0.0849706456 0.00218857103 -0.007999897 0.0849706456 0.00218857103 -0.007999897 0.0818950757 -0.000872112112 -0.007999897 0.0820101276 -0.000442765857 -0.007999897 0.0849706456 0.00218857103 -0.007999897 0.0820101276 -0.000442765857 -0.007999897 0.0820488706 3.08668717e-08 -0.007999897 0.0790560991 0.00251125963 -0.007999897 0.0786267668 0.00239621755 -0.007999897 0.0679853931 0.0510175861 -0.00799989514 0.0814522877 0.00163911656 -0.007999897 0.0811379924 0.00195342069 -0.007999897 0.0849706456 0.00218857103 -0.007999897 0.0849706456 0.00218857103 -0.007999897 0.0811379924 0.00195342069 -0.007999897 0.0807738751 0.00220836885 -0.007999897 0.0849706456 0.00218857103 -0.007999897 0.0807738751 0.00220836885 -0.007999897 0.0842952728 0.0109137464 -0.00799989607 0.0842952728 0.0109137464 -0.00799989607 0.0807738751 0.00220836885 -0.007999897 0.080371052 0.00239621755 -0.007999897 0.0842952728 0.0109137464 -0.00799989607 0.080371052 0.00239621755 -0.007999897 0.082726337 0.0195232388 -0.00799989607 0.082726337 0.0195232388 -0.00799989607 0.080371052 0.00239621755 -0.007999897 0.07994169 0.00251125963 -0.007999897 0.082726337 0.0195232388 -0.00799989607 0.07994169 0.00251125963 -0.007999897 0.0802804753 0.0279257726 -0.00799989607 0.0802804753 0.0279257726 -0.00799989607 0.07994169 0.00251125963 -0.007999897 0.079498902 0.00254999357 -0.007999897 0.0802804753 0.0279257726 -0.00799989607 0.079498902 0.00254999357 -0.007999897 0.0769836307 0.0360322855 -0.00799989514 0.0769836307 0.0360322855 -0.00799989514 0.079498902 0.00254999357 -0.007999897 0.0790560991 0.00251125963 -0.007999897 0.0769836307 0.0360322855 -0.00799989514 0.0790560991 0.00251125963 -0.007999897 0.0728707388 0.0437568538 -0.00799989514 0.0728707388 0.0437568538 -0.00799989514 0.0790560991 0.00251125963 -0.007999897 0.0679853931 0.0510175861 -0.00799989514 0.0536161475 0.0547143146 -0.00799989421 0.0539160855 0.0542859547 -0.00799989421 0.0526317395 0.0526318476 -0.00799989514 0.0572402291 0.0590333343 -0.00799989421 0.0567351244 0.0591686778 -0.00799989421 0.056112133 0.0638454258 -0.00799989421 0.056112133 0.0638454258 -0.00799989421 0.0567351244 0.0591686778 -0.00799989421 0.0562141947 0.0592142567 -0.00799989421 0.056112133 0.0638454258 -0.00799989421 0.0562141947 0.0592142567 -0.00799989421 0.052701667 0.0666884109 -0.00799989421 0.052701667 0.0666884109 -0.00799989421 0.0562141947 0.0592142567 -0.00799989421 0.0556932539 0.0591686778 -0.00799989421 0.052701667 0.0666884109 -0.00799989421 0.0556932539 0.0591686778 -0.00799989421 0.0551881492 0.0590333343 -0.00799989421 0.0551881492 0.0590333343 -0.00799989421 0.0547142141 0.0588123389 -0.00799989421 0.052701667 0.0666884109 -0.00799989421 0.052701667 0.0666884109 -0.00799989421 0.0547142141 0.0588123389 -0.00799989421 0.0542858467 0.0585124008 -0.00799989421 0.052701667 0.0666884109 -0.00799989421 0.0542858467 0.0585124008 -0.00799989421 0.0539160855 0.0581426322 -0.00799989421 0.0591685809 0.0567352325 -0.00799989421 0.0590332374 0.0572403409 -0.00799989421 0.0623793863 0.0577375181 -0.00799989421 0.0623793863 0.0577375181 -0.00799989421 0.0590332374 0.0572403409 -0.00799989421 0.0588122308 0.057714276 -0.00799989421 0.0532142334 0.0562142953 -0.00799989421 0.0532597974 0.0556933545 -0.00799989421 0.0526317395 0.0526318476 -0.00799989514 0.0526317395 0.0526318476 -0.00799989514 0.0532597974 0.0556933545 -0.00799989421 0.0533951558 0.0551882461 -0.00799989421 0.0526317395 0.0526318476 -0.00799989514 0.0533951558 0.0551882461 -0.00799989421 0.0536161475 0.0547143146 -0.00799989421 0.0539160855 0.0542859547 -0.00799989421 0.0542858467 0.0539161898 -0.00799989421 0.0526317395 0.0526318476 -0.00799989514 0.0526317395 0.0526318476 -0.00799989514 0.0542858467 0.0539161898 -0.00799989421 0.0547142141 0.0536162518 -0.00799989421 0.0526317395 0.0526318476 -0.00799989514 0.0547142141 0.0536162518 -0.00799989421 0.0551881492 0.0533952564 -0.00799989421 0.0679853931 0.0510175861 -0.00799989514 0.0572402291 0.0533952564 -0.00799989421 0.0577141605 0.0536162518 -0.00799989421 0.0588122308 0.0547143146 -0.00799989421 0.0590332374 0.0551882461 -0.00799989421 0.0679853931 0.0510175861 -0.00799989514 0.0679853931 0.0510175861 -0.00799989514 0.0590332374 0.0551882461 -0.00799989421 0.0591685809 0.0556933545 -0.00799989421 0.0679853931 0.0510175861 -0.00799989514 0.0591685809 0.0556933545 -0.00799989421 0.0623793863 0.0577375181 -0.00799989421 0.0623793863 0.0577375181 -0.00799989421 0.0591685809 0.0556933545 -0.00799989421 0.0592141561 0.0562142953 -0.00799989421 0.0623793863 0.0577375181 -0.00799989421 0.0592141561 0.0562142953 -0.00799989421 0.0591685809 0.0567352325 -0.00799989421 0.0588122308 0.057714276 -0.00799989421 0.0585122928 0.0581426322 -0.00799989421 0.0623793863 0.0577375181 -0.00799989421 0.0623793863 0.0577375181 -0.00799989421 0.0585122928 0.0581426322 -0.00799989421 0.0581425317 0.0585124008 -0.00799989421 0.0623793863 0.0577375181 -0.00799989421 0.0581425317 0.0585124008 -0.00799989421 0.056112133 0.0638454258 -0.00799989421 0.056112133 0.0638454258 -0.00799989421 0.0581425317 0.0585124008 -0.00799989421 0.0577141605 0.0588123389 -0.00799989421 0.056112133 0.0638454258 -0.00799989421 0.0577141605 0.0588123389 -0.00799989421 0.0572402291 0.0590333343 -0.00799989421 0.0539160855 0.0581426322 -0.00799989421 0.0536161475 0.057714276 -0.00799989421 0.052701667 0.0666884109 -0.00799989421 0.052701667 0.0666884109 -0.00799989421 0.0536161475 0.057714276 -0.00799989421 0.0533951558 0.0572403409 -0.00799989421 0.052701667 0.0666884109 -0.00799989421 0.0533951558 0.0572403409 -0.00799989421 0.0532597974 0.0567352325 -0.00799989421 0.0577141605 0.0536162518 -0.00799989421 0.0581425317 0.0539161898 -0.00799989421 0.0679853931 0.0510175861 -0.00799989514 0.0679853931 0.0510175861 -0.00799989514 0.0581425317 0.0539161898 -0.00799989421 0.0585122928 0.0542859547 -0.00799989421 0.0679853931 0.0510175861 -0.00799989514 0.0585122928 0.0542859547 -0.00799989421 0.0588122308 0.0547143146 -0.00799989421 0.0551881492 0.0533952564 -0.00799989421 0.0556932539 0.0532599129 -0.00799989514 0.0526317395 0.0526318476 -0.00799989514 0.0526317395 0.0526318476 -0.00799989514 0.0556932539 0.0532599129 -0.00799989514 0.0562141947 0.053214334 -0.00799989514 0.0526317395 0.0526318476 -0.00799989514 0.0562141947 0.053214334 -0.00799989514 0.0679853931 0.0510175861 -0.00799989514 0.0679853931 0.0510175861 -0.00799989514 0.0562141947 0.053214334 -0.00799989514 0.0567351244 0.0532599129 -0.00799989514 0.0679853931 0.0510175861 -0.00799989514 0.0567351244 0.0532599129 -0.00799989514 0.0572402291 0.0533952564 -0.00799989421 0.0258493535 0.0809729919 -0.00799989328 0.0340380669 0.0778859705 -0.00799989328 0.0252495985 0.0680816472 -0.00799989421 0.0252495985 0.0680816472 -0.00799989421 0.0340380669 0.0778859705 -0.00799989328 0.0418659709 0.0739733204 -0.00799989421 0.0252495985 0.0680816472 -0.00799989421 0.0418659709 0.0739733204 -0.00799989421 0.0492500849 0.0692765415 -0.00799989421 0.0173866246 0.0832016915 -0.00799989328 0.0258493535 0.0809729919 -0.00799989328 0.00254989392 0.0794990063 -0.00799989328 0.00220826175 0.0807739943 -0.00799989328 0.00229989714 0.0835239589 -0.00799989328 0.00239611021 0.0803711489 -0.00799989328 0.00239611021 0.0803711489 -0.00799989328 0.00229989714 0.0835239589 -0.00799989328 0.0173866246 0.0832016915 -0.00799989328 0.00239611021 0.0803711489 -0.00799989328 0.0173866246 0.0832016915 -0.00799989328 0.0025111523 0.0799418017 -0.00799989328 0.0025111523 0.0799418017 -0.00799989328 0.0173866246 0.0832016915 -0.00799989328 0.00254989392 0.0794990063 -0.00799989328 -0.0173867773 0.0832016915 -0.00799989328 -0.00873974804 0.0845484287 -0.00799989328 -0.00230004219 0.0835239589 -0.00799989328 -0.00230004219 0.0835239589 -0.00799989328 -0.00873974804 0.0845484287 -0.00799989328 -7.62929631e-08 0.0849989355 -0.00799989328 -0.00230004219 0.0835239589 -0.00799989328 -7.62929631e-08 0.0849989355 -0.00799989328 0.00229989714 0.0835239589 -0.00799989328 0.00229989714 0.0835239589 -0.00799989328 -7.62929631e-08 0.0849989355 -0.00799989328 0.0087395953 0.0845484287 -0.00799989328 0.00229989714 0.0835239589 -0.00799989328 0.0087395953 0.0845484287 -0.00799989328 0.0173866246 0.0832016915 -0.00799989328 -0.00251130504 0.0790562034 -0.00799989328 -0.0492502339 0.0692765415 -0.00799989421 -0.0418661237 0.0739733204 -0.00799989421 -0.00251130504 0.0790562034 -0.00799989328 -0.0418661237 0.0739733204 -0.00799989421 -0.00255003897 0.0794990063 -0.00799989328 -0.0173867773 0.0832016915 -0.00799989328 -0.00251130504 0.0799418017 -0.00799989328 -0.0258495063 0.0809729919 -0.00799989328 -0.0258495063 0.0809729919 -0.00799989328 -0.00251130504 0.0799418017 -0.00799989328 -0.00255003897 0.0794990063 -0.00799989328 -0.0258495063 0.0809729919 -0.00799989328 -0.00255003897 0.0794990063 -0.00799989328 -0.0340382196 0.0778859705 -0.00799989328 -0.0340382196 0.0778859705 -0.00799989328 -0.00255003897 0.0794990063 -0.00799989328 -0.0418661237 0.0739733204 -0.00799989421 -0.00230004219 0.0526318476 -0.00799989514 -0.052631896 0.0526318476 -0.00799989514 -0.0492502339 0.0692765415 -0.00799989421 -0.0547143593 0.0588123389 -0.00799989421 -0.0551882908 0.0590333343 -0.00799989421 -0.0492502339 0.0692765415 -0.00799989421 -0.0492502339 0.0692765415 -0.00799989421 -0.0551882908 0.0590333343 -0.00799989421 -0.0561122857 0.0638454258 -0.00799989421 -0.0551882908 0.0590333343 -0.00799989421 -0.0556934029 0.0591686778 -0.00799989421 -0.0561122857 0.0638454258 -0.00799989421 -0.0561122857 0.0638454258 -0.00799989421 -0.0556934029 0.0591686778 -0.00799989421 -0.05621434 0.0592142567 -0.00799989421 -0.0561122857 0.0638454258 -0.00799989421 -0.05621434 0.0592142567 -0.00799989421 -0.0567352772 0.0591686778 -0.00799989421 -0.0567352772 0.0591686778 -0.00799989421 -0.0572403856 0.0590333343 -0.00799989421 -0.0561122857 0.0638454258 -0.00799989421 -0.0561122857 0.0638454258 -0.00799989421 -0.0572403856 0.0590333343 -0.00799989421 -0.0577143207 0.0588123389 -0.00799989421 -0.0561122857 0.0638454258 -0.00799989421 -0.0577143207 0.0588123389 -0.00799989421 -0.0623795316 0.0577375181 -0.00799989421 -0.0623795316 0.0577375181 -0.00799989421 -0.0577143207 0.0588123389 -0.00799989421 -0.0581426769 0.0585124008 -0.00799989421 -0.0536163002 0.057714276 -0.00799989421 -0.0539162382 0.0581426322 -0.00799989421 -0.0492502339 0.0692765415 -0.00799989421 -0.0492502339 0.0692765415 -0.00799989421 -0.0539162382 0.0581426322 -0.00799989421 -0.0542860031 0.0585124008 -0.00799989421 -0.0492502339 0.0692765415 -0.00799989421 -0.0542860031 0.0585124008 -0.00799989421 -0.0547143593 0.0588123389 -0.00799989421 -0.0581426769 0.0585124008 -0.00799989421 -0.0585124455 0.0581426322 -0.00799989421 -0.0623795316 0.0577375181 -0.00799989421 -0.0623795316 0.0577375181 -0.00799989421 -0.0585124455 0.0581426322 -0.00799989421 -0.0588123836 0.057714276 -0.00799989421 -0.0623795316 0.0577375181 -0.00799989421 -0.0588123836 0.057714276 -0.00799989421 -0.0590333827 0.0572403409 -0.00799989421 -0.0492502339 0.0692765415 -0.00799989421 -0.052631896 0.0526318476 -0.00799989514 -0.0532143787 0.0562142953 -0.00799989421 -0.0532143787 0.0562142953 -0.00799989421 -0.0532599576 0.0567352325 -0.00799989421 -0.0492502339 0.0692765415 -0.00799989421 -0.0492502339 0.0692765415 -0.00799989421 -0.0532599576 0.0567352325 -0.00799989421 -0.0533953011 0.0572403409 -0.00799989421 -0.0492502339 0.0692765415 -0.00799989421 -0.0533953011 0.0572403409 -0.00799989421 -0.0536163002 0.057714276 -0.00799989421 -0.0590333827 0.0551882461 -0.00799989421 -0.0588123836 0.0547143146 -0.00799989421 -0.0679855347 0.0510175861 -0.00799989514 -0.0679855347 0.0510175861 -0.00799989514 -0.0588123836 0.0547143146 -0.00799989421 -0.0585124455 0.0542859547 -0.00799989421 -0.0679855347 0.0510175861 -0.00799989514 -0.0585124455 0.0542859547 -0.00799989421 -0.0581426769 0.0539161898 -0.00799989421 -0.0581426769 0.0539161898 -0.00799989421 -0.0577143207 0.0536162518 -0.00799989421 -0.0679855347 0.0510175861 -0.00799989514 -0.0679855347 0.0510175861 -0.00799989514 -0.0577143207 0.0536162518 -0.00799989421 -0.0572403856 0.0533952564 -0.00799989421 -0.0679855347 0.0510175861 -0.00799989514 -0.0572403856 0.0533952564 -0.00799989421 -0.0567352772 0.0532599129 -0.00799989514 -0.0590333827 0.0572403409 -0.00799989421 -0.0591687262 0.0567352325 -0.00799989421 -0.0623795316 0.0577375181 -0.00799989421 -0.0623795316 0.0577375181 -0.00799989421 -0.0591687262 0.0567352325 -0.00799989421 -0.0592143014 0.0562142953 -0.00799989421 -0.0623795316 0.0577375181 -0.00799989421 -0.0592143014 0.0562142953 -0.00799989421 -0.0679855347 0.0510175861 -0.00799989514 -0.0679855347 0.0510175861 -0.00799989514 -0.0592143014 0.0562142953 -0.00799989421 -0.0591687262 0.0556933545 -0.00799989421 -0.0679855347 0.0510175861 -0.00799989514 -0.0591687262 0.0556933545 -0.00799989421 -0.0590333827 0.0551882461 -0.00799989421 -0.05621434 0.053214334 -0.00799989514 -0.0556934029 0.0532599129 -0.00799989514 -0.052631896 0.0526318476 -0.00799989514 -0.052631896 0.0526318476 -0.00799989514 -0.0556934029 0.0532599129 -0.00799989514 -0.0551882908 0.0533952564 -0.00799989421 -0.052631896 0.0526318476 -0.00799989514 -0.0551882908 0.0533952564 -0.00799989421 -0.0547143593 0.0536162518 -0.00799989421 -0.0547143593 0.0536162518 -0.00799989421 -0.0542860031 0.0539161898 -0.00799989421 -0.052631896 0.0526318476 -0.00799989514 -0.052631896 0.0526318476 -0.00799989514 -0.0542860031 0.0539161898 -0.00799989421 -0.0539162382 0.0542859547 -0.00799989421 -0.052631896 0.0526318476 -0.00799989514 -0.0539162382 0.0542859547 -0.00799989421 -0.0536163002 0.0547143146 -0.00799989421 -0.0536163002 0.0547143146 -0.00799989421 -0.0533953011 0.0551882461 -0.00799989421 -0.052631896 0.0526318476 -0.00799989514 -0.052631896 0.0526318476 -0.00799989514 -0.0533953011 0.0551882461 -0.00799989421 -0.0532599576 0.0556933545 -0.00799989421 -0.052631896 0.0526318476 -0.00799989514 -0.0532599576 0.0556933545 -0.00799989421 -0.0532143787 0.0562142953 -0.00799989421 -0.052631896 0.00229999679 -0.007999897 -0.0680816993 0.00229999679 -0.007999897 -0.0679855347 0.0510175861 -0.00799989514 -0.0842954144 0.0109137464 -0.00799989607 -0.0827264786 0.0195232388 -0.00799989607 -0.0799418464 0.00251125963 -0.007999897 -0.0799418464 0.00251125963 -0.007999897 -0.0827264786 0.0195232388 -0.00799989607 -0.0794990435 0.00254999357 -0.007999897 -0.0794990435 0.00254999357 -0.007999897 -0.0827264786 0.0195232388 -0.00799989607 -0.0802806318 0.0279257726 -0.00799989607 -0.0794990435 0.00254999357 -0.007999897 -0.0802806318 0.0279257726 -0.00799989607 -0.0790562481 0.00251125963 -0.007999897 -0.0799418464 0.00251125963 -0.007999897 -0.0803711936 0.00239621755 -0.007999897 -0.0842954144 0.0109137464 -0.00799989607 -0.0842954144 0.0109137464 -0.00799989607 -0.0803711936 0.00239621755 -0.007999897 -0.0835240036 0.00229999679 -0.007999897 -0.0842954144 0.0109137464 -0.00799989607 -0.0835240036 0.00229999679 -0.007999897 -0.0849708095 0.00218857103 -0.007999897 -0.0849708095 0.00218857103 -0.007999897 -0.0835240036 0.00229999679 -0.007999897 -0.0835240036 -0.00229994254 -0.007999897 -0.0849708095 0.00218857103 -0.007999897 -0.0835240036 -0.00229994254 -0.007999897 -0.0847454667 -0.00655979803 -0.007999897 -0.0847454667 -0.00655979803 -0.007999897 -0.0835240036 -0.00229994254 -0.007999897 -0.0836218223 -0.0152386418 -0.00799989793 -0.0790562481 -0.0025111977 -0.007999897 -0.0786269084 -0.00239615561 -0.007999897 -0.0680816993 -0.0252496451 -0.00799989793 -0.0790562481 -0.0025111977 -0.007999897 -0.0680816993 -0.0252496451 -0.00799989793 -0.0794990435 -0.00254993932 -0.007999897 -0.0750268027 -0.0399474837 -0.00799989887 -0.0787365958 -0.0320214294 -0.00799989887 -0.0680816993 -0.0252496451 -0.00799989793 -0.0680816993 -0.0252496451 -0.00799989793 -0.0787365958 -0.0320214294 -0.00799989887 -0.08161176 -0.0237559434 -0.00799989793 -0.0680816993 -0.0252496451 -0.00799989793 -0.08161176 -0.0237559434 -0.00799989793 -0.0794990435 -0.00254993932 -0.007999897 -0.0591687262 -0.0556932986 -0.0079998998 -0.0592143014 -0.0562142432 -0.0079998998 -0.0652690753 -0.0544496924 -0.0079998998 -0.0542860031 -0.0539161302 -0.0079998998 -0.0547143593 -0.0536161922 -0.0079998998 -0.052631896 -0.0526317842 -0.00799989887 -0.0567352772 -0.0532598421 -0.00799989887 -0.0572403856 -0.0533952005 -0.0079998998 -0.0705217123 -0.0474500731 -0.00799989887 -0.0705217123 -0.0474500731 -0.00799989887 -0.0572403856 -0.0533952005 -0.0079998998 -0.0577143207 -0.0536161922 -0.0079998998 -0.0705217123 -0.0474500731 -0.00799989887 -0.0577143207 -0.0536161922 -0.0079998998 -0.0581426769 -0.0539161302 -0.0079998998 -0.0593245625 -0.0608721264 -0.0079998998 -0.0585124455 -0.0581425764 -0.0079998998 -0.0581426769 -0.0585123375 -0.0079998998 -0.052636195 -0.0667401552 -0.0079998998 -0.0551882908 -0.0590332821 -0.0079998998 -0.0547143593 -0.0588122755 -0.0079998998 -0.0536163002 -0.057714209 -0.0079998998 -0.0533953011 -0.0572402738 -0.0079998998 -0.052636195 -0.0667401552 -0.0079998998 -0.052636195 -0.0667401552 -0.0079998998 -0.0533953011 -0.0572402738 -0.0079998998 -0.0532599576 -0.0567351691 -0.0079998998 -0.0533953011 -0.0551881939 -0.0079998998 -0.052631896 -0.0526317842 -0.00799989887 -0.0532599576 -0.0556932986 -0.0079998998 -0.0532599576 -0.0556932986 -0.0079998998 -0.052631896 -0.0526317842 -0.00799989887 -0.0532143787 -0.0562142432 -0.0079998998 -0.0533953011 -0.0551881939 -0.0079998998 -0.0536163002 -0.0547142625 -0.0079998998 -0.052631896 -0.0526317842 -0.00799989887 -0.052631896 -0.0526317842 -0.00799989887 -0.0536163002 -0.0547142625 -0.0079998998 -0.0539162382 -0.0542858914 -0.0079998998 -0.052631896 -0.0526317842 -0.00799989887 -0.0539162382 -0.0542858914 -0.0079998998 -0.0542860031 -0.0539161302 -0.0079998998 -0.0551882908 -0.0590332821 -0.0079998998 -0.052636195 -0.0667401552 -0.0079998998 -0.0556934029 -0.0591686256 -0.0079998998 -0.0556934029 -0.0591686256 -0.0079998998 -0.052636195 -0.0667401552 -0.0079998998 -0.0527512021 -0.0666492879 -0.0079998998 -0.0556934029 -0.0591686256 -0.0079998998 -0.0527512021 -0.0666492879 -0.0079998998 -0.05621434 -0.0592142045 -0.0079998998 -0.0547143593 -0.0588122755 -0.0079998998 -0.0542860031 -0.0585123375 -0.0079998998 -0.052636195 -0.0667401552 -0.0079998998 -0.052636195 -0.0667401552 -0.0079998998 -0.0542860031 -0.0585123375 -0.0079998998 -0.0539162382 -0.0581425764 -0.0079998998 -0.052636195 -0.0667401552 -0.0079998998 -0.0539162382 -0.0581425764 -0.0079998998 -0.0536163002 -0.057714209 -0.0079998998 -0.0547143593 -0.0536161922 -0.0079998998 -0.0551882908 -0.0533952005 -0.0079998998 -0.052631896 -0.0526317842 -0.00799989887 -0.052631896 -0.0526317842 -0.00799989887 -0.0551882908 -0.0533952005 -0.0079998998 -0.0556934029 -0.0532598421 -0.00799989887 -0.052631896 -0.0526317842 -0.00799989887 -0.0556934029 -0.0532598421 -0.00799989887 -0.0705217123 -0.0474500731 -0.00799989887 -0.0705217123 -0.0474500731 -0.00799989887 -0.0556934029 -0.0532598421 -0.00799989887 -0.05621434 -0.0532142818 -0.00799989887 -0.0705217123 -0.0474500731 -0.00799989887 -0.05621434 -0.0532142818 -0.00799989887 -0.0567352772 -0.0532598421 -0.00799989887 -0.0581426769 -0.0539161302 -0.0079998998 -0.0585124455 -0.0542858914 -0.0079998998 -0.0705217123 -0.0474500731 -0.00799989887 -0.0705217123 -0.0474500731 -0.00799989887 -0.0585124455 -0.0542858914 -0.0079998998 -0.0588123836 -0.0547142625 -0.0079998998 -0.0705217123 -0.0474500731 -0.00799989887 -0.0588123836 -0.0547142625 -0.0079998998 -0.0652690753 -0.0544496924 -0.0079998998 -0.0652690753 -0.0544496924 -0.0079998998 -0.0588123836 -0.0547142625 -0.0079998998 -0.0590333827 -0.0551881939 -0.0079998998 -0.0652690753 -0.0544496924 -0.0079998998 -0.0590333827 -0.0551881939 -0.0079998998 -0.0591687262 -0.0556932986 -0.0079998998 -0.0592143014 -0.0562142432 -0.0079998998 -0.0591687262 -0.0567351691 -0.0079998998 -0.0652690753 -0.0544496924 -0.0079998998 -0.0652690753 -0.0544496924 -0.0079998998 -0.0591687262 -0.0567351691 -0.0079998998 -0.0590333827 -0.0572402738 -0.0079998998 -0.0652690753 -0.0544496924 -0.0079998998 -0.0590333827 -0.0572402738 -0.0079998998 -0.0593245625 -0.0608721264 -0.0079998998 -0.0593245625 -0.0608721264 -0.0079998998 -0.0590333827 -0.0572402738 -0.0079998998 -0.0588123836 -0.057714209 -0.0079998998 -0.0593245625 -0.0608721264 -0.0079998998 -0.0588123836 -0.057714209 -0.0079998998 -0.0585124455 -0.0581425764 -0.0079998998 -0.0581426769 -0.0585123375 -0.0079998998 -0.0577143207 -0.0588122755 -0.0079998998 -0.0593245625 -0.0608721264 -0.0079998998 -0.0593245625 -0.0608721264 -0.0079998998 -0.0577143207 -0.0588122755 -0.0079998998 -0.0572403856 -0.0590332821 -0.0079998998 -0.0593245625 -0.0608721264 -0.0079998998 -0.0572403856 -0.0590332821 -0.0079998998 -0.0527512021 -0.0666492879 -0.0079998998 -0.0527512021 -0.0666492879 -0.0079998998 -0.0572403856 -0.0590332821 -0.0079998998 -0.0567352772 -0.0591686256 -0.0079998998 -0.0527512021 -0.0666492879 -0.0079998998 -0.0567352772 -0.0591686256 -0.0079998998 -0.05621434 -0.0592142045 -0.0079998998 -0.0532599576 -0.0567351691 -0.0079998998 -0.0532143787 -0.0562142432 -0.0079998998 -0.052636195 -0.0667401552 -0.0079998998 -0.052636195 -0.0667401552 -0.0079998998 -0.0532143787 -0.0562142432 -0.0079998998 -0.052631896 -0.0526317842 -0.00799989887 -0.052636195 -0.0667401552 -0.0079998998 -0.052631896 -0.0526317842 -0.00799989887 -0.0456186645 -0.0717199594 -0.0079998998 -0.0456186645 -0.0717199594 -0.0079998998 -0.052631896 -0.0526317842 -0.00799989887 -0.00230004219 -0.0526317842 -0.00799989887 -0.00239626272 -0.0786268115 -0.00799990073 -0.00251130504 -0.0790561438 -0.00799990073 -0.0456186645 -0.0717199594 -0.0079998998 -0.00239626272 -0.0786268115 -0.00799990073 -0.0456186645 -0.0717199594 -0.0079998998 -0.00220841425 -0.0782239661 -0.00799990073 -0.00220841425 -0.0807739198 -0.00799990073 -0.00437571434 -0.0848861784 -0.00799990073 -0.00239626272 -0.0803710967 -0.00799990073 -0.00239626272 -0.0803710967 -0.00799990073 -0.00437571434 -0.0848861784 -0.00799990073 -0.0130806044 -0.0839863643 -0.00799990073 -0.00239626272 -0.0803710967 -0.00799990073 -0.0130806044 -0.0839863643 -0.00799990073 -0.00251130504 -0.0799417347 -0.00799990073 -0.00251130504 -0.0799417347 -0.00799990073 -0.0130806044 -0.0839863643 -0.00799990073 -0.0216468424 -0.0821962655 -0.00799990073 -0.00251130504 -0.0799417347 -0.00799990073 -0.0216468424 -0.0821962655 -0.00799990073 -0.00255003897 -0.0794989467 -0.00799990073 -0.00255003897 -0.0794989467 -0.00799990073 -0.0216468424 -0.0821962655 -0.00799990073 -0.0299836155 -0.0795348808 -0.00799990073 -0.00255003897 -0.0794989467 -0.00799990073 -0.0299836155 -0.0795348808 -0.00799990073 -0.00251130504 -0.0790561438 -0.00799990073 -0.00251130504 -0.0790561438 -0.00799990073 -0.0299836155 -0.0795348808 -0.00799990073 -0.0380025581 -0.0760303959 -0.00799990073 -0.00251130504 -0.0790561438 -0.00799990073 -0.0380025581 -0.0760303959 -0.00799990073 -0.0456186645 -0.0717199594 -0.0079998998 -0.00239626272 0.0786268637 -0.00799989328 -0.00220841425 0.0782240182 -0.00799989328 -0.00230004219 0.0680816472 -0.00799989421 -0.00230004219 0.0680816472 -0.00799989421 -0.00220841425 0.0782240182 -0.00799989328 -0.0019534661 0.0778599232 -0.00799989328 -0.0019534661 0.0778599232 -0.00799989328 -0.00163916196 0.0775456205 -0.00799989328 -0.00230004219 0.0680816472 -0.00799989421 -0.00230004219 0.0680816472 -0.00799989421 -0.00163916196 0.0775456205 -0.00799989328 -0.0012750614 0.0772906691 -0.00799989328 -0.00230004219 0.0680816472 -0.00799989421 -0.0012750614 0.0772906691 -0.00799989328 -0.000872219272 0.0771028176 -0.00799989328 0.00127490878 0.0772906691 -0.00799989328 0.00163900934 0.0775456205 -0.00799989328 0.00229989714 0.0680816472 -0.00799989421 0.00127490878 0.0772906691 -0.00799989328 0.00229989714 0.0680816472 -0.00799989421 0.00087206671 0.0771028176 -0.00799989328 0.00163900934 0.0775456205 -0.00799989328 0.00195331336 0.0778599232 -0.00799989328 0.00229989714 0.0680816472 -0.00799989421 0.00229989714 0.0680816472 -0.00799989421 0.00195331336 0.0778599232 -0.00799989328 0.00220826175 0.0782240182 -0.00799989328 0.00229989714 0.0680816472 -0.00799989421 0.00220826175 0.0782240182 -0.00799989328 0.0252495985 0.0680816472 -0.00799989421 0.0252495985 0.0680816472 -0.00799989421 0.00220826175 0.0782240182 -0.00799989328 0.00239611021 0.0786268637 -0.00799989328 0.0252495985 0.0680816472 -0.00799989421 0.00239611021 0.0786268637 -0.00799989328 0.0258493535 0.0809729919 -0.00799989328 0.0258493535 0.0809729919 -0.00799989328 0.00239611021 0.0786268637 -0.00799989328 0.0025111523 0.0790562034 -0.00799989328 0.0258493535 0.0809729919 -0.00799989328 0.0025111523 0.0790562034 -0.00799989328 0.00254989392 0.0794990063 -0.00799989328 -0.000872219272 0.0771028176 -0.00799989328 -0.000442873017 0.0769877806 -0.00799989328 -0.00230004219 0.0680816472 -0.00799989421 -0.00230004219 0.0680816472 -0.00799989421 -0.000442873017 0.0769877806 -0.00799989328 -7.62929631e-08 0.0769490376 -0.00799989328 -0.00230004219 0.0680816472 -0.00799989421 -7.62929631e-08 0.0769490376 -0.00799989328 0.00229989714 0.0680816472 -0.00799989421 0.00229989714 0.0680816472 -0.00799989421 -7.62929631e-08 0.0769490376 -0.00799989328 0.000442720426 0.0769877806 -0.00799989328 0.00229989714 0.0680816472 -0.00799989421 0.000442720426 0.0769877806 -0.00799989328 0.00087206671 0.0771028176 -0.00799989328 0.00220826175 0.0807739943 -0.00799989328 0.00195331336 0.0811380893 -0.00799989328 0.00229989714 0.0835239589 -0.00799989328 0.00229989714 0.0835239589 -0.00799989328 0.00195331336 0.0811380893 -0.00799989328 0.00163900934 0.0814523995 -0.00799989328 0.00229989714 0.0835239589 -0.00799989328 0.00163900934 0.0814523995 -0.00799989328 0.00127490878 0.0817073435 -0.00799989328 -0.00163916196 0.0814523995 -0.00799989328 -0.0019534661 0.0811380893 -0.00799989328 -0.00230004219 0.0835239589 -0.00799989328 -0.00230004219 0.0835239589 -0.00799989328 -0.0019534661 0.0811380893 -0.00799989328 -0.00220841425 0.0807739943 -0.00799989328 -0.00230004219 0.0835239589 -0.00799989328 -0.00220841425 0.0807739943 -0.00799989328 -0.0173867773 0.0832016915 -0.00799989328 -0.0173867773 0.0832016915 -0.00799989328 -0.00220841425 0.0807739943 -0.00799989328 -0.00239626272 0.0803711489 -0.00799989328 -0.0173867773 0.0832016915 -0.00799989328 -0.00239626272 0.0803711489 -0.00799989328 -0.00251130504 0.0799418017 -0.00799989328 -0.000442873017 0.0820102394 -0.00799989328 -0.000872219272 0.0818951949 -0.00799989328 -0.00230004219 0.0835239589 -0.00799989328 -0.00230004219 0.0835239589 -0.00799989328 -0.000872219272 0.0818951949 -0.00799989328 -0.0012750614 0.0817073435 -0.00799989328 -0.00230004219 0.0835239589 -0.00799989328 -0.0012750614 0.0817073435 -0.00799989328 -0.00163916196 0.0814523995 -0.00799989328 0.00127490878 0.0817073435 -0.00799989328 0.00087206671 0.0818951949 -0.00799989328 0.00229989714 0.0835239589 -0.00799989328 0.00229989714 0.0835239589 -0.00799989328 0.00087206671 0.0818951949 -0.00799989328 0.000442720426 0.0820102394 -0.00799989328 0.00229989714 0.0835239589 -0.00799989328 0.000442720426 0.0820102394 -0.00799989328 -0.00230004219 0.0835239589 -0.00799989328 -0.00230004219 0.0835239589 -0.00799989328 0.000442720426 0.0820102394 -0.00799989328 -7.62929631e-08 0.0820489749 -0.00799989328 -0.00230004219 0.0835239589 -0.00799989328 -7.62929631e-08 0.0820489749 -0.00799989328 -0.000442873017 0.0820102394 -0.00799989328 -0.0769490823 3.08668717e-08 -0.007999897 -0.0769878253 0.000442827586 -0.007999897 -0.0680816993 0.00229999679 -0.007999897 -0.0769878253 0.000442827586 -0.007999897 -0.0771028697 0.00087217387 -0.007999897 -0.0680816993 0.00229999679 -0.007999897 -0.0680816993 0.00229999679 -0.007999897 -0.0771028697 0.00087217387 -0.007999897 -0.0772907138 0.00127501599 -0.007999897 -0.0680816993 0.00229999679 -0.007999897 -0.0772907138 0.00127501599 -0.007999897 -0.0775456652 0.00163911656 -0.007999897 -0.0802806318 0.0279257726 -0.00799989607 -0.0769837722 0.0360322855 -0.00799989514 -0.0790562481 0.00251125963 -0.007999897 -0.0790562481 0.00251125963 -0.007999897 -0.0769837722 0.0360322855 -0.00799989514 -0.0728708804 0.0437568538 -0.00799989514 -0.0790562481 0.00251125963 -0.007999897 -0.0728708804 0.0437568538 -0.00799989514 -0.0786269084 0.00239621755 -0.007999897 -0.0786269084 0.00239621755 -0.007999897 -0.0728708804 0.0437568538 -0.00799989514 -0.0679855347 0.0510175861 -0.00799989514 -0.0786269084 0.00239621755 -0.007999897 -0.0679855347 0.0510175861 -0.00799989514 -0.0782240704 0.00220836885 -0.007999897 -0.0782240704 0.00220836885 -0.007999897 -0.0679855347 0.0510175861 -0.00799989514 -0.0680816993 0.00229999679 -0.007999897 -0.0782240704 0.00220836885 -0.007999897 -0.0680816993 0.00229999679 -0.007999897 -0.0778599679 0.00195342069 -0.007999897 -0.0778599679 0.00195342069 -0.007999897 -0.0680816993 0.00229999679 -0.007999897 -0.0775456652 0.00163911656 -0.007999897 -0.0782240704 -0.00220830692 -0.007999897 -0.0778599679 -0.00195335876 -0.007999897 -0.0680816993 -0.00229994254 -0.007999897 -0.0680816993 -0.00229994254 -0.007999897 -0.0778599679 -0.00195335876 -0.007999897 -0.0775456652 -0.00163905474 -0.007999897 -0.0680816993 -0.00229994254 -0.007999897 -0.0775456652 -0.00163905474 -0.007999897 -0.0772907138 -0.00127495429 -0.007999897 -0.0772907138 -0.00127495429 -0.007999897 -0.0771028697 -0.000872112112 -0.007999897 -0.0680816993 -0.00229994254 -0.007999897 -0.0680816993 -0.00229994254 -0.007999897 -0.0771028697 -0.000872112112 -0.007999897 -0.0769878253 -0.000442765857 -0.007999897 -0.0680816993 -0.00229994254 -0.007999897 -0.0769878253 -0.000442765857 -0.007999897 -0.0769490823 3.08668717e-08 -0.007999897 -0.0820102841 -0.000442765857 -0.007999897 -0.0818952397 -0.000872112112 -0.007999897 -0.0835240036 -0.00229994254 -0.007999897 -0.0835240036 -0.00229994254 -0.007999897 -0.0818952397 -0.000872112112 -0.007999897 -0.0817073882 -0.00127495429 -0.007999897 -0.0835240036 -0.00229994254 -0.007999897 -0.0817073882 -0.00127495429 -0.007999897 -0.0814524442 -0.00163905474 -0.007999897 -0.0814524442 -0.00163905474 -0.007999897 -0.0811381415 -0.00195335876 -0.007999897 -0.0835240036 -0.00229994254 -0.007999897 -0.0835240036 -0.00229994254 -0.007999897 -0.0811381415 -0.00195335876 -0.007999897 -0.080774039 -0.00220830692 -0.007999897 -0.0835240036 -0.00229994254 -0.007999897 -0.080774039 -0.00220830692 -0.007999897 -0.0836218223 -0.0152386418 -0.00799989793 -0.0836218223 -0.0152386418 -0.00799989793 -0.080774039 -0.00220830692 -0.007999897 -0.0803711936 -0.00239615561 -0.007999897 -0.0836218223 -0.0152386418 -0.00799989793 -0.0803711936 -0.00239615561 -0.007999897 -0.08161176 -0.0237559434 -0.00799989793 -0.08161176 -0.0237559434 -0.00799989793 -0.0803711936 -0.00239615561 -0.007999897 -0.0799418464 -0.0025111977 -0.007999897 -0.08161176 -0.0237559434 -0.00799989793 -0.0799418464 -0.0025111977 -0.007999897 -0.0794990435 -0.00254993932 -0.007999897 -0.080774039 0.00220836885 -0.007999897 -0.0811381415 0.00195342069 -0.007999897 -0.0835240036 0.00229999679 -0.007999897 -0.0835240036 0.00229999679 -0.007999897 -0.0811381415 0.00195342069 -0.007999897 -0.0814524442 0.00163911656 -0.007999897 -0.0835240036 0.00229999679 -0.007999897 -0.0814524442 0.00163911656 -0.007999897 -0.0817073882 0.00127501599 -0.007999897 -0.0817073882 0.00127501599 -0.007999897 -0.0818952397 0.00087217387 -0.007999897 -0.0835240036 0.00229999679 -0.007999897 -0.0835240036 0.00229999679 -0.007999897 -0.0818952397 0.00087217387 -0.007999897 -0.0820102841 0.000442827586 -0.007999897 -0.0835240036 0.00229999679 -0.007999897 -0.0820102841 0.000442827586 -0.007999897 -0.0835240036 -0.00229994254 -0.007999897 -0.0835240036 -0.00229994254 -0.007999897 -0.0820102841 0.000442827586 -0.007999897 -0.0820490196 3.08668717e-08 -0.007999897 -0.0835240036 -0.00229994254 -0.007999897 -0.0820490196 3.08668717e-08 -0.007999897 -0.0820102841 -0.000442765857 -0.007999897 0.00220826175 -0.0782239661 -0.00799990073 0.00195331336 -0.0778598562 -0.00799990073 0.00229989714 -0.068081595 -0.0079998998 0.00229989714 -0.068081595 -0.0079998998 0.00195331336 -0.0778598562 -0.00799990073 0.00163900934 -0.0775455534 -0.00799990073 0.00229989714 -0.068081595 -0.0079998998 0.00163900934 -0.0775455534 -0.00799990073 0.00127490878 -0.0772906169 -0.00799990073 0.00127490878 -0.0772906169 -0.00799990073 0.00087206671 -0.0771027654 -0.00799990073 0.00229989714 -0.068081595 -0.0079998998 0.00229989714 -0.068081595 -0.0079998998 0.00087206671 -0.0771027654 -0.00799990073 0.000442720426 -0.0769877136 -0.00799990073 0.00229989714 -0.068081595 -0.0079998998 0.000442720426 -0.0769877136 -0.00799990073 -7.62929631e-08 -0.076948978 -0.00799990073 -0.0012750614 -0.0772906169 -0.00799990073 -0.00230004219 -0.068081595 -0.0079998998 -0.000872219272 -0.0771027654 -0.00799990073 -0.000872219272 -0.0771027654 -0.00799990073 -0.00230004219 -0.068081595 -0.0079998998 -0.000442873017 -0.0769877136 -0.00799990073 -0.0012750614 -0.0772906169 -0.00799990073 -0.00163916196 -0.0775455534 -0.00799990073 -0.00230004219 -0.068081595 -0.0079998998 -0.00230004219 -0.068081595 -0.0079998998 -0.00163916196 -0.0775455534 -0.00799990073 -0.0019534661 -0.0778598562 -0.00799990073 -0.00230004219 -0.068081595 -0.0079998998 -0.0019534661 -0.0778598562 -0.00799990073 -0.00220841425 -0.0782239661 -0.00799990073 0.0769489333 3.08668717e-08 -0.007999897 0.0769876689 -0.000442765857 -0.007999897 0.0680815503 -0.00229994254 -0.007999897 0.0680815503 -0.00229994254 -0.007999897 0.0769876689 -0.000442765857 -0.007999897 0.0771027207 -0.000872112112 -0.007999897 0.0786267668 0.00239621755 -0.007999897 0.0782239214 0.00220836885 -0.007999897 0.0680815503 0.00229999679 -0.007999897 0.0680815503 0.00229999679 -0.007999897 0.0782239214 0.00220836885 -0.007999897 0.077859804 0.00195342069 -0.007999897 0.0680815503 0.00229999679 -0.007999897 0.077859804 0.00195342069 -0.007999897 0.0775455087 0.00163911656 -0.007999897 0.0775455087 0.00163911656 -0.007999897 0.0772905722 0.00127501599 -0.007999897 0.0680815503 0.00229999679 -0.007999897 0.0680815503 0.00229999679 -0.007999897 0.0772905722 0.00127501599 -0.007999897 0.0771027207 0.00087217387 -0.007999897 0.0680815503 0.00229999679 -0.007999897 0.0771027207 0.00087217387 -0.007999897 0.0769876689 0.000442827586 -0.007999897 0.0771027207 -0.000872112112 -0.007999897 0.0772905722 -0.00127495429 -0.007999897 0.0680815503 -0.00229994254 -0.007999897 0.0680815503 -0.00229994254 -0.007999897 0.0772905722 -0.00127495429 -0.007999897 0.0775455087 -0.00163905474 -0.007999897 0.0680815503 -0.00229994254 -0.007999897 0.0775455087 -0.00163905474 -0.007999897 0.077859804 -0.00195335876 -0.007999897 -0.052631896 0.00229999679 -0.007999897 -0.0515698008 0.00131772482 -0.007999897 -0.0517747588 0.00102501921 -0.007999897 -0.0503554046 0.00201885728 -0.007999897 -0.0507005639 0.00192637474 -0.007999897 -0.052631896 0.00229999679 -0.007999897 -0.0517747588 0.00102501921 -0.007999897 -0.0519257747 0.000701163197 -0.007999897 -0.052631896 0.00229999679 -0.007999897 -0.052631896 0.00229999679 -0.007999897 -0.0519257747 0.000701163197 -0.007999897 -0.0520182587 0.000356006203 -0.007999897 -0.052631896 0.00229999679 -0.007999897 -0.0520182587 0.000356006203 -0.007999897 -0.0520494021 3.08668717e-08 -0.007999897 -0.0769490823 3.08668717e-08 -0.007999897 -0.0680816993 0.00229999679 -0.007999897 -0.0680816993 -0.00229994254 -0.007999897 -0.0680816993 -0.00229994254 -0.007999897 -0.0680816993 0.00229999679 -0.007999897 -0.052631896 0.00229999679 -0.007999897 -0.0680816993 -0.00229994254 -0.007999897 -0.052631896 0.00229999679 -0.007999897 -0.052631896 -0.00229994254 -0.007999897 -0.052631896 -0.00229994254 -0.007999897 -0.052631896 0.00229999679 -0.007999897 -0.0520494021 3.08668717e-08 -0.007999897 -0.052631896 -0.00229994254 -0.007999897 -0.0520494021 3.08668717e-08 -0.007999897 -0.0520182587 -0.000355944474 -0.007999897 -0.0482241027 -0.00102495751 -0.007999897 -0.0480730869 -0.000701101439 -0.007999897 -0.00230004219 -0.00229994254 -0.007999897 -0.00230004219 -0.00229994254 -0.007999897 -0.0480730869 -0.000701101439 -0.007999897 -0.0479806028 -0.000355944474 -0.007999897 -0.0479494557 3.08668717e-08 -0.007999897 -0.0479806028 0.000356006203 -0.007999897 -0.00230004219 0.00229999679 -0.007999897 -0.00230004219 0.00229999679 -0.007999897 -0.0479806028 0.000356006203 -0.007999897 -0.0480730869 0.000701163197 -0.007999897 -0.00230004219 0.00229999679 -0.007999897 -0.0480730869 0.000701163197 -0.007999897 -0.0482241027 0.00102501921 -0.007999897 -0.0507005639 0.00192637474 -0.007999897 -0.0510244183 0.00177536043 -0.007999897 -0.052631896 0.00229999679 -0.007999897 -0.052631896 0.00229999679 -0.007999897 -0.0510244183 0.00177536043 -0.007999897 -0.0513171293 0.00157039938 -0.007999897 -0.052631896 0.00229999679 -0.007999897 -0.0513171293 0.00157039938 -0.007999897 -0.0515698008 0.00131772482 -0.007999897 -0.0492983013 -0.00192631304 -0.007999897 -0.0489744432 -0.00177529873 -0.007999897 -0.00230004219 -0.00229994254 -0.007999897 -0.0520182587 -0.000355944474 -0.007999897 -0.0519257747 -0.000701101439 -0.007999897 -0.052631896 -0.00229994254 -0.007999897 -0.052631896 -0.00229994254 -0.007999897 -0.0519257747 -0.000701101439 -0.007999897 -0.0517747588 -0.00102495751 -0.007999897 -0.052631896 -0.00229994254 -0.007999897 -0.0517747588 -0.00102495751 -0.007999897 -0.0515698008 -0.00131767069 -0.007999897 -0.0489744432 -0.00177529873 -0.007999897 -0.0486817323 -0.00157033768 -0.007999897 -0.00230004219 -0.00229994254 -0.007999897 -0.00230004219 -0.00229994254 -0.007999897 -0.0486817323 -0.00157033768 -0.007999897 -0.0484290607 -0.00131767069 -0.007999897 -0.00230004219 -0.00229994254 -0.007999897 -0.0484290607 -0.00131767069 -0.007999897 -0.0482241027 -0.00102495751 -0.007999897 -0.0482241027 0.00102501921 -0.007999897 -0.0484290607 0.00131772482 -0.007999897 -0.00230004219 0.00229999679 -0.007999897 -0.00230004219 0.00229999679 -0.007999897 -0.0484290607 0.00131772482 -0.007999897 -0.0486817323 0.00157039938 -0.007999897 -0.00230004219 0.00229999679 -0.007999897 -0.0486817323 0.00157039938 -0.007999897 -0.0489744432 0.00177536043 -0.007999897 -0.0489744432 0.00177536043 -0.007999897 -0.0492983013 0.00192637474 -0.007999897 -0.00230004219 0.00229999679 -0.007999897 -0.00230004219 0.00229999679 -0.007999897 -0.0492983013 0.00192637474 -0.007999897 -0.0496434569 0.00201885728 -0.007999897 -0.00230004219 0.00229999679 -0.007999897 -0.0496434569 0.00201885728 -0.007999897 -0.052631896 0.00229999679 -0.007999897 -0.052631896 0.00229999679 -0.007999897 -0.0496434569 0.00201885728 -0.007999897 -0.0499994308 0.00205000001 -0.007999897 -0.052631896 0.00229999679 -0.007999897 -0.0499994308 0.00205000001 -0.007999897 -0.0503554046 0.00201885728 -0.007999897 -0.0515698008 -0.00131767069 -0.007999897 -0.0513171293 -0.00157033768 -0.007999897 -0.052631896 -0.00229994254 -0.007999897 -0.052631896 -0.00229994254 -0.007999897 -0.0513171293 -0.00157033768 -0.007999897 -0.0510244183 -0.00177529873 -0.007999897 -0.052631896 -0.00229994254 -0.007999897 -0.0510244183 -0.00177529873 -0.007999897 -0.0507005639 -0.00192631304 -0.007999897 -0.0507005639 -0.00192631304 -0.007999897 -0.0503554046 -0.0020188028 -0.007999897 -0.052631896 -0.00229994254 -0.007999897 -0.052631896 -0.00229994254 -0.007999897 -0.0503554046 -0.0020188028 -0.007999897 -0.0499994308 -0.00204994576 -0.007999897 -0.052631896 -0.00229994254 -0.007999897 -0.0499994308 -0.00204994576 -0.007999897 -0.00230004219 -0.00229994254 -0.007999897 -0.00230004219 -0.00229994254 -0.007999897 -0.0499994308 -0.00204994576 -0.007999897 -0.0496434569 -0.0020188028 -0.007999897 -0.00230004219 -0.00229994254 -0.007999897 -0.0496434569 -0.0020188028 -0.007999897 -0.0492983013 -0.00192631304 -0.007999897 0.00131762528 -0.0484289564 -0.00799989887 0.001024912 -0.0482239872 -0.00799989887 0.00229989714 -0.0252496451 -0.00799989793 -0.00131777022 -0.0515696928 -0.00799989887 -0.00102506462 -0.0517746471 -0.00799989887 -0.00230004219 -0.0526317842 -0.00799989887 -0.00102506462 -0.0517746471 -0.00799989887 -0.000701208599 -0.0519256778 -0.00799989887 -0.00230004219 -0.0526317842 -0.00799989887 -0.00230004219 -0.0526317842 -0.00799989887 -0.000701208599 -0.0519256778 -0.00799989887 -0.000356051634 -0.0520181581 -0.00799989887 -0.00230004219 -0.0526317842 -0.00799989887 -0.000356051634 -0.0520181581 -0.00799989887 -7.62929631e-08 -0.0520493016 -0.00799989887 0.000355899043 -0.0520181581 -0.00799989887 0.000701056037 -0.0519256778 -0.00799989887 0.00229989714 -0.0526317842 -0.00799989887 0.00229989714 -0.0526317842 -0.00799989887 0.000701056037 -0.0519256778 -0.00799989887 0.001024912 -0.0517746471 -0.00799989887 -0.000356051634 -0.0479804911 -0.00799989887 -0.000701208599 -0.04807299 -0.00799989887 -0.00230004219 -0.0252496451 -0.00799989793 -0.00230004219 -0.0252496451 -0.00799989793 -0.000701208599 -0.04807299 -0.00799989887 -0.00102506462 -0.0482239872 -0.00799989887 -0.00220841425 -0.0782239661 -0.00799990073 -0.0456186645 -0.0717199594 -0.0079998998 -0.00230004219 -0.068081595 -0.0079998998 -0.00230004219 -0.068081595 -0.0079998998 -0.0456186645 -0.0717199594 -0.0079998998 -0.00230004219 -0.0526317842 -0.00799989887 -0.00230004219 -0.068081595 -0.0079998998 -0.00230004219 -0.0526317842 -0.00799989887 0.00229989714 -0.0526317842 -0.00799989887 0.00229989714 -0.0526317842 -0.00799989887 -0.00230004219 -0.0526317842 -0.00799989887 -7.62929631e-08 -0.0520493016 -0.00799989887 0.00229989714 -0.0526317842 -0.00799989887 -7.62929631e-08 -0.0520493016 -0.00799989887 0.000355899043 -0.0520181581 -0.00799989887 0.001024912 -0.0482239872 -0.00799989887 0.000701056037 -0.04807299 -0.00799989887 0.00229989714 -0.0252496451 -0.00799989793 0.00229989714 -0.0252496451 -0.00799989793 0.000701056037 -0.04807299 -0.00799989887 0.000355899043 -0.0479804911 -0.00799989887 0.00229989714 -0.0252496451 -0.00799989793 0.000355899043 -0.0479804911 -0.00799989887 -0.00230004219 -0.0252496451 -0.00799989793 -0.00230004219 -0.0252496451 -0.00799989793 0.000355899043 -0.0479804911 -0.00799989887 -7.62929631e-08 -0.0479493476 -0.00799989887 -0.00230004219 -0.0252496451 -0.00799989793 -7.62929631e-08 -0.0479493476 -0.00799989887 -0.000356051634 -0.0479804911 -0.00799989887 -0.00201890245 -0.0503552929 -0.00799989887 -0.00192642026 -0.0507004596 -0.00799989887 -0.00230004219 -0.0526317842 -0.00799989887 0.00229989714 -0.0526317842 -0.00799989887 0.00177525333 -0.0510243066 -0.00799989887 0.00192626764 -0.0507004596 -0.00799989887 0.00192626764 -0.0492981933 -0.00799989887 0.00177525333 -0.0489743464 -0.00799989887 0.00229989714 -0.0252496451 -0.00799989793 0.00229989714 -0.0252496451 -0.00799989793 0.00177525333 -0.0489743464 -0.00799989887 0.00157029228 -0.0486816242 -0.00799989887 0.00229989714 -0.0252496451 -0.00799989793 0.00157029228 -0.0486816242 -0.00799989887 0.00131762528 -0.0484289564 -0.00799989887 -0.00192642026 -0.0507004596 -0.00799989887 -0.00177540595 -0.0510243066 -0.00799989887 -0.00230004219 -0.0526317842 -0.00799989887 -0.00230004219 -0.0526317842 -0.00799989887 -0.00177540595 -0.0510243066 -0.00799989887 -0.0015704449 -0.0513170287 -0.00799989887 -0.00230004219 -0.0526317842 -0.00799989887 -0.0015704449 -0.0513170287 -0.00799989887 -0.00131777022 -0.0515696928 -0.00799989887 0.001024912 -0.0517746471 -0.00799989887 0.00131762528 -0.0515696928 -0.00799989887 0.00229989714 -0.0526317842 -0.00799989887 0.00229989714 -0.0526317842 -0.00799989887 0.00131762528 -0.0515696928 -0.00799989887 0.00157029228 -0.0513170287 -0.00799989887 0.00229989714 -0.0526317842 -0.00799989887 0.00157029228 -0.0513170287 -0.00799989887 0.00177525333 -0.0510243066 -0.00799989887 0.00192626764 -0.0507004596 -0.00799989887 0.00201875763 -0.0503552929 -0.00799989887 0.00229989714 -0.0526317842 -0.00799989887 0.00229989714 -0.0526317842 -0.00799989887 0.00201875763 -0.0503552929 -0.00799989887 0.00204990036 -0.0499993265 -0.00799989887 0.00229989714 -0.0526317842 -0.00799989887 0.00204990036 -0.0499993265 -0.00799989887 0.00229989714 -0.0252496451 -0.00799989793 0.00229989714 -0.0252496451 -0.00799989793 0.00204990036 -0.0499993265 -0.00799989887 0.00201875763 -0.0496433564 -0.00799989887 0.00229989714 -0.0252496451 -0.00799989793 0.00201875763 -0.0496433564 -0.00799989887 0.00192626764 -0.0492981933 -0.00799989887 -0.00102506462 -0.0482239872 -0.00799989887 -0.00131777022 -0.0484289564 -0.00799989887 -0.00230004219 -0.0252496451 -0.00799989793 -0.00230004219 -0.0252496451 -0.00799989793 -0.00131777022 -0.0484289564 -0.00799989887 -0.0015704449 -0.0486816242 -0.00799989887 -0.00230004219 -0.0252496451 -0.00799989793 -0.0015704449 -0.0486816242 -0.00799989887 -0.00177540595 -0.0489743464 -0.00799989887 -0.00177540595 -0.0489743464 -0.00799989887 -0.00192642026 -0.0492981933 -0.00799989887 -0.00230004219 -0.0252496451 -0.00799989793 -0.00230004219 -0.0252496451 -0.00799989793 -0.00192642026 -0.0492981933 -0.00799989887 -0.00201890245 -0.0496433564 -0.00799989887 -0.00230004219 -0.0252496451 -0.00799989793 -0.00201890245 -0.0496433564 -0.00799989887 -0.00205004541 -0.0499993265 -0.00799989887 -0.0750268027 -0.0399474837 -0.00799989887 -0.0680816993 -0.0252496451 -0.00799989793 -0.0705217123 -0.0474500731 -0.00799989887 -0.0705217123 -0.0474500731 -0.00799989887 -0.0680816993 -0.0252496451 -0.00799989793 -0.052631896 -0.0252496451 -0.00799989793 -0.0705217123 -0.0474500731 -0.00799989887 -0.052631896 -0.0252496451 -0.00799989793 -0.052631896 -0.0526317842 -0.00799989887 -0.052631896 -0.0526317842 -0.00799989887 -0.052631896 -0.0252496451 -0.00799989793 -0.00230004219 -0.0252496451 -0.00799989793 -0.052631896 -0.0526317842 -0.00799989887 -0.00230004219 -0.0252496451 -0.00799989793 -0.00230004219 -0.0526317842 -0.00799989887 -0.00230004219 -0.0526317842 -0.00799989887 -0.00230004219 -0.0252496451 -0.00799989793 -0.00205004541 -0.0499993265 -0.00799989887 -0.00230004219 -0.0526317842 -0.00799989887 -0.00205004541 -0.0499993265 -0.00799989887 -0.00201890245 -0.0503552929 -0.00799989887 -0.00230004219 0.0526318476 -0.00799989514 -0.000701208599 0.05192573 -0.00799989514 -0.00102506462 0.0517747141 -0.00799989514 0.001024912 0.0517747141 -0.00799989514 0.000701056037 0.05192573 -0.00799989514 0.00229989714 0.0526318476 -0.00799989514 -0.0015704449 0.0486816838 -0.00799989514 -0.00131777022 0.048429016 -0.00799989514 -0.00230004219 0.00229999679 -0.007999897 -0.00230004219 0.00229999679 -0.007999897 -0.00131777022 0.048429016 -0.00799989514 -0.00102506462 0.048224058 -0.00799989514 -0.00230004219 0.00229999679 -0.007999897 -0.00102506462 0.048224058 -0.00799989514 -0.000701208599 0.0480730422 -0.00799989514 0.001024912 0.0517747141 -0.00799989514 0.00229989714 0.0526318476 -0.00799989514 0.00131762528 0.0515697561 -0.00799989514 0.000701056037 0.05192573 -0.00799989514 0.000355899043 0.052018214 -0.00799989514 0.00229989714 0.0526318476 -0.00799989514 0.00229989714 0.0526318476 -0.00799989514 0.000355899043 0.052018214 -0.00799989514 -7.62929631e-08 0.0520493574 -0.00799989514 0.00229989714 0.0526318476 -0.00799989514 -7.62929631e-08 0.0520493574 -0.00799989514 -0.00230004219 0.0526318476 -0.00799989514 -0.00230004219 0.0526318476 -0.00799989514 -7.62929631e-08 0.0520493574 -0.00799989514 -0.000356051634 0.052018214 -0.00799989514 -0.00230004219 0.0526318476 -0.00799989514 -0.000356051634 0.052018214 -0.00799989514 -0.000701208599 0.05192573 -0.00799989514 -0.00102506462 0.0517747141 -0.00799989514 -0.00131777022 0.0515697561 -0.00799989514 -0.00230004219 0.0526318476 -0.00799989514 -0.00230004219 0.0526318476 -0.00799989514 -0.00131777022 0.0515697561 -0.00799989514 -0.0015704449 0.0513170846 -0.00799989514 -0.00230004219 0.0526318476 -0.00799989514 -0.0015704449 0.0513170846 -0.00799989514 -0.00177540595 0.0510243699 -0.00799989514 -0.00201890245 0.0496434122 -0.00799989514 -0.00192642026 0.0492982529 -0.00799989514 -0.00230004219 0.00229999679 -0.007999897 -0.00230004219 0.00229999679 -0.007999897 -0.00192642026 0.0492982529 -0.00799989514 -0.00177540595 0.0489743985 -0.00799989514 -0.00230004219 0.00229999679 -0.007999897 -0.00177540595 0.0489743985 -0.00799989514 -0.0015704449 0.0486816838 -0.00799989514 0.00229989714 0.00229999679 -0.007999897 0.000701056037 0.0480730422 -0.00799989514 0.001024912 0.048224058 -0.00799989514 -0.00177540595 0.0510243699 -0.00799989514 -0.00192642026 0.0507005192 -0.00799989514 -0.00230004219 0.0526318476 -0.00799989514 -0.00230004219 0.0526318476 -0.00799989514 -0.00192642026 0.0507005192 -0.00799989514 -0.00201890245 0.0503553599 -0.00799989514 -0.00230004219 0.0526318476 -0.00799989514 -0.00201890245 0.0503553599 -0.00799989514 -0.00205004541 0.0499993861 -0.00799989514 -0.000701208599 0.0480730422 -0.00799989514 -0.000356051634 0.0479805581 -0.00799989514 -0.00230004219 0.00229999679 -0.007999897 -0.00230004219 0.00229999679 -0.007999897 -0.000356051634 0.0479805581 -0.00799989514 -7.62929631e-08 0.047949411 -0.00799989514 -0.00230004219 0.00229999679 -0.007999897 -7.62929631e-08 0.047949411 -0.00799989514 0.00229989714 0.00229999679 -0.007999897 0.00229989714 0.00229999679 -0.007999897 -7.62929631e-08 0.047949411 -0.00799989514 0.000355899043 0.0479805581 -0.00799989514 0.00229989714 0.00229999679 -0.007999897 0.000355899043 0.0479805581 -0.00799989514 0.000701056037 0.0480730422 -0.00799989514 -0.0567352772 0.0532599129 -0.00799989514 -0.05621434 0.053214334 -0.00799989514 -0.0679855347 0.0510175861 -0.00799989514 -0.0679855347 0.0510175861 -0.00799989514 -0.05621434 0.053214334 -0.00799989514 -0.052631896 0.0526318476 -0.00799989514 -0.0679855347 0.0510175861 -0.00799989514 -0.052631896 0.0526318476 -0.00799989514 -0.052631896 0.00229999679 -0.007999897 -0.052631896 0.00229999679 -0.007999897 -0.052631896 0.0526318476 -0.00799989514 -0.00230004219 0.0526318476 -0.00799989514 -0.052631896 0.00229999679 -0.007999897 -0.00230004219 0.0526318476 -0.00799989514 -0.00230004219 0.00229999679 -0.007999897 -0.00230004219 0.00229999679 -0.007999897 -0.00230004219 0.0526318476 -0.00799989514 -0.00205004541 0.0499993861 -0.00799989514 -0.00230004219 0.00229999679 -0.007999897 -0.00205004541 0.0499993861 -0.00799989514 -0.00201890245 0.0496434122 -0.00799989514 0.00201875763 0.0503553599 -0.00799989514 0.00192626764 0.0507005192 -0.00799989514 0.00229989714 0.0526318476 -0.00799989514 0.00192626764 0.0507005192 -0.00799989514 0.00177525333 0.0510243699 -0.00799989514 0.00229989714 0.0526318476 -0.00799989514 0.00229989714 0.0526318476 -0.00799989514 0.00177525333 0.0510243699 -0.00799989514 0.00157029228 0.0513170846 -0.00799989514 0.00229989714 0.0526318476 -0.00799989514 0.00157029228 0.0513170846 -0.00799989514 0.00131762528 0.0515697561 -0.00799989514 0.001024912 0.048224058 -0.00799989514 0.00131762528 0.048429016 -0.00799989514 0.00229989714 0.00229999679 -0.007999897 0.00229989714 0.00229999679 -0.007999897 0.00131762528 0.048429016 -0.00799989514 0.00157029228 0.0486816838 -0.00799989514 0.00229989714 0.00229999679 -0.007999897 0.00157029228 0.0486816838 -0.00799989514 0.00177525333 0.0489743985 -0.00799989514 0.00177525333 0.0489743985 -0.00799989514 0.00192626764 0.0492982529 -0.00799989514 0.00229989714 0.00229999679 -0.007999897 0.00229989714 0.00229999679 -0.007999897 0.00192626764 0.0492982529 -0.00799989514 0.00201875763 0.0496434122 -0.00799989514 0.00229989714 0.00229999679 -0.007999897 0.00201875763 0.0496434122 -0.00799989514 0.00204990036 0.0499993861 -0.00799989514 0.0025111523 -0.0790561438 -0.00799990073 0.00239611021 -0.0786268115 -0.00799990073 0.0252495985 -0.068081595 -0.0079998998 0.0252495985 -0.068081595 -0.0079998998 0.00239611021 -0.0786268115 -0.00799990073 0.00229989714 -0.068081595 -0.0079998998 0.0252495985 -0.068081595 -0.0079998998 0.00229989714 -0.068081595 -0.0079998998 0.0252495985 -0.0526317842 -0.00799989887 0.0526317395 -0.00229994254 -0.007999897 0.0252495985 -0.0252496451 -0.00799989793 0.0252495985 -0.00229994254 -0.007999897 0.0252495985 -0.00229994254 -0.007999897 0.0252495985 -0.0252496451 -0.00799989793 0.00229989714 -0.0252496451 -0.00799989793 0.0252495985 -0.00229994254 -0.007999897 0.00229989714 -0.0252496451 -0.00799989793 0.00229989714 -0.00229994254 -0.007999897 0.00229989714 -0.00229994254 -0.007999897 0.00229989714 -0.0252496451 -0.00799989793 -0.00230004219 -0.0252496451 -0.00799989793 0.00229989714 -0.00229994254 -0.007999897 -0.00230004219 -0.0252496451 -0.00799989793 -0.00230004219 -0.00229994254 -0.007999897 -0.00230004219 -0.00229994254 -0.007999897 -0.00230004219 -0.0252496451 -0.00799989793 -0.052631896 -0.0252496451 -0.00799989793 -0.00230004219 -0.00229994254 -0.007999897 -0.052631896 -0.0252496451 -0.00799989793 -0.052631896 -0.00229994254 -0.007999897 -0.052631896 -0.00229994254 -0.007999897 -0.052631896 -0.0252496451 -0.00799989793 -0.0680816993 -0.0252496451 -0.00799989793 -0.052631896 -0.00229994254 -0.007999897 -0.0680816993 -0.0252496451 -0.00799989793 -0.0680816993 -0.00229994254 -0.007999897 -0.0680816993 -0.00229994254 -0.007999897 -0.0680816993 -0.0252496451 -0.00799989793 -0.0786269084 -0.00239615561 -0.007999897 -0.0680816993 -0.00229994254 -0.007999897 -0.0786269084 -0.00239615561 -0.007999897 -0.0782240704 -0.00220830692 -0.007999897 0.0532597974 0.0567352325 -0.00799989421 0.0532142334 0.0562142953 -0.00799989421 0.052701667 0.0666884109 -0.00799989421 0.052701667 0.0666884109 -0.00799989421 0.0532142334 0.0562142953 -0.00799989421 0.0526317395 0.0526318476 -0.00799989514 0.052701667 0.0666884109 -0.00799989421 0.0526317395 0.0526318476 -0.00799989514 0.0492500849 0.0692765415 -0.00799989421 0.0492500849 0.0692765415 -0.00799989421 0.0526317395 0.0526318476 -0.00799989514 0.0252495985 0.0526318476 -0.00799989514 0.0492500849 0.0692765415 -0.00799989421 0.0252495985 0.0526318476 -0.00799989514 0.0252495985 0.0680816472 -0.00799989421 0.0252495985 0.0680816472 -0.00799989421 0.0252495985 0.0526318476 -0.00799989514 0.00229989714 0.0526318476 -0.00799989514 0.0252495985 0.0680816472 -0.00799989421 0.00229989714 0.0526318476 -0.00799989514 0.00229989714 0.0680816472 -0.00799989421 0.00229989714 0.0680816472 -0.00799989421 0.00229989714 0.0526318476 -0.00799989514 -0.00230004219 0.0526318476 -0.00799989514 0.00229989714 0.0680816472 -0.00799989421 -0.00230004219 0.0526318476 -0.00799989514 -0.00230004219 0.0680816472 -0.00799989421 -0.00230004219 0.0680816472 -0.00799989421 -0.00230004219 0.0526318476 -0.00799989514 -0.0492502339 0.0692765415 -0.00799989421 -0.00230004219 0.0680816472 -0.00799989421 -0.0492502339 0.0692765415 -0.00799989421 -0.00239626272 0.0786268637 -0.00799989328 -0.00239626272 0.0786268637 -0.00799989328 -0.0492502339 0.0692765415 -0.00799989421 -0.00251130504 0.0790562034 -0.00799989328 0.0526317395 -0.0252496451 -0.00799989793 0.0526317395 -0.0526317842 -0.00799989887 0.0252495985 -0.0526317842 -0.00799989887 0.0252495985 -0.0526317842 -0.00799989887 0.0526317395 -0.0526317842 -0.00799989887 0.045618508 -0.0717199594 -0.0079998998 0.0252495985 -0.0526317842 -0.00799989887 0.045618508 -0.0717199594 -0.0079998998 0.0252495985 -0.068081595 -0.0079998998 0.0252495985 -0.068081595 -0.0079998998 0.045618508 -0.0717199594 -0.0079998998 0.038002409 -0.0760303959 -0.00799990073 0.0252495985 -0.068081595 -0.0079998998 0.038002409 -0.0760303959 -0.00799990073 0.0299834628 -0.0795348808 -0.00799990073 0.0515696481 0.00131772482 -0.007999897 0.0526317395 0.00229999679 -0.007999897 0.0517746024 0.00102501921 -0.007999897 0.0517746024 0.00102501921 -0.007999897 0.0526317395 0.00229999679 -0.007999897 0.0519256331 0.000701163197 -0.007999897 0.0252495985 0.00229999679 -0.007999897 0.0492981486 0.00192637474 -0.007999897 0.0489742979 0.00177536043 -0.007999897 0.0482239425 0.00102501921 -0.007999897 0.0480729453 0.000701163197 -0.007999897 0.0252495985 0.00229999679 -0.007999897 0.0252495985 0.00229999679 -0.007999897 0.0480729453 0.000701163197 -0.007999897 0.0479804464 0.000356006203 -0.007999897 0.0252495985 0.00229999679 -0.007999897 0.0479804464 0.000356006203 -0.007999897 0.0479493029 3.08668717e-08 -0.007999897 0.0515696481 0.00131772482 -0.007999897 0.0513169803 0.00157039938 -0.007999897 0.0526317395 0.00229999679 -0.007999897 0.0526317395 0.00229999679 -0.007999897 0.0513169803 0.00157039938 -0.007999897 0.0510242619 0.00177536043 -0.007999897 0.0526317395 0.00229999679 -0.007999897 0.0510242619 0.00177536043 -0.007999897 0.0507004112 0.00192637474 -0.007999897 0.0507004112 0.00192637474 -0.007999897 0.0503552482 0.00201885728 -0.007999897 0.0526317395 0.00229999679 -0.007999897 0.0526317395 0.00229999679 -0.007999897 0.0503552482 0.00201885728 -0.007999897 0.0499992818 0.00205000001 -0.007999897 0.0526317395 0.00229999679 -0.007999897 0.0499992818 0.00205000001 -0.007999897 0.0252495985 0.00229999679 -0.007999897 0.0252495985 0.00229999679 -0.007999897 0.0499992818 0.00205000001 -0.007999897 0.0496433116 0.00201885728 -0.007999897 0.0252495985 0.00229999679 -0.007999897 0.0496433116 0.00201885728 -0.007999897 0.0492981486 0.00192637474 -0.007999897 0.0489742979 0.00177536043 -0.007999897 0.0486815795 0.00157039938 -0.007999897 0.0252495985 0.00229999679 -0.007999897 0.0252495985 0.00229999679 -0.007999897 0.0486815795 0.00157039938 -0.007999897 0.0484289117 0.00131772482 -0.007999897 0.0252495985 0.00229999679 -0.007999897 0.0484289117 0.00131772482 -0.007999897 0.0482239425 0.00102501921 -0.007999897 0.0479493029 3.08668717e-08 -0.007999897 0.0252495985 -0.00229994254 -0.007999897 0.0252495985 0.00229999679 -0.007999897 0.0252495985 0.00229999679 -0.007999897 0.0252495985 -0.00229994254 -0.007999897 0.00229989714 -0.00229994254 -0.007999897 0.0252495985 0.00229999679 -0.007999897 0.00229989714 -0.00229994254 -0.007999897 0.00229989714 0.00229999679 -0.007999897 0.00229989714 0.00229999679 -0.007999897 0.00229989714 -0.00229994254 -0.007999897 -0.00230004219 -0.00229994254 -0.007999897 0.00229989714 0.00229999679 -0.007999897 -0.00230004219 -0.00229994254 -0.007999897 -0.00230004219 0.00229999679 -0.007999897 -0.00230004219 0.00229999679 -0.007999897 -0.00230004219 -0.00229994254 -0.007999897 -0.0479806028 -0.000355944474 -0.007999897 -0.00230004219 0.00229999679 -0.007999897 -0.0479806028 -0.000355944474 -0.007999897 -0.0479494557 3.08668717e-08 -0.007999897 0.0479493029 3.08668717e-08 -0.007999897 0.0479804464 -0.000355944474 -0.007999897 0.0252495985 -0.00229994254 -0.007999897 0.0252495985 -0.00229994254 -0.007999897 0.0479804464 -0.000355944474 -0.007999897 0.0480729453 -0.000701101439 -0.007999897 0.0252495985 -0.00229994254 -0.007999897 0.0480729453 -0.000701101439 -0.007999897 0.0482239425 -0.00102495751 -0.007999897 0.0513169803 -0.00157033768 -0.007999897 0.0515696481 -0.00131767069 -0.007999897 0.0526317395 -0.00229994254 -0.007999897 0.0526317395 -0.00229994254 -0.007999897 0.0515696481 -0.00131767069 -0.007999897 0.0517746024 -0.00102495751 -0.007999897 0.0526317395 -0.00229994254 -0.007999897 0.0517746024 -0.00102495751 -0.007999897 0.0519256331 -0.000701101439 -0.007999897 0.0519256331 -0.000701101439 -0.007999897 0.0520181134 -0.000355944474 -0.007999897 0.0526317395 -0.00229994254 -0.007999897 0.0526317395 -0.00229994254 -0.007999897 0.0520181134 -0.000355944474 -0.007999897 0.0520492569 3.08668717e-08 -0.007999897 0.0526317395 -0.00229994254 -0.007999897 0.0520492569 3.08668717e-08 -0.007999897 0.0526317395 0.00229999679 -0.007999897 0.0526317395 0.00229999679 -0.007999897 0.0520492569 3.08668717e-08 -0.007999897 0.0520181134 0.000356006203 -0.007999897 0.0526317395 0.00229999679 -0.007999897 0.0520181134 0.000356006203 -0.007999897 0.0519256331 0.000701163197 -0.007999897 0.0482239425 -0.00102495751 -0.007999897 0.0484289117 -0.00131767069 -0.007999897 0.0252495985 -0.00229994254 -0.007999897 0.0252495985 -0.00229994254 -0.007999897 0.0484289117 -0.00131767069 -0.007999897 0.0486815795 -0.00157033768 -0.007999897 0.0252495985 -0.00229994254 -0.007999897 0.0486815795 -0.00157033768 -0.007999897 0.0489742979 -0.00177529873 -0.007999897 0.0503552482 -0.0020188028 -0.007999897 0.0507004112 -0.00192631304 -0.007999897 0.0526317395 -0.00229994254 -0.007999897 0.0526317395 -0.00229994254 -0.007999897 0.0507004112 -0.00192631304 -0.007999897 0.0510242619 -0.00177529873 -0.007999897 0.0526317395 -0.00229994254 -0.007999897 0.0510242619 -0.00177529873 -0.007999897 0.0513169803 -0.00157033768 -0.007999897 0.0489742979 -0.00177529873 -0.007999897 0.0492981486 -0.00192631304 -0.007999897 0.0252495985 -0.00229994254 -0.007999897 0.0252495985 -0.00229994254 -0.007999897 0.0492981486 -0.00192631304 -0.007999897 0.0496433116 -0.0020188028 -0.007999897 0.0252495985 -0.00229994254 -0.007999897 0.0496433116 -0.0020188028 -0.007999897 0.0526317395 -0.00229994254 -0.007999897 0.0526317395 -0.00229994254 -0.007999897 0.0496433116 -0.0020188028 -0.007999897 0.0499992818 -0.00204994576 -0.007999897 0.0526317395 -0.00229994254 -0.007999897 0.0499992818 -0.00204994576 -0.007999897 0.0503552482 -0.0020188028 -0.007999897 0.0786267668 0.00239621755 -0.007999897 0.0680815503 0.00229999679 -0.007999897 0.0679853931 0.0510175861 -0.00799989514 0.0679853931 0.0510175861 -0.00799989514 0.0680815503 0.00229999679 -0.007999897 0.0526317395 0.00229999679 -0.007999897 0.0679853931 0.0510175861 -0.00799989514 0.0526317395 0.00229999679 -0.007999897 0.0526317395 0.0526318476 -0.00799989514 0.0526317395 0.0526318476 -0.00799989514 0.0526317395 0.00229999679 -0.007999897 0.0252495985 0.00229999679 -0.007999897 0.0526317395 0.0526318476 -0.00799989514 0.0252495985 0.00229999679 -0.007999897 0.0252495985 0.0526318476 -0.00799989514 0.0252495985 0.0526318476 -0.00799989514 0.0252495985 0.00229999679 -0.007999897 0.00229989714 0.00229999679 -0.007999897 0.0252495985 0.0526318476 -0.00799989514 0.00229989714 0.00229999679 -0.007999897 0.00229989714 0.0526318476 -0.00799989514 0.00229989714 0.0526318476 -0.00799989514 0.00229989714 0.00229999679 -0.007999897 0.00204990036 0.0499993861 -0.00799989514 0.00229989714 0.0526318476 -0.00799989514 0.00204990036 0.0499993861 -0.00799989514 0.00201875763 0.0503553599 -0.00799989514 0.0567351244 -0.0532598421 -0.00799989887 0.0562141947 -0.0532142818 -0.00799989887 0.0667024478 -0.0526838154 -0.00799989887 0.0667024478 -0.0526838154 -0.00799989887 0.0562141947 -0.0532142818 -0.00799989887 0.0526317395 -0.0526317842 -0.00799989887 0.0667024478 -0.0526838154 -0.00799989887 0.0526317395 -0.0526317842 -0.00799989887 0.0705215707 -0.0474500731 -0.00799989887 0.0705215707 -0.0474500731 -0.00799989887 0.0526317395 -0.0526317842 -0.00799989887 0.0526317395 -0.0252496451 -0.00799989793 0.0705215707 -0.0474500731 -0.00799989887 0.0526317395 -0.0252496451 -0.00799989793 0.0680815503 -0.0252496451 -0.00799989793 0.0680815503 -0.0252496451 -0.00799989793 0.0526317395 -0.0252496451 -0.00799989793 0.0680815503 -0.00229994254 -0.007999897 0.0680815503 -0.0252496451 -0.00799989793 0.0680815503 -0.00229994254 -0.007999897 0.0782239214 -0.00220830692 -0.007999897 0.0782239214 -0.00220830692 -0.007999897 0.0680815503 -0.00229994254 -0.007999897 0.077859804 -0.00195335876 -0.007999897 0.0769876689 0.000442827586 -0.007999897 0.0769489333 3.08668717e-08 -0.007999897 0.0680815503 0.00229999679 -0.007999897 0.0680815503 0.00229999679 -0.007999897 0.0769489333 3.08668717e-08 -0.007999897 0.0680815503 -0.00229994254 -0.007999897 0.0680815503 0.00229999679 -0.007999897 0.0680815503 -0.00229994254 -0.007999897 0.0526317395 -0.00229994254 -0.007999897 0.0526317395 -0.00229994254 -0.007999897 0.0680815503 -0.00229994254 -0.007999897 0.0526317395 -0.0252496451 -0.00799989793 0.0526317395 -0.00229994254 -0.007999897 0.0526317395 -0.0252496451 -0.00799989793 0.0252495985 -0.0252496451 -0.00799989793 0.0252495985 -0.0252496451 -0.00799989793 0.0526317395 -0.0252496451 -0.00799989793 0.0252495985 -0.0526317842 -0.00799989887 0.0252495985 -0.0252496451 -0.00799989793 0.0252495985 -0.0526317842 -0.00799989887 0.00229989714 -0.0526317842 -0.00799989887 0.00229989714 -0.0526317842 -0.00799989887 0.0252495985 -0.0526317842 -0.00799989887 0.00229989714 -0.068081595 -0.0079998998 0.00229989714 -0.0526317842 -0.00799989887 0.00229989714 -0.068081595 -0.0079998998 -0.00230004219 -0.068081595 -0.0079998998 -0.00230004219 -0.068081595 -0.0079998998 0.00229989714 -0.068081595 -0.0079998998 -7.62929631e-08 -0.076948978 -0.00799990073 -0.00230004219 -0.068081595 -0.0079998998 -7.62929631e-08 -0.076948978 -0.00799990073 -0.000442873017 -0.0769877136 -0.00799990073 -0.005000012 0.0827032551 3.61507424e-09 -0.005000012 0.0794990063 3.47501206e-09 -0.005000012 0.0827032551 -0.00549992546 -0.005000012 0.0827032551 -0.00549992546 -0.005000012 0.0794990063 3.47501206e-09 -0.005000012 0.0794990063 -0.00549992593 0.00499985926 0.0827032551 -0.00549992546 0.00499985926 0.0794990063 -0.00549992593 0.00499985926 0.0827032551 3.61507424e-09 0.00499985926 0.0827032551 3.61507424e-09 0.00499985926 0.0794990063 -0.00549992593 0.00499985926 0.0794990063 3.47501206e-09 -7.62929631e-08 0.0820489749 -0.00549992546 0.000442720426 0.0820102394 -0.00549992546 -7.62929631e-08 0.0849989355 -0.00549992546 -0.00163916196 0.0814523995 -0.00549992546 -0.00590787549 0.0843787268 -0.00549992546 -0.00564673962 0.0841758773 -0.00549992546 0.00590772275 0.0843787268 -0.00549992546 0.00619871914 0.0845357701 -0.00549992546 -7.62929631e-08 0.0849989355 -0.00549992546 0.00619871914 0.0845357701 -0.00549992546 0.00651160441 0.0846427232 -0.00549992546 -7.62929631e-08 0.0849989355 -0.00549992546 -7.62929631e-08 0.0849989355 -0.00549992546 0.00651160441 0.0846427232 -0.00549992546 0.00683784066 0.0846966654 -0.00549992546 -7.62929631e-08 0.0849989355 -0.00549992546 0.00683784066 0.0846966654 -0.00549992546 0.00716850953 0.0846961066 -0.00549992546 -0.005000012 0.0827032551 -0.00549992546 -0.005000012 0.0794990063 -0.00549992593 -0.00251130504 0.0799418017 -0.00549992546 -7.62929631e-08 0.0849989355 -0.00549992546 -0.00716865482 0.0846961066 -0.00549992546 -0.00683799339 0.0846966654 -0.00549992546 -0.00163916196 0.0814523995 -0.00549992546 -0.00564673962 0.0841758773 -0.00549992546 -0.0019534661 0.0811380893 -0.00549992546 -0.0019534661 0.0811380893 -0.00549992546 -0.00564673962 0.0841758773 -0.00549992546 -0.00542259123 0.0839327797 -0.00549992546 -0.0019534661 0.0811380893 -0.00549992546 -0.00542259123 0.0839327797 -0.00549992546 -0.00524156308 0.0836560652 -0.00549992546 -0.00251130504 0.0799418017 -0.00549992546 -0.00239626272 0.0803711489 -0.00549992546 -0.005000012 0.0827032551 -0.00549992546 -0.005000012 0.0827032551 -0.00549992546 -0.00239626272 0.0803711489 -0.00549992546 -0.00220841425 0.0807739943 -0.00549992546 -0.005000012 0.0827032551 -0.00549992546 -0.00220841425 0.0807739943 -0.00549992546 -0.00502734771 0.0830327868 -0.00549992546 -0.00502734771 0.0830327868 -0.00549992546 -0.00220841425 0.0807739943 -0.00549992546 -0.0019534661 0.0811380893 -0.00549992546 -0.00502734771 0.0830327868 -0.00549992546 -0.0019534661 0.0811380893 -0.00549992546 -0.00510860747 0.0833533183 -0.00549992546 -0.00510860747 0.0833533183 -0.00549992546 -0.0019534661 0.0811380893 -0.00549992546 -0.00524156308 0.0836560652 -0.00549992546 -0.00683799339 0.0846966654 -0.00549992546 -0.00651175715 0.0846427232 -0.00549992546 -7.62929631e-08 0.0849989355 -0.00549992546 -7.62929631e-08 0.0849989355 -0.00549992546 -0.00651175715 0.0846427232 -0.00549992546 -0.00619886443 0.0845357701 -0.00549992546 -7.62929631e-08 0.0849989355 -0.00549992546 -0.00619886443 0.0845357701 -0.00549992546 -0.00590787549 0.0843787268 -0.00549992546 -0.00163916196 0.0814523995 -0.00549992546 -0.0012750614 0.0817073435 -0.00549992546 -0.00590787549 0.0843787268 -0.00549992546 -0.00590787549 0.0843787268 -0.00549992546 -0.0012750614 0.0817073435 -0.00549992546 -0.000872219272 0.0818951949 -0.00549992546 -0.00590787549 0.0843787268 -0.00549992546 -0.000872219272 0.0818951949 -0.00549992546 -7.62929631e-08 0.0849989355 -0.00549992546 -7.62929631e-08 0.0849989355 -0.00549992546 -0.000872219272 0.0818951949 -0.00549992546 -0.000442873017 0.0820102394 -0.00549992546 -7.62929631e-08 0.0849989355 -0.00549992546 -0.000442873017 0.0820102394 -0.00549992546 -7.62929631e-08 0.0820489749 -0.00549992546 0.00499985926 0.0827032551 -0.00549992546 0.00220826175 0.0807739943 -0.00549992546 0.00239611021 0.0803711489 -0.00549992546 0.00195331336 0.0811380893 -0.00549992546 0.00510845473 0.0833533183 -0.00549992546 0.00524141034 0.0836560652 -0.00549992546 0.00499985926 0.0827032551 -0.00549992546 0.00239611021 0.0803711489 -0.00549992546 0.00499985926 0.0794990063 -0.00549992593 0.00239611021 0.0803711489 -0.00549992546 0.0025111523 0.0799418017 -0.00549992546 0.00499985926 0.0794990063 -0.00549992593 0.00499985926 0.0794990063 -0.00549992593 0.0025111523 0.0799418017 -0.00549992546 0.00254989392 0.0794990063 -0.00549992593 0.00499985926 0.0794990063 -0.00549992593 0.00254989392 0.0794990063 -0.00549992593 0.00492390199 0.0786307752 -0.00549992593 0.00492390199 0.0786307752 -0.00549992593 0.00254989392 0.0794990063 -0.00549992593 0.0025111523 0.0790562034 -0.00549992593 0.00492390199 0.0786307752 -0.00549992593 0.0025111523 0.0790562034 -0.00549992593 0.00469832681 0.0777889341 -0.00549992593 0.00469832681 0.0777889341 -0.00549992593 0.0025111523 0.0790562034 -0.00549992593 0.00239611021 0.0786268637 -0.00549992593 0.00469832681 0.0777889341 -0.00549992593 0.00239611021 0.0786268637 -0.00549992593 0.00432999944 0.0769990385 -0.00549992593 0.00432999944 0.0769990385 -0.00549992593 0.00239611021 0.0786268637 -0.00549992593 0.00220826175 0.0782240182 -0.00549992593 0.00432999944 0.0769990385 -0.00549992593 0.00220826175 0.0782240182 -0.00549992593 0.00383009738 0.0762851089 -0.00549992593 0.00383009738 0.0762851089 -0.00549992593 0.00220826175 0.0782240182 -0.00549992593 0.00195331336 0.0778599232 -0.00549992593 0.00383009738 0.0762851089 -0.00549992593 0.00195331336 0.0778599232 -0.00549992593 0.00321381819 0.0756688341 -0.00549992593 0.00321381819 0.0756688341 -0.00549992593 0.00195331336 0.0778599232 -0.00549992593 0.00163900934 0.0775456205 -0.00549992593 0.00321381819 0.0756688341 -0.00549992593 0.00163900934 0.0775456205 -0.00549992593 0.00249989145 0.0751689374 -0.00549992593 0.00249989145 0.0751689374 -0.00549992593 0.00163900934 0.0775456205 -0.00549992593 0.00127490878 0.0772906691 -0.00549992593 0.00249989145 0.0751689374 -0.00549992593 0.00127490878 0.0772906691 -0.00549992593 0.00170999998 0.0748006031 -0.00549992593 0.00170999998 0.0748006031 -0.00549992593 0.00127490878 0.0772906691 -0.00549992593 0.00087206671 0.0771028176 -0.00549992593 0.00170999998 0.0748006031 -0.00549992593 0.00087206671 0.0771028176 -0.00549992593 0.000868152885 0.0745750293 -0.00549992593 0.000868152885 0.0745750293 -0.00549992593 0.00087206671 0.0771028176 -0.00549992593 0.000442720426 0.0769877806 -0.00549992593 0.000868152885 0.0745750293 -0.00549992593 0.000442720426 0.0769877806 -0.00549992593 -7.62929631e-08 0.0744990706 -0.00549992593 -7.62929631e-08 0.0744990706 -0.00549992593 0.000442720426 0.0769877806 -0.00549992593 -7.62929631e-08 0.0769490376 -0.00549992593 -7.62929631e-08 0.0744990706 -0.00549992593 -7.62929631e-08 0.0769490376 -0.00549992593 -0.000868305448 0.0745750293 -0.00549992593 -0.000868305448 0.0745750293 -0.00549992593 -7.62929631e-08 0.0769490376 -0.00549992593 -0.000442873017 0.0769877806 -0.00549992593 -0.000868305448 0.0745750293 -0.00549992593 -0.000442873017 0.0769877806 -0.00549992593 -0.00171015249 0.0748006031 -0.00549992593 -0.00171015249 0.0748006031 -0.00549992593 -0.000442873017 0.0769877806 -0.00549992593 -0.000872219272 0.0771028176 -0.00549992593 -0.00171015249 0.0748006031 -0.00549992593 -0.000872219272 0.0771028176 -0.00549992593 -0.00250004418 0.0751689374 -0.00549992593 -0.00250004418 0.0751689374 -0.00549992593 -0.000872219272 0.0771028176 -0.00549992593 -0.0012750614 0.0772906691 -0.00549992593 -0.00250004418 0.0751689374 -0.00549992593 -0.0012750614 0.0772906691 -0.00549992593 -0.00321397069 0.0756688341 -0.00549992593 -0.00321397069 0.0756688341 -0.00549992593 -0.0012750614 0.0772906691 -0.00549992593 -0.00163916196 0.0775456205 -0.00549992593 -0.00321397069 0.0756688341 -0.00549992593 -0.00163916196 0.0775456205 -0.00549992593 -0.00383025012 0.0762851089 -0.00549992593 -0.00383025012 0.0762851089 -0.00549992593 -0.00163916196 0.0775456205 -0.00549992593 -0.0019534661 0.0778599232 -0.00549992593 -0.00383025012 0.0762851089 -0.00549992593 -0.0019534661 0.0778599232 -0.00549992593 -0.00433014426 0.0769990385 -0.00549992593 -0.00433014426 0.0769990385 -0.00549992593 -0.0019534661 0.0778599232 -0.00549992593 -0.00220841425 0.0782240182 -0.00549992593 -0.00433014426 0.0769990385 -0.00549992593 -0.00220841425 0.0782240182 -0.00549992593 -0.00469847908 0.0777889341 -0.00549992593 -0.00469847908 0.0777889341 -0.00549992593 -0.00220841425 0.0782240182 -0.00549992593 -0.00239626272 0.0786268637 -0.00549992593 -0.00469847908 0.0777889341 -0.00549992593 -0.00239626272 0.0786268637 -0.00549992593 -0.00492405472 0.0786307752 -0.00549992593 -0.00492405472 0.0786307752 -0.00549992593 -0.00239626272 0.0786268637 -0.00549992593 -0.00251130504 0.0790562034 -0.00549992593 -0.00492405472 0.0786307752 -0.00549992593 -0.00251130504 0.0790562034 -0.00549992593 -0.005000012 0.0794990063 -0.00549992593 -0.005000012 0.0794990063 -0.00549992593 -0.00251130504 0.0790562034 -0.00549992593 -0.00255003897 0.0794990063 -0.00549992593 -0.005000012 0.0794990063 -0.00549992593 -0.00255003897 0.0794990063 -0.00549992593 -0.00251130504 0.0799418017 -0.00549992546 0.00220826175 0.0807739943 -0.00549992546 0.00499985926 0.0827032551 -0.00549992546 0.00195331336 0.0811380893 -0.00549992546 0.00195331336 0.0811380893 -0.00549992546 0.00499985926 0.0827032551 -0.00549992546 0.00502719497 0.0830327868 -0.00549992546 0.00195331336 0.0811380893 -0.00549992546 0.00502719497 0.0830327868 -0.00549992546 0.00510845473 0.0833533183 -0.00549992546 0.000442720426 0.0820102394 -0.00549992546 0.00087206671 0.0818951949 -0.00549992546 -7.62929631e-08 0.0849989355 -0.00549992546 -7.62929631e-08 0.0849989355 -0.00549992546 0.00087206671 0.0818951949 -0.00549992546 0.00127490878 0.0817073435 -0.00549992546 -7.62929631e-08 0.0849989355 -0.00549992546 0.00127490878 0.0817073435 -0.00549992546 0.00590772275 0.0843787268 -0.00549992546 0.00590772275 0.0843787268 -0.00549992546 0.00127490878 0.0817073435 -0.00549992546 0.00163900934 0.0814523995 -0.00549992546 0.00590772275 0.0843787268 -0.00549992546 0.00163900934 0.0814523995 -0.00549992546 0.00564658735 0.0841758773 -0.00549992546 0.00564658735 0.0841758773 -0.00549992546 0.00163900934 0.0814523995 -0.00549992546 0.00195331336 0.0811380893 -0.00549992546 0.00564658735 0.0841758773 -0.00549992546 0.00195331336 0.0811380893 -0.00549992546 0.00542243849 0.0839327797 -0.00549992546 0.00542243849 0.0839327797 -0.00549992546 0.00195331336 0.0811380893 -0.00549992546 0.00524141034 0.0836560652 -0.00549992546 -0.005000012 0.0794990063 -0.00549992593 -0.005000012 0.0794990063 3.47501206e-09 -0.00492405472 0.0786307752 -0.00549992593 -0.00492405472 0.0786307752 -0.00549992593 -0.005000012 0.0794990063 3.47501206e-09 -0.00492405472 0.0786307752 3.43706064e-09 -0.00492405472 0.0786307752 -0.00549992593 -0.00492405472 0.0786307752 3.43706064e-09 -0.00469847908 0.0777889341 -0.00549992593 -0.00469847908 0.0777889341 -0.00549992593 -0.00492405472 0.0786307752 3.43706064e-09 -0.00469847908 0.0777889341 3.40026229e-09 -0.00469847908 0.0777889341 -0.00549992593 -0.00469847908 0.0777889341 3.40026229e-09 -0.00433014426 0.0769990385 -0.00549992593 -0.00433014426 0.0769990385 -0.00549992593 -0.00469847908 0.0777889341 3.40026229e-09 -0.00433014426 0.0769990385 3.36573502e-09 -0.00433014426 0.0769990385 -0.00549992593 -0.00433014426 0.0769990385 3.36573502e-09 -0.00383025012 0.0762851089 -0.00549992593 -0.00383025012 0.0762851089 -0.00549992593 -0.00433014426 0.0769990385 3.36573502e-09 -0.00383025012 0.0762851089 3.33452821e-09 -0.00383025012 0.0762851089 -0.00549992593 -0.00383025012 0.0762851089 3.33452821e-09 -0.00321397069 0.0756688341 -0.00549992593 -0.00321397069 0.0756688341 -0.00549992593 -0.00383025012 0.0762851089 3.33452821e-09 -0.00321397069 0.0756688341 3.30758976e-09 -0.00321397069 0.0756688341 -0.00549992593 -0.00321397069 0.0756688341 3.30758976e-09 -0.00250004418 0.0751689374 -0.00549992593 -0.00250004418 0.0751689374 -0.00549992593 -0.00321397069 0.0756688341 3.30758976e-09 -0.00250004418 0.0751689374 3.28573879e-09 -0.00250004418 0.0751689374 -0.00549992593 -0.00250004418 0.0751689374 3.28573879e-09 -0.00171015249 0.0748006031 -0.00549992593 -0.00171015249 0.0748006031 -0.00549992593 -0.00250004418 0.0751689374 3.28573879e-09 -0.00171015249 0.0748006031 3.26963834e-09 -0.00171015249 0.0748006031 -0.00549992593 -0.00171015249 0.0748006031 3.26963834e-09 -0.000868305448 0.0745750293 -0.00549992593 -0.000868305448 0.0745750293 -0.00549992593 -0.00171015249 0.0748006031 3.26963834e-09 -0.000868305448 0.0745750293 3.25977823e-09 -0.000868305448 0.0745750293 -0.00549992593 -0.000868305448 0.0745750293 3.25977823e-09 -7.62929631e-08 0.0744990706 -0.00549992593 -7.62929631e-08 0.0744990706 -0.00549992593 -0.000868305448 0.0745750293 3.25977823e-09 -7.62929631e-08 0.0744990706 3.25645799e-09 -7.62929631e-08 0.0744990706 -0.00549992593 -7.62929631e-08 0.0744990706 3.25645799e-09 0.000868152885 0.0745750293 -0.00549992593 0.000868152885 0.0745750293 -0.00549992593 -7.62929631e-08 0.0744990706 3.25645799e-09 0.000868152885 0.0745750293 3.25977823e-09 0.000868152885 0.0745750293 -0.00549992593 0.000868152885 0.0745750293 3.25977823e-09 0.00170999998 0.0748006031 -0.00549992593 0.00170999998 0.0748006031 -0.00549992593 0.000868152885 0.0745750293 3.25977823e-09 0.00170999998 0.0748006031 3.26963834e-09 0.00170999998 0.0748006031 -0.00549992593 0.00170999998 0.0748006031 3.26963834e-09 0.00249989145 0.0751689374 -0.00549992593 0.00249989145 0.0751689374 -0.00549992593 0.00170999998 0.0748006031 3.26963834e-09 0.00249989145 0.0751689374 3.28573879e-09 0.00249989145 0.0751689374 -0.00549992593 0.00249989145 0.0751689374 3.28573879e-09 0.00321381819 0.0756688341 -0.00549992593 0.00321381819 0.0756688341 -0.00549992593 0.00249989145 0.0751689374 3.28573879e-09 0.00321381819 0.0756688341 3.30758976e-09 0.00321381819 0.0756688341 -0.00549992593 0.00321381819 0.0756688341 3.30758976e-09 0.00383009738 0.0762851089 -0.00549992593 0.00383009738 0.0762851089 -0.00549992593 0.00321381819 0.0756688341 3.30758976e-09 0.00383009738 0.0762851089 3.33452821e-09 0.00383009738 0.0762851089 -0.00549992593 0.00383009738 0.0762851089 3.33452821e-09 0.00432999944 0.0769990385 -0.00549992593 0.00432999944 0.0769990385 -0.00549992593 0.00383009738 0.0762851089 3.33452821e-09 0.00432999944 0.0769990385 3.36573502e-09 0.00432999944 0.0769990385 -0.00549992593 0.00432999944 0.0769990385 3.36573502e-09 0.00469832681 0.0777889341 -0.00549992593 0.00469832681 0.0777889341 -0.00549992593 0.00432999944 0.0769990385 3.36573502e-09 0.00469832681 0.0777889341 3.40026229e-09 0.00469832681 0.0777889341 -0.00549992593 0.00469832681 0.0777889341 3.40026229e-09 0.00492390199 0.0786307752 -0.00549992593 0.00492390199 0.0786307752 -0.00549992593 0.00469832681 0.0777889341 3.40026229e-09 0.00492390199 0.0786307752 3.43706064e-09 0.00492390199 0.0786307752 -0.00549992593 0.00492390199 0.0786307752 3.43706064e-09 0.00499985926 0.0794990063 -0.00549992593 0.00499985926 0.0794990063 -0.00549992593 0.00492390199 0.0786307752 3.43706064e-09 0.00499985926 0.0794990063 3.47501206e-09 0.0562141947 0.053214334 -0.00799989514 0.0562141947 0.053214334 2.32607245e-09 0.0567351244 0.0532599129 -0.00799989514 0.0567351244 0.0532599129 -0.00799989514 0.0562141947 0.053214334 2.32607245e-09 0.0567351244 0.0532599129 2.32806463e-09 0.0567351244 0.0532599129 -0.00799989514 0.0567351244 0.0532599129 2.32806463e-09 0.0572402291 0.0533952564 -0.00799989421 0.0572402291 0.0533952564 -0.00799989421 0.0567351244 0.0532599129 2.32806463e-09 0.0572402291 0.0533952564 2.33398079e-09 0.0572402291 0.0533952564 -0.00799989421 0.0572402291 0.0533952564 2.33398079e-09 0.0577141605 0.0536162518 -0.00799989421 0.0577141605 0.0536162518 -0.00799989421 0.0572402291 0.0533952564 2.33398079e-09 0.0577141605 0.0536162518 2.34364084e-09 0.0577141605 0.0536162518 -0.00799989421 0.0577141605 0.0536162518 2.34364084e-09 0.0581425317 0.0539161898 -0.00799989421 0.0581425317 0.0539161898 -0.00799989421 0.0577141605 0.0536162518 2.34364084e-09 0.0581425317 0.0539161898 2.35675168e-09 0.0581425317 0.0539161898 -0.00799989421 0.0581425317 0.0539161898 2.35675168e-09 0.0585122928 0.0542859547 -0.00799989421 0.0585122928 0.0542859547 -0.00799989421 0.0581425317 0.0539161898 2.35675168e-09 0.0585122928 0.0542859547 2.37291453e-09 0.0585122928 0.0542859547 -0.00799989421 0.0585122928 0.0542859547 2.37291453e-09 0.0588122308 0.0547143146 -0.00799989421 0.0588122308 0.0547143146 -0.00799989421 0.0585122928 0.0542859547 2.37291453e-09 0.0588122308 0.0547143146 2.39163866e-09 0.0588122308 0.0547143146 -0.00799989421 0.0588122308 0.0547143146 2.39163866e-09 0.0590332374 0.0551882461 -0.00799989421 0.0590332374 0.0551882461 -0.00799989421 0.0588122308 0.0547143146 2.39163866e-09 0.0590332374 0.0551882461 2.41235498e-09 0.0590332374 0.0551882461 -0.00799989421 0.0590332374 0.0551882461 2.41235498e-09 0.0591685809 0.0556933545 -0.00799989421 0.0591685809 0.0556933545 -0.00799989421 0.0590332374 0.0551882461 2.41235498e-09 0.0591685809 0.0556933545 2.43443399e-09 0.0591685809 0.0556933545 -0.00799989421 0.0591685809 0.0556933545 2.43443399e-09 0.0592141561 0.0562142953 -0.00799989421 0.0592141561 0.0562142953 -0.00799989421 0.0591685809 0.0556933545 2.43443399e-09 0.0592141561 0.0562142953 2.45720488e-09 0.0592141561 0.0562142953 -0.00799989421 0.0592141561 0.0562142953 2.45720488e-09 0.0591685809 0.0567352325 -0.00799989421 0.0591685809 0.0567352325 -0.00799989421 0.0592141561 0.0562142953 2.45720488e-09 0.0591685809 0.0567352325 2.47997578e-09 0.0591685809 0.0567352325 -0.00799989421 0.0591685809 0.0567352325 2.47997578e-09 0.0590332374 0.0572403409 -0.00799989421 0.0590332374 0.0572403409 -0.00799989421 0.0591685809 0.0567352325 2.47997578e-09 0.0590332374 0.0572403409 2.50205479e-09 0.0590332374 0.0572403409 -0.00799989421 0.0590332374 0.0572403409 2.50205479e-09 0.0588122308 0.057714276 -0.00799989421 0.0588122308 0.057714276 -0.00799989421 0.0590332374 0.0572403409 2.50205479e-09 0.0588122308 0.057714276 2.5227711e-09 0.0588122308 0.057714276 -0.00799989421 0.0588122308 0.057714276 2.5227711e-09 0.0585122928 0.0581426322 -0.00799989421 0.0585122928 0.0581426322 -0.00799989421 0.0588122308 0.057714276 2.5227711e-09 0.0585122928 0.0581426322 2.54149524e-09 0.0585122928 0.0581426322 -0.00799989421 0.0585122928 0.0581426322 2.54149524e-09 0.0581425317 0.0585124008 -0.00799989421 0.0581425317 0.0585124008 -0.00799989421 0.0585122928 0.0581426322 2.54149524e-09 0.0581425317 0.0585124008 2.55765831e-09 0.0581425317 0.0585124008 -0.00799989421 0.0581425317 0.0585124008 2.55765831e-09 0.0577141605 0.0588123389 -0.00799989421 0.0577141605 0.0588123389 -0.00799989421 0.0581425317 0.0585124008 2.55765831e-09 0.0577141605 0.0588123389 2.57076893e-09 0.0577141605 0.0588123389 -0.00799989421 0.0577141605 0.0588123389 2.57076893e-09 0.0572402291 0.0590333343 -0.00799989421 0.0572402291 0.0590333343 -0.00799989421 0.0577141605 0.0588123389 2.57076893e-09 0.0572402291 0.0590333343 2.5804292e-09 0.0572402291 0.0590333343 -0.00799989421 0.0572402291 0.0590333343 2.5804292e-09 0.0567351244 0.0591686778 -0.00799989421 0.0567351244 0.0591686778 -0.00799989421 0.0572402291 0.0590333343 2.5804292e-09 0.0567351244 0.0591686778 2.58634514e-09 0.0567351244 0.0591686778 -0.00799989421 0.0567351244 0.0591686778 2.58634514e-09 0.0562141947 0.0592142567 -0.00799989421 0.0562141947 0.0592142567 -0.00799989421 0.0567351244 0.0591686778 2.58634514e-09 0.0562141947 0.0592142567 2.58833754e-09 0.0562141947 0.0592142567 -0.00799989421 0.0562141947 0.0592142567 2.58833754e-09 0.0556932539 0.0591686778 -0.00799989421 0.0556932539 0.0591686778 -0.00799989421 0.0562141947 0.0592142567 2.58833754e-09 0.0556932539 0.0591686778 2.58634514e-09 0.0556932539 0.0591686778 -0.00799989421 0.0556932539 0.0591686778 2.58634514e-09 0.0551881492 0.0590333343 -0.00799989421 0.0551881492 0.0590333343 -0.00799989421 0.0556932539 0.0591686778 2.58634514e-09 0.0551881492 0.0590333343 2.5804292e-09 0.0551881492 0.0590333343 -0.00799989421 0.0551881492 0.0590333343 2.5804292e-09 0.0547142141 0.0588123389 -0.00799989421 0.0547142141 0.0588123389 -0.00799989421 0.0551881492 0.0590333343 2.5804292e-09 0.0547142141 0.0588123389 2.57076893e-09 0.0547142141 0.0588123389 -0.00799989421 0.0547142141 0.0588123389 2.57076893e-09 0.0542858467 0.0585124008 -0.00799989421 0.0542858467 0.0585124008 -0.00799989421 0.0547142141 0.0588123389 2.57076893e-09 0.0542858467 0.0585124008 2.55765831e-09 0.0542858467 0.0585124008 -0.00799989421 0.0542858467 0.0585124008 2.55765831e-09 0.0539160855 0.0581426322 -0.00799989421 0.0539160855 0.0581426322 -0.00799989421 0.0542858467 0.0585124008 2.55765831e-09 0.0539160855 0.0581426322 2.54149524e-09 0.0539160855 0.0581426322 -0.00799989421 0.0539160855 0.0581426322 2.54149524e-09 0.0536161475 0.057714276 -0.00799989421 0.0536161475 0.057714276 -0.00799989421 0.0539160855 0.0581426322 2.54149524e-09 0.0536161475 0.057714276 2.5227711e-09 0.0536161475 0.057714276 -0.00799989421 0.0536161475 0.057714276 2.5227711e-09 0.0533951558 0.0572403409 -0.00799989421 0.0533951558 0.0572403409 -0.00799989421 0.0536161475 0.057714276 2.5227711e-09 0.0533951558 0.0572403409 2.50205479e-09 0.0533951558 0.0572403409 -0.00799989421 0.0533951558 0.0572403409 2.50205479e-09 0.0532597974 0.0567352325 -0.00799989421 0.0532597974 0.0567352325 -0.00799989421 0.0533951558 0.0572403409 2.50205479e-09 0.0532597974 0.0567352325 2.47997578e-09 0.0532597974 0.0567352325 -0.00799989421 0.0532597974 0.0567352325 2.47997578e-09 0.0532142334 0.0562142953 -0.00799989421 0.0532142334 0.0562142953 -0.00799989421 0.0532597974 0.0567352325 2.47997578e-09 0.0532142334 0.0562142953 2.45720488e-09 0.0532142334 0.0562142953 -0.00799989421 0.0532142334 0.0562142953 2.45720488e-09 0.0532597974 0.0556933545 -0.00799989421 0.0532597974 0.0556933545 -0.00799989421 0.0532142334 0.0562142953 2.45720488e-09 0.0532597974 0.0556933545 2.43443399e-09 0.0532597974 0.0556933545 -0.00799989421 0.0532597974 0.0556933545 2.43443399e-09 0.0533951558 0.0551882461 -0.00799989421 0.0533951558 0.0551882461 -0.00799989421 0.0532597974 0.0556933545 2.43443399e-09 0.0533951558 0.0551882461 2.41235498e-09 0.0533951558 0.0551882461 -0.00799989421 0.0533951558 0.0551882461 2.41235498e-09 0.0536161475 0.0547143146 -0.00799989421 0.0536161475 0.0547143146 -0.00799989421 0.0533951558 0.0551882461 2.41235498e-09 0.0536161475 0.0547143146 2.39163866e-09 0.0536161475 0.0547143146 -0.00799989421 0.0536161475 0.0547143146 2.39163866e-09 0.0539160855 0.0542859547 -0.00799989421 0.0539160855 0.0542859547 -0.00799989421 0.0536161475 0.0547143146 2.39163866e-09 0.0539160855 0.0542859547 2.37291453e-09 0.0539160855 0.0542859547 -0.00799989421 0.0539160855 0.0542859547 2.37291453e-09 0.0542858467 0.0539161898 -0.00799989421 0.0542858467 0.0539161898 -0.00799989421 0.0539160855 0.0542859547 2.37291453e-09 0.0542858467 0.0539161898 2.35675168e-09 0.0542858467 0.0539161898 -0.00799989421 0.0542858467 0.0539161898 2.35675168e-09 0.0547142141 0.0536162518 -0.00799989421 0.0547142141 0.0536162518 -0.00799989421 0.0542858467 0.0539161898 2.35675168e-09 0.0547142141 0.0536162518 2.34364084e-09 0.0547142141 0.0536162518 -0.00799989421 0.0547142141 0.0536162518 2.34364084e-09 0.0551881492 0.0533952564 -0.00799989421 0.0551881492 0.0533952564 -0.00799989421 0.0547142141 0.0536162518 2.34364084e-09 0.0551881492 0.0533952564 2.33398079e-09 0.0551881492 0.0533952564 -0.00799989421 0.0551881492 0.0533952564 2.33398079e-09 0.0556932539 0.0532599129 -0.00799989514 0.0556932539 0.0532599129 -0.00799989514 0.0551881492 0.0533952564 2.33398079e-09 0.0556932539 0.0532599129 2.32806463e-09 0.0556932539 0.0532599129 -0.00799989514 0.0556932539 0.0532599129 2.32806463e-09 0.0562141947 0.053214334 -0.00799989514 0.0562141947 0.053214334 -0.00799989514 0.0556932539 0.0532599129 2.32806463e-09 0.0562141947 0.053214334 2.32607245e-09 0.0532142334 -0.0562142432 -0.0079998998 0.0532142334 -0.0562142432 -2.45720266e-09 0.0532597974 -0.0567351691 -0.0079998998 0.0532597974 -0.0567351691 -0.0079998998 0.0532142334 -0.0562142432 -2.45720266e-09 0.0532597974 -0.0567351691 -2.47997312e-09 0.0532597974 -0.0567351691 -0.0079998998 0.0532597974 -0.0567351691 -2.47997312e-09 0.0533951558 -0.0572402738 -0.0079998998 0.0533951558 -0.0572402738 -0.0079998998 0.0532597974 -0.0567351691 -2.47997312e-09 0.0533951558 -0.0572402738 -2.5020519e-09 0.0533951558 -0.0572402738 -0.0079998998 0.0533951558 -0.0572402738 -2.5020519e-09 0.0536161475 -0.057714209 -0.0079998998 0.0536161475 -0.057714209 -0.0079998998 0.0533951558 -0.0572402738 -2.5020519e-09 0.0536161475 -0.057714209 -2.52276822e-09 0.0536161475 -0.057714209 -0.0079998998 0.0536161475 -0.057714209 -2.52276822e-09 0.0539160855 -0.0581425764 -0.0079998998 0.0539160855 -0.0581425764 -0.0079998998 0.0536161475 -0.057714209 -2.52276822e-09 0.0539160855 -0.0581425764 -2.54149279e-09 0.0539160855 -0.0581425764 -0.0079998998 0.0539160855 -0.0581425764 -2.54149279e-09 0.0542858467 -0.0585123375 -0.0079998998 0.0542858467 -0.0585123375 -0.0079998998 0.0539160855 -0.0581425764 -2.54149279e-09 0.0542858467 -0.0585123375 -2.55765564e-09 0.0542858467 -0.0585123375 -0.0079998998 0.0542858467 -0.0585123375 -2.55765564e-09 0.0547142141 -0.0588122755 -0.0079998998 0.0547142141 -0.0588122755 -0.0079998998 0.0542858467 -0.0585123375 -2.55765564e-09 0.0547142141 -0.0588122755 -2.57076627e-09 0.0547142141 -0.0588122755 -0.0079998998 0.0547142141 -0.0588122755 -2.57076627e-09 0.0551881492 -0.0590332821 -0.0079998998 0.0551881492 -0.0590332821 -0.0079998998 0.0547142141 -0.0588122755 -2.57076627e-09 0.0551881492 -0.0590332821 -2.58042676e-09 0.0551881492 -0.0590332821 -0.0079998998 0.0551881492 -0.0590332821 -2.58042676e-09 0.0556932539 -0.0591686256 -0.0079998998 0.0556932539 -0.0591686256 -0.0079998998 0.0551881492 -0.0590332821 -2.58042676e-09 0.0556932539 -0.0591686256 -2.58634292e-09 0.0556932539 -0.0591686256 -0.0079998998 0.0556932539 -0.0591686256 -2.58634292e-09 0.0562141947 -0.0592142045 -0.0079998998 0.0562141947 -0.0592142045 -0.0079998998 0.0556932539 -0.0591686256 -2.58634292e-09 0.0562141947 -0.0592142045 -2.5883351e-09 0.0562141947 -0.0592142045 -0.0079998998 0.0562141947 -0.0592142045 -2.5883351e-09 0.0567351244 -0.0591686256 -0.0079998998 0.0567351244 -0.0591686256 -0.0079998998 0.0562141947 -0.0592142045 -2.5883351e-09 0.0567351244 -0.0591686256 -2.58634292e-09 0.0567351244 -0.0591686256 -0.0079998998 0.0567351244 -0.0591686256 -2.58634292e-09 0.0572402291 -0.0590332821 -0.0079998998 0.0572402291 -0.0590332821 -0.0079998998 0.0567351244 -0.0591686256 -2.58634292e-09 0.0572402291 -0.0590332821 -2.58042676e-09 0.0572402291 -0.0590332821 -0.0079998998 0.0572402291 -0.0590332821 -2.58042676e-09 0.0577141605 -0.0588122755 -0.0079998998 0.0577141605 -0.0588122755 -0.0079998998 0.0572402291 -0.0590332821 -2.58042676e-09 0.0577141605 -0.0588122755 -2.57076627e-09 0.0577141605 -0.0588122755 -0.0079998998 0.0577141605 -0.0588122755 -2.57076627e-09 0.0581425317 -0.0585123375 -0.0079998998 0.0581425317 -0.0585123375 -0.0079998998 0.0577141605 -0.0588122755 -2.57076627e-09 0.0581425317 -0.0585123375 -2.55765564e-09 0.0581425317 -0.0585123375 -0.0079998998 0.0581425317 -0.0585123375 -2.55765564e-09 0.0585122928 -0.0581425764 -0.0079998998 0.0585122928 -0.0581425764 -0.0079998998 0.0581425317 -0.0585123375 -2.55765564e-09 0.0585122928 -0.0581425764 -2.54149279e-09 0.0585122928 -0.0581425764 -0.0079998998 0.0585122928 -0.0581425764 -2.54149279e-09 0.0588122308 -0.057714209 -0.0079998998 0.0588122308 -0.057714209 -0.0079998998 0.0585122928 -0.0581425764 -2.54149279e-09 0.0588122308 -0.057714209 -2.52276822e-09 0.0588122308 -0.057714209 -0.0079998998 0.0588122308 -0.057714209 -2.52276822e-09 0.0590332374 -0.0572402738 -0.0079998998 0.0590332374 -0.0572402738 -0.0079998998 0.0588122308 -0.057714209 -2.52276822e-09 0.0590332374 -0.0572402738 -2.5020519e-09 0.0590332374 -0.0572402738 -0.0079998998 0.0590332374 -0.0572402738 -2.5020519e-09 0.0591685809 -0.0567351691 -0.0079998998 0.0591685809 -0.0567351691 -0.0079998998 0.0590332374 -0.0572402738 -2.5020519e-09 0.0591685809 -0.0567351691 -2.47997312e-09 0.0591685809 -0.0567351691 -0.0079998998 0.0591685809 -0.0567351691 -2.47997312e-09 0.0592141561 -0.0562142432 -0.0079998998 0.0592141561 -0.0562142432 -0.0079998998 0.0591685809 -0.0567351691 -2.47997312e-09 0.0592141561 -0.0562142432 -2.45720266e-09 0.0592141561 -0.0562142432 -0.0079998998 0.0592141561 -0.0562142432 -2.45720266e-09 0.0591685809 -0.0556932986 -0.0079998998 0.0591685809 -0.0556932986 -0.0079998998 0.0592141561 -0.0562142432 -2.45720266e-09 0.0591685809 -0.0556932986 -2.43443155e-09 0.0591685809 -0.0556932986 -0.0079998998 0.0591685809 -0.0556932986 -2.43443155e-09 0.0590332374 -0.0551881939 -0.0079998998 0.0590332374 -0.0551881939 -0.0079998998 0.0591685809 -0.0556932986 -2.43443155e-09 0.0590332374 -0.0551881939 -2.41235254e-09 0.0590332374 -0.0551881939 -0.0079998998 0.0590332374 -0.0551881939 -2.41235254e-09 0.0588122308 -0.0547142625 -0.0079998998 0.0588122308 -0.0547142625 -0.0079998998 0.0590332374 -0.0551881939 -2.41235254e-09 0.0588122308 -0.0547142625 -2.39163644e-09 0.0588122308 -0.0547142625 -0.0079998998 0.0588122308 -0.0547142625 -2.39163644e-09 0.0585122928 -0.0542858914 -0.0079998998 0.0585122928 -0.0542858914 -0.0079998998 0.0588122308 -0.0547142625 -2.39163644e-09 0.0585122928 -0.0542858914 -2.37291164e-09 0.0585122928 -0.0542858914 -0.0079998998 0.0585122928 -0.0542858914 -2.37291164e-09 0.0581425317 -0.0539161302 -0.0079998998 0.0581425317 -0.0539161302 -0.0079998998 0.0585122928 -0.0542858914 -2.37291164e-09 0.0581425317 -0.0539161302 -2.35674902e-09 0.0581425317 -0.0539161302 -0.0079998998 0.0581425317 -0.0539161302 -2.35674902e-09 0.0577141605 -0.0536161922 -0.0079998998 0.0577141605 -0.0536161922 -0.0079998998 0.0581425317 -0.0539161302 -2.35674902e-09 0.0577141605 -0.0536161922 -2.34363817e-09 0.0577141605 -0.0536161922 -0.0079998998 0.0577141605 -0.0536161922 -2.34363817e-09 0.0572402291 -0.0533952005 -0.0079998998 0.0572402291 -0.0533952005 -0.0079998998 0.0577141605 -0.0536161922 -2.34363817e-09 0.0572402291 -0.0533952005 -2.33397857e-09 0.0572402291 -0.0533952005 -0.0079998998 0.0572402291 -0.0533952005 -2.33397857e-09 0.0567351244 -0.0532598421 -0.00799989887 0.0567351244 -0.0532598421 -0.00799989887 0.0572402291 -0.0533952005 -2.33397857e-09 0.0567351244 -0.0532598421 -2.32806174e-09 0.0567351244 -0.0532598421 -0.00799989887 0.0567351244 -0.0532598421 -2.32806174e-09 0.0562141947 -0.0532142818 -0.00799989887 0.0562141947 -0.0532142818 -0.00799989887 0.0567351244 -0.0532598421 -2.32806174e-09 0.0562141947 -0.0532142818 -2.32607023e-09 0.0562141947 -0.0532142818 -0.00799989887 0.0562141947 -0.0532142818 -2.32607023e-09 0.0556932539 -0.0532598421 -0.00799989887 0.0556932539 -0.0532598421 -0.00799989887 0.0562141947 -0.0532142818 -2.32607023e-09 0.0556932539 -0.0532598421 -2.32806174e-09 0.0556932539 -0.0532598421 -0.00799989887 0.0556932539 -0.0532598421 -2.32806174e-09 0.0551881492 -0.0533952005 -0.0079998998 0.0551881492 -0.0533952005 -0.0079998998 0.0556932539 -0.0532598421 -2.32806174e-09 0.0551881492 -0.0533952005 -2.33397857e-09 0.0551881492 -0.0533952005 -0.0079998998 0.0551881492 -0.0533952005 -2.33397857e-09 0.0547142141 -0.0536161922 -0.0079998998 0.0547142141 -0.0536161922 -0.0079998998 0.0551881492 -0.0533952005 -2.33397857e-09 0.0547142141 -0.0536161922 -2.34363817e-09 0.0547142141 -0.0536161922 -0.0079998998 0.0547142141 -0.0536161922 -2.34363817e-09 0.0542858467 -0.0539161302 -0.0079998998 0.0542858467 -0.0539161302 -0.0079998998 0.0547142141 -0.0536161922 -2.34363817e-09 0.0542858467 -0.0539161302 -2.35674902e-09 0.0542858467 -0.0539161302 -0.0079998998 0.0542858467 -0.0539161302 -2.35674902e-09 0.0539160855 -0.0542858914 -0.0079998998 0.0539160855 -0.0542858914 -0.0079998998 0.0542858467 -0.0539161302 -2.35674902e-09 0.0539160855 -0.0542858914 -2.37291164e-09 0.0539160855 -0.0542858914 -0.0079998998 0.0539160855 -0.0542858914 -2.37291164e-09 0.0536161475 -0.0547142625 -0.0079998998 0.0536161475 -0.0547142625 -0.0079998998 0.0539160855 -0.0542858914 -2.37291164e-09 0.0536161475 -0.0547142625 -2.39163644e-09 0.0536161475 -0.0547142625 -0.0079998998 0.0536161475 -0.0547142625 -2.39163644e-09 0.0533951558 -0.0551881939 -0.0079998998 0.0533951558 -0.0551881939 -0.0079998998 0.0536161475 -0.0547142625 -2.39163644e-09 0.0533951558 -0.0551881939 -2.41235254e-09 0.0533951558 -0.0551881939 -0.0079998998 0.0533951558 -0.0551881939 -2.41235254e-09 0.0532597974 -0.0556932986 -0.0079998998 0.0532597974 -0.0556932986 -0.0079998998 0.0533951558 -0.0551881939 -2.41235254e-09 0.0532597974 -0.0556932986 -2.43443155e-09 0.0532597974 -0.0556932986 -0.0079998998 0.0532597974 -0.0556932986 -2.43443155e-09 0.0532142334 -0.0562142432 -0.0079998998 0.0532142334 -0.0562142432 -0.0079998998 0.0532597974 -0.0556932986 -2.43443155e-09 0.0532142334 -0.0562142432 -2.45720266e-09 -0.05621434 -0.0532142818 -0.00799989887 -0.05621434 -0.0532142818 -2.32607023e-09 -0.0567352772 -0.0532598421 -0.00799989887 -0.0567352772 -0.0532598421 -0.00799989887 -0.05621434 -0.0532142818 -2.32607023e-09 -0.0567352772 -0.0532598421 -2.32806174e-09 -0.0567352772 -0.0532598421 -0.00799989887 -0.0567352772 -0.0532598421 -2.32806174e-09 -0.0572403856 -0.0533952005 -0.0079998998 -0.0572403856 -0.0533952005 -0.0079998998 -0.0567352772 -0.0532598421 -2.32806174e-09 -0.0572403856 -0.0533952005 -2.33397857e-09 -0.0572403856 -0.0533952005 -0.0079998998 -0.0572403856 -0.0533952005 -2.33397857e-09 -0.0577143207 -0.0536161922 -0.0079998998 -0.0577143207 -0.0536161922 -0.0079998998 -0.0572403856 -0.0533952005 -2.33397857e-09 -0.0577143207 -0.0536161922 -2.34363817e-09 -0.0577143207 -0.0536161922 -0.0079998998 -0.0577143207 -0.0536161922 -2.34363817e-09 -0.0581426769 -0.0539161302 -0.0079998998 -0.0581426769 -0.0539161302 -0.0079998998 -0.0577143207 -0.0536161922 -2.34363817e-09 -0.0581426769 -0.0539161302 -2.35674902e-09 -0.0581426769 -0.0539161302 -0.0079998998 -0.0581426769 -0.0539161302 -2.35674902e-09 -0.0585124455 -0.0542858914 -0.0079998998 -0.0585124455 -0.0542858914 -0.0079998998 -0.0581426769 -0.0539161302 -2.35674902e-09 -0.0585124455 -0.0542858914 -2.37291164e-09 -0.0585124455 -0.0542858914 -0.0079998998 -0.0585124455 -0.0542858914 -2.37291164e-09 -0.0588123836 -0.0547142625 -0.0079998998 -0.0588123836 -0.0547142625 -0.0079998998 -0.0585124455 -0.0542858914 -2.37291164e-09 -0.0588123836 -0.0547142625 -2.39163644e-09 -0.0588123836 -0.0547142625 -0.0079998998 -0.0588123836 -0.0547142625 -2.39163644e-09 -0.0590333827 -0.0551881939 -0.0079998998 -0.0590333827 -0.0551881939 -0.0079998998 -0.0588123836 -0.0547142625 -2.39163644e-09 -0.0590333827 -0.0551881939 -2.41235254e-09 -0.0590333827 -0.0551881939 -0.0079998998 -0.0590333827 -0.0551881939 -2.41235254e-09 -0.0591687262 -0.0556932986 -0.0079998998 -0.0591687262 -0.0556932986 -0.0079998998 -0.0590333827 -0.0551881939 -2.41235254e-09 -0.0591687262 -0.0556932986 -2.43443155e-09 -0.0591687262 -0.0556932986 -0.0079998998 -0.0591687262 -0.0556932986 -2.43443155e-09 -0.0592143014 -0.0562142432 -0.0079998998 -0.0592143014 -0.0562142432 -0.0079998998 -0.0591687262 -0.0556932986 -2.43443155e-09 -0.0592143014 -0.0562142432 -2.45720266e-09 -0.0592143014 -0.0562142432 -0.0079998998 -0.0592143014 -0.0562142432 -2.45720266e-09 -0.0591687262 -0.0567351691 -0.0079998998 -0.0591687262 -0.0567351691 -0.0079998998 -0.0592143014 -0.0562142432 -2.45720266e-09 -0.0591687262 -0.0567351691 -2.47997312e-09 -0.0591687262 -0.0567351691 -0.0079998998 -0.0591687262 -0.0567351691 -2.47997312e-09 -0.0590333827 -0.0572402738 -0.0079998998 -0.0590333827 -0.0572402738 -0.0079998998 -0.0591687262 -0.0567351691 -2.47997312e-09 -0.0590333827 -0.0572402738 -2.5020519e-09 -0.0590333827 -0.0572402738 -0.0079998998 -0.0590333827 -0.0572402738 -2.5020519e-09 -0.0588123836 -0.057714209 -0.0079998998 -0.0588123836 -0.057714209 -0.0079998998 -0.0590333827 -0.0572402738 -2.5020519e-09 -0.0588123836 -0.057714209 -2.52276822e-09 -0.0588123836 -0.057714209 -0.0079998998 -0.0588123836 -0.057714209 -2.52276822e-09 -0.0585124455 -0.0581425764 -0.0079998998 -0.0585124455 -0.0581425764 -0.0079998998 -0.0588123836 -0.057714209 -2.52276822e-09 -0.0585124455 -0.0581425764 -2.54149279e-09 -0.0585124455 -0.0581425764 -0.0079998998 -0.0585124455 -0.0581425764 -2.54149279e-09 -0.0581426769 -0.0585123375 -0.0079998998 -0.0581426769 -0.0585123375 -0.0079998998 -0.0585124455 -0.0581425764 -2.54149279e-09 -0.0581426769 -0.0585123375 -2.55765564e-09 -0.0581426769 -0.0585123375 -0.0079998998 -0.0581426769 -0.0585123375 -2.55765564e-09 -0.0577143207 -0.0588122755 -0.0079998998 -0.0577143207 -0.0588122755 -0.0079998998 -0.0581426769 -0.0585123375 -2.55765564e-09 -0.0577143207 -0.0588122755 -2.57076627e-09 -0.0577143207 -0.0588122755 -0.0079998998 -0.0577143207 -0.0588122755 -2.57076627e-09 -0.0572403856 -0.0590332821 -0.0079998998 -0.0572403856 -0.0590332821 -0.0079998998 -0.0577143207 -0.0588122755 -2.57076627e-09 -0.0572403856 -0.0590332821 -2.58042676e-09 -0.0572403856 -0.0590332821 -0.0079998998 -0.0572403856 -0.0590332821 -2.58042676e-09 -0.0567352772 -0.0591686256 -0.0079998998 -0.0567352772 -0.0591686256 -0.0079998998 -0.0572403856 -0.0590332821 -2.58042676e-09 -0.0567352772 -0.0591686256 -2.58634292e-09 -0.0567352772 -0.0591686256 -0.0079998998 -0.0567352772 -0.0591686256 -2.58634292e-09 -0.05621434 -0.0592142045 -0.0079998998 -0.05621434 -0.0592142045 -0.0079998998 -0.0567352772 -0.0591686256 -2.58634292e-09 -0.05621434 -0.0592142045 -2.5883351e-09 -0.05621434 -0.0592142045 -0.0079998998 -0.05621434 -0.0592142045 -2.5883351e-09 -0.0556934029 -0.0591686256 -0.0079998998 -0.0556934029 -0.0591686256 -0.0079998998 -0.05621434 -0.0592142045 -2.5883351e-09 -0.0556934029 -0.0591686256 -2.58634292e-09 -0.0556934029 -0.0591686256 -0.0079998998 -0.0556934029 -0.0591686256 -2.58634292e-09 -0.0551882908 -0.0590332821 -0.0079998998 -0.0551882908 -0.0590332821 -0.0079998998 -0.0556934029 -0.0591686256 -2.58634292e-09 -0.0551882908 -0.0590332821 -2.58042676e-09 -0.0551882908 -0.0590332821 -0.0079998998 -0.0551882908 -0.0590332821 -2.58042676e-09 -0.0547143593 -0.0588122755 -0.0079998998 -0.0547143593 -0.0588122755 -0.0079998998 -0.0551882908 -0.0590332821 -2.58042676e-09 -0.0547143593 -0.0588122755 -2.57076627e-09 -0.0547143593 -0.0588122755 -0.0079998998 -0.0547143593 -0.0588122755 -2.57076627e-09 -0.0542860031 -0.0585123375 -0.0079998998 -0.0542860031 -0.0585123375 -0.0079998998 -0.0547143593 -0.0588122755 -2.57076627e-09 -0.0542860031 -0.0585123375 -2.55765564e-09 -0.0542860031 -0.0585123375 -0.0079998998 -0.0542860031 -0.0585123375 -2.55765564e-09 -0.0539162382 -0.0581425764 -0.0079998998 -0.0539162382 -0.0581425764 -0.0079998998 -0.0542860031 -0.0585123375 -2.55765564e-09 -0.0539162382 -0.0581425764 -2.54149279e-09 -0.0539162382 -0.0581425764 -0.0079998998 -0.0539162382 -0.0581425764 -2.54149279e-09 -0.0536163002 -0.057714209 -0.0079998998 -0.0536163002 -0.057714209 -0.0079998998 -0.0539162382 -0.0581425764 -2.54149279e-09 -0.0536163002 -0.057714209 -2.52276822e-09 -0.0536163002 -0.057714209 -0.0079998998 -0.0536163002 -0.057714209 -2.52276822e-09 -0.0533953011 -0.0572402738 -0.0079998998 -0.0533953011 -0.0572402738 -0.0079998998 -0.0536163002 -0.057714209 -2.52276822e-09 -0.0533953011 -0.0572402738 -2.5020519e-09 -0.0533953011 -0.0572402738 -0.0079998998 -0.0533953011 -0.0572402738 -2.5020519e-09 -0.0532599576 -0.0567351691 -0.0079998998 -0.0532599576 -0.0567351691 -0.0079998998 -0.0533953011 -0.0572402738 -2.5020519e-09 -0.0532599576 -0.0567351691 -2.47997312e-09 -0.0532599576 -0.0567351691 -0.0079998998 -0.0532599576 -0.0567351691 -2.47997312e-09 -0.0532143787 -0.0562142432 -0.0079998998 -0.0532143787 -0.0562142432 -0.0079998998 -0.0532599576 -0.0567351691 -2.47997312e-09 -0.0532143787 -0.0562142432 -2.45720266e-09 -0.0532143787 -0.0562142432 -0.0079998998 -0.0532143787 -0.0562142432 -2.45720266e-09 -0.0532599576 -0.0556932986 -0.0079998998 -0.0532599576 -0.0556932986 -0.0079998998 -0.0532143787 -0.0562142432 -2.45720266e-09 -0.0532599576 -0.0556932986 -2.43443155e-09 -0.0532599576 -0.0556932986 -0.0079998998 -0.0532599576 -0.0556932986 -2.43443155e-09 -0.0533953011 -0.0551881939 -0.0079998998 -0.0533953011 -0.0551881939 -0.0079998998 -0.0532599576 -0.0556932986 -2.43443155e-09 -0.0533953011 -0.0551881939 -2.41235254e-09 -0.0533953011 -0.0551881939 -0.0079998998 -0.0533953011 -0.0551881939 -2.41235254e-09 -0.0536163002 -0.0547142625 -0.0079998998 -0.0536163002 -0.0547142625 -0.0079998998 -0.0533953011 -0.0551881939 -2.41235254e-09 -0.0536163002 -0.0547142625 -2.39163644e-09 -0.0536163002 -0.0547142625 -0.0079998998 -0.0536163002 -0.0547142625 -2.39163644e-09 -0.0539162382 -0.0542858914 -0.0079998998 -0.0539162382 -0.0542858914 -0.0079998998 -0.0536163002 -0.0547142625 -2.39163644e-09 -0.0539162382 -0.0542858914 -2.37291164e-09 -0.0539162382 -0.0542858914 -0.0079998998 -0.0539162382 -0.0542858914 -2.37291164e-09 -0.0542860031 -0.0539161302 -0.0079998998 -0.0542860031 -0.0539161302 -0.0079998998 -0.0539162382 -0.0542858914 -2.37291164e-09 -0.0542860031 -0.0539161302 -2.35674902e-09 -0.0542860031 -0.0539161302 -0.0079998998 -0.0542860031 -0.0539161302 -2.35674902e-09 -0.0547143593 -0.0536161922 -0.0079998998 -0.0547143593 -0.0536161922 -0.0079998998 -0.0542860031 -0.0539161302 -2.35674902e-09 -0.0547143593 -0.0536161922 -2.34363817e-09 -0.0547143593 -0.0536161922 -0.0079998998 -0.0547143593 -0.0536161922 -2.34363817e-09 -0.0551882908 -0.0533952005 -0.0079998998 -0.0551882908 -0.0533952005 -0.0079998998 -0.0547143593 -0.0536161922 -2.34363817e-09 -0.0551882908 -0.0533952005 -2.33397857e-09 -0.0551882908 -0.0533952005 -0.0079998998 -0.0551882908 -0.0533952005 -2.33397857e-09 -0.0556934029 -0.0532598421 -0.00799989887 -0.0556934029 -0.0532598421 -0.00799989887 -0.0551882908 -0.0533952005 -2.33397857e-09 -0.0556934029 -0.0532598421 -2.32806174e-09 -0.0556934029 -0.0532598421 -0.00799989887 -0.0556934029 -0.0532598421 -2.32806174e-09 -0.05621434 -0.0532142818 -0.00799989887 -0.05621434 -0.0532142818 -0.00799989887 -0.0556934029 -0.0532598421 -2.32806174e-09 -0.05621434 -0.0532142818 -2.32607023e-09 -0.0532143787 0.0562142953 -0.00799989421 -0.0532143787 0.0562142953 2.45720488e-09 -0.0532599576 0.0567352325 -0.00799989421 -0.0532599576 0.0567352325 -0.00799989421 -0.0532143787 0.0562142953 2.45720488e-09 -0.0532599576 0.0567352325 2.47997578e-09 -0.0532599576 0.0567352325 -0.00799989421 -0.0532599576 0.0567352325 2.47997578e-09 -0.0533953011 0.0572403409 -0.00799989421 -0.0533953011 0.0572403409 -0.00799989421 -0.0532599576 0.0567352325 2.47997578e-09 -0.0533953011 0.0572403409 2.50205479e-09 -0.0533953011 0.0572403409 -0.00799989421 -0.0533953011 0.0572403409 2.50205479e-09 -0.0536163002 0.057714276 -0.00799989421 -0.0536163002 0.057714276 -0.00799989421 -0.0533953011 0.0572403409 2.50205479e-09 -0.0536163002 0.057714276 2.5227711e-09 -0.0536163002 0.057714276 -0.00799989421 -0.0536163002 0.057714276 2.5227711e-09 -0.0539162382 0.0581426322 -0.00799989421 -0.0539162382 0.0581426322 -0.00799989421 -0.0536163002 0.057714276 2.5227711e-09 -0.0539162382 0.0581426322 2.54149524e-09 -0.0539162382 0.0581426322 -0.00799989421 -0.0539162382 0.0581426322 2.54149524e-09 -0.0542860031 0.0585124008 -0.00799989421 -0.0542860031 0.0585124008 -0.00799989421 -0.0539162382 0.0581426322 2.54149524e-09 -0.0542860031 0.0585124008 2.55765831e-09 -0.0542860031 0.0585124008 -0.00799989421 -0.0542860031 0.0585124008 2.55765831e-09 -0.0547143593 0.0588123389 -0.00799989421 -0.0547143593 0.0588123389 -0.00799989421 -0.0542860031 0.0585124008 2.55765831e-09 -0.0547143593 0.0588123389 2.57076893e-09 -0.0547143593 0.0588123389 -0.00799989421 -0.0547143593 0.0588123389 2.57076893e-09 -0.0551882908 0.0590333343 -0.00799989421 -0.0551882908 0.0590333343 -0.00799989421 -0.0547143593 0.0588123389 2.57076893e-09 -0.0551882908 0.0590333343 2.5804292e-09 -0.0551882908 0.0590333343 -0.00799989421 -0.0551882908 0.0590333343 2.5804292e-09 -0.0556934029 0.0591686778 -0.00799989421 -0.0556934029 0.0591686778 -0.00799989421 -0.0551882908 0.0590333343 2.5804292e-09 -0.0556934029 0.0591686778 2.58634514e-09 -0.0556934029 0.0591686778 -0.00799989421 -0.0556934029 0.0591686778 2.58634514e-09 -0.05621434 0.0592142567 -0.00799989421 -0.05621434 0.0592142567 -0.00799989421 -0.0556934029 0.0591686778 2.58634514e-09 -0.05621434 0.0592142567 2.58833754e-09 -0.05621434 0.0592142567 -0.00799989421 -0.05621434 0.0592142567 2.58833754e-09 -0.0567352772 0.0591686778 -0.00799989421 -0.0567352772 0.0591686778 -0.00799989421 -0.05621434 0.0592142567 2.58833754e-09 -0.0567352772 0.0591686778 2.58634514e-09 -0.0567352772 0.0591686778 -0.00799989421 -0.0567352772 0.0591686778 2.58634514e-09 -0.0572403856 0.0590333343 -0.00799989421 -0.0572403856 0.0590333343 -0.00799989421 -0.0567352772 0.0591686778 2.58634514e-09 -0.0572403856 0.0590333343 2.5804292e-09 -0.0572403856 0.0590333343 -0.00799989421 -0.0572403856 0.0590333343 2.5804292e-09 -0.0577143207 0.0588123389 -0.00799989421 -0.0577143207 0.0588123389 -0.00799989421 -0.0572403856 0.0590333343 2.5804292e-09 -0.0577143207 0.0588123389 2.57076893e-09 -0.0577143207 0.0588123389 -0.00799989421 -0.0577143207 0.0588123389 2.57076893e-09 -0.0581426769 0.0585124008 -0.00799989421 -0.0581426769 0.0585124008 -0.00799989421 -0.0577143207 0.0588123389 2.57076893e-09 -0.0581426769 0.0585124008 2.55765831e-09 -0.0581426769 0.0585124008 -0.00799989421 -0.0581426769 0.0585124008 2.55765831e-09 -0.0585124455 0.0581426322 -0.00799989421 -0.0585124455 0.0581426322 -0.00799989421 -0.0581426769 0.0585124008 2.55765831e-09 -0.0585124455 0.0581426322 2.54149524e-09 -0.0585124455 0.0581426322 -0.00799989421 -0.0585124455 0.0581426322 2.54149524e-09 -0.0588123836 0.057714276 -0.00799989421 -0.0588123836 0.057714276 -0.00799989421 -0.0585124455 0.0581426322 2.54149524e-09 -0.0588123836 0.057714276 2.5227711e-09 -0.0588123836 0.057714276 -0.00799989421 -0.0588123836 0.057714276 2.5227711e-09 -0.0590333827 0.0572403409 -0.00799989421 -0.0590333827 0.0572403409 -0.00799989421 -0.0588123836 0.057714276 2.5227711e-09 -0.0590333827 0.0572403409 2.50205479e-09 -0.0590333827 0.0572403409 -0.00799989421 -0.0590333827 0.0572403409 2.50205479e-09 -0.0591687262 0.0567352325 -0.00799989421 -0.0591687262 0.0567352325 -0.00799989421 -0.0590333827 0.0572403409 2.50205479e-09 -0.0591687262 0.0567352325 2.47997578e-09 -0.0591687262 0.0567352325 -0.00799989421 -0.0591687262 0.0567352325 2.47997578e-09 -0.0592143014 0.0562142953 -0.00799989421 -0.0592143014 0.0562142953 -0.00799989421 -0.0591687262 0.0567352325 2.47997578e-09 -0.0592143014 0.0562142953 2.45720488e-09 -0.0592143014 0.0562142953 -0.00799989421 -0.0592143014 0.0562142953 2.45720488e-09 -0.0591687262 0.0556933545 -0.00799989421 -0.0591687262 0.0556933545 -0.00799989421 -0.0592143014 0.0562142953 2.45720488e-09 -0.0591687262 0.0556933545 2.43443399e-09 -0.0591687262 0.0556933545 -0.00799989421 -0.0591687262 0.0556933545 2.43443399e-09 -0.0590333827 0.0551882461 -0.00799989421 -0.0590333827 0.0551882461 -0.00799989421 -0.0591687262 0.0556933545 2.43443399e-09 -0.0590333827 0.0551882461 2.41235498e-09 -0.0590333827 0.0551882461 -0.00799989421 -0.0590333827 0.0551882461 2.41235498e-09 -0.0588123836 0.0547143146 -0.00799989421 -0.0588123836 0.0547143146 -0.00799989421 -0.0590333827 0.0551882461 2.41235498e-09 -0.0588123836 0.0547143146 2.39163866e-09 -0.0588123836 0.0547143146 -0.00799989421 -0.0588123836 0.0547143146 2.39163866e-09 -0.0585124455 0.0542859547 -0.00799989421 -0.0585124455 0.0542859547 -0.00799989421 -0.0588123836 0.0547143146 2.39163866e-09 -0.0585124455 0.0542859547 2.37291453e-09 -0.0585124455 0.0542859547 -0.00799989421 -0.0585124455 0.0542859547 2.37291453e-09 -0.0581426769 0.0539161898 -0.00799989421 -0.0581426769 0.0539161898 -0.00799989421 -0.0585124455 0.0542859547 2.37291453e-09 -0.0581426769 0.0539161898 2.35675168e-09 -0.0581426769 0.0539161898 -0.00799989421 -0.0581426769 0.0539161898 2.35675168e-09 -0.0577143207 0.0536162518 -0.00799989421 -0.0577143207 0.0536162518 -0.00799989421 -0.0581426769 0.0539161898 2.35675168e-09 -0.0577143207 0.0536162518 2.34364084e-09 -0.0577143207 0.0536162518 -0.00799989421 -0.0577143207 0.0536162518 2.34364084e-09 -0.0572403856 0.0533952564 -0.00799989421 -0.0572403856 0.0533952564 -0.00799989421 -0.0577143207 0.0536162518 2.34364084e-09 -0.0572403856 0.0533952564 2.33398079e-09 -0.0572403856 0.0533952564 -0.00799989421 -0.0572403856 0.0533952564 2.33398079e-09 -0.0567352772 0.0532599129 -0.00799989514 -0.0567352772 0.0532599129 -0.00799989514 -0.0572403856 0.0533952564 2.33398079e-09 -0.0567352772 0.0532599129 2.32806463e-09 -0.0567352772 0.0532599129 -0.00799989514 -0.0567352772 0.0532599129 2.32806463e-09 -0.05621434 0.053214334 -0.00799989514 -0.05621434 0.053214334 -0.00799989514 -0.0567352772 0.0532599129 2.32806463e-09 -0.05621434 0.053214334 2.32607245e-09 -0.05621434 0.053214334 -0.00799989514 -0.05621434 0.053214334 2.32607245e-09 -0.0556934029 0.0532599129 -0.00799989514 -0.0556934029 0.0532599129 -0.00799989514 -0.05621434 0.053214334 2.32607245e-09 -0.0556934029 0.0532599129 2.32806463e-09 -0.0556934029 0.0532599129 -0.00799989514 -0.0556934029 0.0532599129 2.32806463e-09 -0.0551882908 0.0533952564 -0.00799989421 -0.0551882908 0.0533952564 -0.00799989421 -0.0556934029 0.0532599129 2.32806463e-09 -0.0551882908 0.0533952564 2.33398079e-09 -0.0551882908 0.0533952564 -0.00799989421 -0.0551882908 0.0533952564 2.33398079e-09 -0.0547143593 0.0536162518 -0.00799989421 -0.0547143593 0.0536162518 -0.00799989421 -0.0551882908 0.0533952564 2.33398079e-09 -0.0547143593 0.0536162518 2.34364084e-09 -0.0547143593 0.0536162518 -0.00799989421 -0.0547143593 0.0536162518 2.34364084e-09 -0.0542860031 0.0539161898 -0.00799989421 -0.0542860031 0.0539161898 -0.00799989421 -0.0547143593 0.0536162518 2.34364084e-09 -0.0542860031 0.0539161898 2.35675168e-09 -0.0542860031 0.0539161898 -0.00799989421 -0.0542860031 0.0539161898 2.35675168e-09 -0.0539162382 0.0542859547 -0.00799989421 -0.0539162382 0.0542859547 -0.00799989421 -0.0542860031 0.0539161898 2.35675168e-09 -0.0539162382 0.0542859547 2.37291453e-09 -0.0539162382 0.0542859547 -0.00799989421 -0.0539162382 0.0542859547 2.37291453e-09 -0.0536163002 0.0547143146 -0.00799989421 -0.0536163002 0.0547143146 -0.00799989421 -0.0539162382 0.0542859547 2.37291453e-09 -0.0536163002 0.0547143146 2.39163866e-09 -0.0536163002 0.0547143146 -0.00799989421 -0.0536163002 0.0547143146 2.39163866e-09 -0.0533953011 0.0551882461 -0.00799989421 -0.0533953011 0.0551882461 -0.00799989421 -0.0536163002 0.0547143146 2.39163866e-09 -0.0533953011 0.0551882461 2.41235498e-09 -0.0533953011 0.0551882461 -0.00799989421 -0.0533953011 0.0551882461 2.41235498e-09 -0.0532599576 0.0556933545 -0.00799989421 -0.0532599576 0.0556933545 -0.00799989421 -0.0533953011 0.0551882461 2.41235498e-09 -0.0532599576 0.0556933545 2.43443399e-09 -0.0532599576 0.0556933545 -0.00799989421 -0.0532599576 0.0556933545 2.43443399e-09 -0.0532143787 0.0562142953 -0.00799989421 -0.0532143787 0.0562142953 -0.00799989421 -0.0532599576 0.0556933545 2.43443399e-09 -0.0532143787 0.0562142953 2.45720488e-09 -0.0827033073 -0.00499990489 -2.18552801e-10 -0.0827033073 -0.00499990443 -0.00549992919 -0.083032839 -0.00502724061 -0.00549992919 -0.0827033073 -0.00499990489 -2.18552801e-10 -0.083032839 -0.00502724061 -0.00549992919 -0.083032839 -0.00502724107 -2.19747678e-10 -0.083032839 -0.00502724107 -2.19747678e-10 -0.083032839 -0.00502724061 -0.00549992919 -0.083353363 -0.0051084999 -0.00549992919 -0.083032839 -0.00502724107 -2.19747678e-10 -0.083353363 -0.0051084999 -0.00549992919 -0.083353363 -0.00510850037 -2.23299657e-10 -0.083353363 -0.00510850037 -2.23299657e-10 -0.083353363 -0.0051084999 -0.00549992919 -0.0836561099 -0.00524145598 -0.00549992919 -0.083353363 -0.00510850037 -2.23299657e-10 -0.0836561099 -0.00524145598 -0.00549992919 -0.0836561099 -0.00524145644 -2.29111341e-10 -0.0836561099 -0.00524145644 -2.29111341e-10 -0.0836561099 -0.00524145598 -0.00549992919 -0.0839328244 -0.00542248366 -0.00549992966 -0.0836561099 -0.00524145644 -2.29111341e-10 -0.0839328244 -0.00542248366 -0.00549992966 -0.0839328244 -0.00542248413 -2.37024317e-10 -0.0839328244 -0.00542248413 -2.37024317e-10 -0.0839328244 -0.00542248366 -0.00549992966 -0.0841759294 -0.00564663252 -0.00549992966 -0.0839328244 -0.00542248413 -2.37024317e-10 -0.0841759294 -0.00564663252 -0.00549992966 -0.0841759294 -0.00564663298 -2.46822174e-10 -0.0841759294 -0.00564663298 -2.46822174e-10 -0.0841759294 -0.00564663252 -0.00549992966 -0.0843787715 -0.00590776792 -0.00549992966 -0.0841759294 -0.00564663298 -2.46822174e-10 -0.0843787715 -0.00590776792 -0.00549992966 -0.0843787715 -0.00590776838 -2.58236765e-10 -0.0843787715 -0.00590776838 -2.58236765e-10 -0.0843787715 -0.00590776792 -0.00549992966 -0.0845358148 -0.00619876478 -0.00549992966 -0.0843787715 -0.00590776838 -2.58236765e-10 -0.0845358148 -0.00619876478 -0.00549992966 -0.0845358148 -0.00619876524 -2.70956646e-10 -0.0845358148 -0.00619876524 -2.70956646e-10 -0.0845358148 -0.00619876478 -0.00549992966 -0.0846427679 -0.00651164958 -0.00549992966 -0.0845358148 -0.00619876524 -2.70956646e-10 -0.0846427679 -0.00651164958 -0.00549992966 -0.0846427679 -0.00651165005 -2.84633289e-10 -0.0846427679 -0.00651165005 -2.84633289e-10 -0.0846427679 -0.00651164958 -0.00549992966 -0.0846967101 -0.00683788583 -0.00549992966 -0.0846427679 -0.00651165005 -2.84633289e-10 -0.0846967101 -0.00683788583 -0.00549992966 -0.0846967101 -0.00683788629 -2.98893521e-10 -0.0846967101 -0.00683788629 -2.98893521e-10 -0.0846967101 -0.00683788583 -0.00549992966 -0.0846961513 -0.00716855517 -0.00549992966 -0.0846967101 -0.00683788629 -2.98893521e-10 -0.0846961513 -0.00716855517 -0.00549992966 -0.0846961513 -0.00716855563 -3.13347515e-10 -0.0846961513 0.00716860872 3.13349846e-10 -0.0846961513 0.00716860918 -0.00549992872 -0.0846967101 0.00683794823 -0.00549992872 -0.0846961513 0.00716860872 3.13349846e-10 -0.0846967101 0.00683794823 -0.00549992872 -0.0846967101 0.00683794776 2.98896186e-10 -0.0846967101 0.00683794776 2.98896186e-10 -0.0846967101 0.00683794823 -0.00549992872 -0.0846427679 0.00651171152 -0.00549992872 -0.0846967101 0.00683794776 2.98896186e-10 -0.0846427679 0.00651171152 -0.00549992872 -0.0846427679 0.00651171105 2.84635954e-10 -0.0846427679 0.00651171105 2.84635954e-10 -0.0846427679 0.00651171152 -0.00549992872 -0.0845358148 0.0061988188 -0.00549992872 -0.0846427679 0.00651171105 2.84635954e-10 -0.0845358148 0.0061988188 -0.00549992872 -0.0845358148 0.00619881833 2.70958977e-10 -0.0845358148 0.00619881833 2.70958977e-10 -0.0845358148 0.0061988188 -0.00549992872 -0.0843787715 0.00590782985 -0.00549992872 -0.0845358148 0.00619881833 2.70958977e-10 -0.0843787715 0.00590782985 -0.00549992872 -0.0843787715 0.00590782939 2.5823943e-10 -0.0843787715 0.00590782939 2.5823943e-10 -0.0843787715 0.00590782985 -0.00549992872 -0.0841759294 0.00564669445 -0.00549992872 -0.0843787715 0.00590782939 2.5823943e-10 -0.0841759294 0.00564669445 -0.00549992872 -0.0841759294 0.00564669399 2.46824838e-10 -0.0841759294 0.00564669399 2.46824838e-10 -0.0841759294 0.00564669445 -0.00549992872 -0.0839328244 0.0054225456 -0.00549992872 -0.0841759294 0.00564669399 2.46824838e-10 -0.0839328244 0.0054225456 -0.00549992872 -0.0839328244 0.00542254513 2.37026981e-10 -0.0839328244 0.00542254513 2.37026981e-10 -0.0839328244 0.0054225456 -0.00549992872 -0.0836561099 0.00524151791 -0.00549992919 -0.0839328244 0.00542254513 2.37026981e-10 -0.0836561099 0.00524151791 -0.00549992919 -0.0836561099 0.00524151744 2.29114006e-10 -0.0836561099 0.00524151744 2.29114006e-10 -0.0836561099 0.00524151791 -0.00549992919 -0.083353363 0.00510856183 -0.00549992919 -0.0836561099 0.00524151744 2.29114006e-10 -0.083353363 0.00510856183 -0.00549992919 -0.083353363 0.00510856137 2.23302321e-10 -0.083353363 0.00510856137 2.23302321e-10 -0.083353363 0.00510856183 -0.00549992919 -0.083032839 0.00502730254 -0.00549992919 -0.083353363 0.00510856137 2.23302321e-10 -0.083032839 0.00502730254 -0.00549992919 -0.083032839 0.00502730208 2.19750357e-10 -0.083032839 0.00502730208 2.19750357e-10 -0.083032839 0.00502730254 -0.00549992919 -0.0827033073 0.00499996683 -0.00549992919 -0.083032839 0.00502730208 2.19750357e-10 -0.0827033073 0.00499996683 -0.00549992919 -0.0827033073 0.00499996636 2.18555465e-10 -0.005000012 0.0827032551 3.61507424e-09 -0.005000012 0.0827032551 -0.00549992546 -0.00502734771 0.0830327868 -0.00549992546 -0.005000012 0.0827032551 3.61507424e-09 -0.00502734771 0.0830327868 -0.00549992546 -0.00502734771 0.0830327868 3.62947872e-09 -0.00502734771 0.0830327868 3.62947872e-09 -0.00502734771 0.0830327868 -0.00549992546 -0.00510860747 0.0833533183 -0.00549992546 -0.00502734771 0.0830327868 3.62947872e-09 -0.00510860747 0.0833533183 -0.00549992546 -0.00510860747 0.0833533183 3.64348951e-09 -0.00510860747 0.0833533183 3.64348951e-09 -0.00510860747 0.0833533183 -0.00549992546 -0.00524156308 0.0836560652 -0.00549992546 -0.00510860747 0.0833533183 3.64348951e-09 -0.00524156308 0.0836560652 -0.00549992546 -0.00524156308 0.0836560652 3.65672292e-09 -0.00524156308 0.0836560652 3.65672292e-09 -0.00524156308 0.0836560652 -0.00549992546 -0.00542259123 0.0839327797 -0.00549992546 -0.00524156308 0.0836560652 3.65672292e-09 -0.00542259123 0.0839327797 -0.00549992546 -0.00542259123 0.0839327797 3.66881836e-09 -0.00542259123 0.0839327797 3.66881836e-09 -0.00542259123 0.0839327797 -0.00549992546 -0.00564673962 0.0841758773 -0.00549992546 -0.00542259123 0.0839327797 3.66881836e-09 -0.00564673962 0.0841758773 -0.00549992546 -0.00564673962 0.0841758773 3.67944475e-09 -0.00564673962 0.0841758773 3.67944475e-09 -0.00564673962 0.0841758773 -0.00549992546 -0.00590787549 0.0843787268 -0.00549992546 -0.00564673962 0.0841758773 3.67944475e-09 -0.00590787549 0.0843787268 -0.00549992546 -0.00590787549 0.0843787268 3.68831143e-09 -0.00590787549 0.0843787268 3.68831143e-09 -0.00590787549 0.0843787268 -0.00549992546 -0.00619886443 0.0845357701 -0.00549992546 -0.00590787549 0.0843787268 3.68831143e-09 -0.00619886443 0.0845357701 -0.00549992546 -0.00619886443 0.0845357701 3.69517594e-09 -0.00619886443 0.0845357701 3.69517594e-09 -0.00619886443 0.0845357701 -0.00549992546 -0.00651175715 0.0846427232 -0.00549992546 -0.00619886443 0.0845357701 3.69517594e-09 -0.00651175715 0.0846427232 -0.00549992546 -0.00651175715 0.0846427232 3.69985109e-09 -0.00651175715 0.0846427232 3.69985109e-09 -0.00651175715 0.0846427232 -0.00549992546 -0.00683799339 0.0846966654 -0.00549992546 -0.00651175715 0.0846427232 3.69985109e-09 -0.00683799339 0.0846966654 -0.00549992546 -0.00683799339 0.0846966654 3.70220876e-09 -0.00683799339 0.0846966654 3.70220876e-09 -0.00683799339 0.0846966654 -0.00549992546 -0.00716865482 0.0846961066 -0.00549992546 -0.00683799339 0.0846966654 3.70220876e-09 -0.00716865482 0.0846961066 -0.00549992546 -0.00716865482 0.0846961066 3.70218456e-09 0.00716850953 0.0846961066 3.70218456e-09 0.00716850953 0.0846961066 -0.00549992546 0.00683784066 0.0846966654 -0.00549992546 0.00716850953 0.0846961066 3.70218456e-09 0.00683784066 0.0846966654 -0.00549992546 0.00683784066 0.0846966654 3.70220876e-09 0.00683784066 0.0846966654 3.70220876e-09 0.00683784066 0.0846966654 -0.00549992546 0.00651160441 0.0846427232 -0.00549992546 0.00683784066 0.0846966654 3.70220876e-09 0.00651160441 0.0846427232 -0.00549992546 0.00651160441 0.0846427232 3.69985109e-09 0.00651160441 0.0846427232 3.69985109e-09 0.00651160441 0.0846427232 -0.00549992546 0.00619871914 0.0845357701 -0.00549992546 0.00651160441 0.0846427232 3.69985109e-09 0.00619871914 0.0845357701 -0.00549992546 0.00619871914 0.0845357701 3.69517594e-09 0.00619871914 0.0845357701 3.69517594e-09 0.00619871914 0.0845357701 -0.00549992546 0.00590772275 0.0843787268 -0.00549992546 0.00619871914 0.0845357701 3.69517594e-09 0.00590772275 0.0843787268 -0.00549992546 0.00590772275 0.0843787268 3.68831143e-09 0.00590772275 0.0843787268 3.68831143e-09 0.00590772275 0.0843787268 -0.00549992546 0.00564658735 0.0841758773 -0.00549992546 0.00590772275 0.0843787268 3.68831143e-09 0.00564658735 0.0841758773 -0.00549992546 0.00564658735 0.0841758773 3.67944475e-09 0.00564658735 0.0841758773 3.67944475e-09 0.00564658735 0.0841758773 -0.00549992546 0.00542243849 0.0839327797 -0.00549992546 0.00564658735 0.0841758773 3.67944475e-09 0.00542243849 0.0839327797 -0.00549992546 0.00542243849 0.0839327797 3.66881836e-09 0.00542243849 0.0839327797 3.66881836e-09 0.00542243849 0.0839327797 -0.00549992546 0.00524141034 0.0836560652 -0.00549992546 0.00542243849 0.0839327797 3.66881836e-09 0.00524141034 0.0836560652 -0.00549992546 0.00524141034 0.0836560652 3.65672292e-09 0.00524141034 0.0836560652 3.65672292e-09 0.00524141034 0.0836560652 -0.00549992546 0.00510845473 0.0833533183 -0.00549992546 0.00524141034 0.0836560652 3.65672292e-09 0.00510845473 0.0833533183 -0.00549992546 0.00510845473 0.0833533183 3.64348951e-09 0.00510845473 0.0833533183 3.64348951e-09 0.00510845473 0.0833533183 -0.00549992546 0.00502719497 0.0830327868 -0.00549992546 0.00510845473 0.0833533183 3.64348951e-09 0.00502719497 0.0830327868 -0.00549992546 0.00502719497 0.0830327868 3.62947872e-09 0.00502719497 0.0830327868 3.62947872e-09 0.00502719497 0.0830327868 -0.00549992546 0.00499985926 0.0827032551 -0.00549992546 0.00502719497 0.0830327868 3.62947872e-09 0.00499985926 0.0827032551 -0.00549992546 0.00499985926 0.0827032551 3.61507424e-09 0.0827031434 0.00499996636 2.18555465e-10 0.0827031434 0.00499996683 -0.00549992919 0.0830326825 0.00502730254 -0.00549992919 0.0827031434 0.00499996636 2.18555465e-10 0.0830326825 0.00502730254 -0.00549992919 0.0830326825 0.00502730208 2.19750357e-10 0.0830326825 0.00502730208 2.19750357e-10 0.0830326825 0.00502730254 -0.00549992919 0.0833532065 0.00510856183 -0.00549992919 0.0830326825 0.00502730208 2.19750357e-10 0.0833532065 0.00510856183 -0.00549992919 0.0833532065 0.00510856137 2.23302321e-10 0.0833532065 0.00510856137 2.23302321e-10 0.0833532065 0.00510856183 -0.00549992919 0.0836559683 0.00524151791 -0.00549992919 0.0833532065 0.00510856137 2.23302321e-10 0.0836559683 0.00524151791 -0.00549992919 0.0836559683 0.00524151744 2.29114006e-10 0.0836559683 0.00524151744 2.29114006e-10 0.0836559683 0.00524151791 -0.00549992919 0.0839326829 0.0054225456 -0.00549992872 0.0836559683 0.00524151744 2.29114006e-10 0.0839326829 0.0054225456 -0.00549992872 0.0839326829 0.00542254513 2.37026981e-10 0.0839326829 0.00542254513 2.37026981e-10 0.0839326829 0.0054225456 -0.00549992872 0.0841757804 0.00564669445 -0.00549992872 0.0839326829 0.00542254513 2.37026981e-10 0.0841757804 0.00564669445 -0.00549992872 0.0841757804 0.00564669399 2.46824838e-10 0.0841757804 0.00564669399 2.46824838e-10 0.0841757804 0.00564669445 -0.00549992872 0.0843786299 0.00590782985 -0.00549992872 0.0841757804 0.00564669399 2.46824838e-10 0.0843786299 0.00590782985 -0.00549992872 0.0843786299 0.00590782939 2.5823943e-10 0.0843786299 0.00590782939 2.5823943e-10 0.0843786299 0.00590782985 -0.00549992872 0.0845356733 0.0061988188 -0.00549992872 0.0843786299 0.00590782939 2.5823943e-10 0.0845356733 0.0061988188 -0.00549992872 0.0845356733 0.00619881833 2.70958977e-10 0.0845356733 0.00619881833 2.70958977e-10 0.0845356733 0.0061988188 -0.00549992872 0.0846426189 0.00651171152 -0.00549992872 0.0845356733 0.00619881833 2.70958977e-10 0.0846426189 0.00651171152 -0.00549992872 0.0846426189 0.00651171105 2.84635954e-10 0.0846426189 0.00651171105 2.84635954e-10 0.0846426189 0.00651171152 -0.00549992872 0.0846965536 0.00683794823 -0.00549992872 0.0846426189 0.00651171105 2.84635954e-10 0.0846965536 0.00683794823 -0.00549992872 0.0846965536 0.00683794776 2.98896186e-10 0.0846965536 0.00683794776 2.98896186e-10 0.0846965536 0.00683794823 -0.00549992872 0.0846959949 0.00716860918 -0.00549992872 0.0846965536 0.00683794776 2.98896186e-10 0.0846959949 0.00716860918 -0.00549992872 0.0846959949 0.00716860872 3.13349846e-10 0.0846959949 -0.00716855563 -3.13347515e-10 0.0846959949 -0.00716855517 -0.00549992966 0.0846965536 -0.00683788583 -0.00549992966 0.0846959949 -0.00716855563 -3.13347515e-10 0.0846965536 -0.00683788583 -0.00549992966 0.0846965536 -0.00683788629 -2.98893521e-10 0.0846965536 -0.00683788629 -2.98893521e-10 0.0846965536 -0.00683788583 -0.00549992966 0.0846426189 -0.00651164958 -0.00549992966 0.0846965536 -0.00683788629 -2.98893521e-10 0.0846426189 -0.00651164958 -0.00549992966 0.0846426189 -0.00651165005 -2.84633289e-10 0.0846426189 -0.00651165005 -2.84633289e-10 0.0846426189 -0.00651164958 -0.00549992966 0.0845356733 -0.00619876478 -0.00549992966 0.0846426189 -0.00651165005 -2.84633289e-10 0.0845356733 -0.00619876478 -0.00549992966 0.0845356733 -0.00619876524 -2.70956646e-10 0.0845356733 -0.00619876524 -2.70956646e-10 0.0845356733 -0.00619876478 -0.00549992966 0.0843786299 -0.00590776792 -0.00549992966 0.0845356733 -0.00619876524 -2.70956646e-10 0.0843786299 -0.00590776792 -0.00549992966 0.0843786299 -0.00590776838 -2.58236765e-10 0.0843786299 -0.00590776838 -2.58236765e-10 0.0843786299 -0.00590776792 -0.00549992966 0.0841757804 -0.00564663252 -0.00549992966 0.0843786299 -0.00590776838 -2.58236765e-10 0.0841757804 -0.00564663252 -0.00549992966 0.0841757804 -0.00564663298 -2.46822174e-10 0.0841757804 -0.00564663298 -2.46822174e-10 0.0841757804 -0.00564663252 -0.00549992966 0.0839326829 -0.00542248366 -0.00549992966 0.0841757804 -0.00564663298 -2.46822174e-10 0.0839326829 -0.00542248366 -0.00549992966 0.0839326829 -0.00542248413 -2.37024317e-10 0.0839326829 -0.00542248413 -2.37024317e-10 0.0839326829 -0.00542248366 -0.00549992966 0.0836559683 -0.00524145598 -0.00549992919 0.0839326829 -0.00542248413 -2.37024317e-10 0.0836559683 -0.00524145598 -0.00549992919 0.0836559683 -0.00524145644 -2.29111341e-10 0.0836559683 -0.00524145644 -2.29111341e-10 0.0836559683 -0.00524145598 -0.00549992919 0.0833532065 -0.0051084999 -0.00549992919 0.0836559683 -0.00524145644 -2.29111341e-10 0.0833532065 -0.0051084999 -0.00549992919 0.0833532065 -0.00510850037 -2.23299657e-10 0.0833532065 -0.00510850037 -2.23299657e-10 0.0833532065 -0.0051084999 -0.00549992919 0.0830326825 -0.00502724061 -0.00549992919 0.0833532065 -0.00510850037 -2.23299657e-10 0.0830326825 -0.00502724061 -0.00549992919 0.0830326825 -0.00502724107 -2.19747678e-10 0.0830326825 -0.00502724107 -2.19747678e-10 0.0830326825 -0.00502724061 -0.00549992919 0.0827031434 -0.00499990443 -0.00549992919 0.0830326825 -0.00502724107 -2.19747678e-10 0.0827031434 -0.00499990443 -0.00549992919 0.0827031434 -0.00499990489 -2.18552801e-10 -0.00716865482 -0.0846960396 -3.70218145e-09 -0.00716865482 -0.0846960396 -0.00549993291 -0.00683799339 -0.0846966058 -0.00549993291 -0.00716865482 -0.0846960396 -3.70218145e-09 -0.00683799339 -0.0846966058 -0.00549993291 -0.00683799339 -0.0846966058 -3.7022061e-09 -0.00683799339 -0.0846966058 -3.7022061e-09 -0.00683799339 -0.0846966058 -0.00549993291 -0.00651175715 -0.0846426636 -0.00549993291 -0.00683799339 -0.0846966058 -3.7022061e-09 -0.00651175715 -0.0846426636 -0.00549993291 -0.00651175715 -0.0846426636 -3.69984843e-09 -0.00651175715 -0.0846426636 -3.69984843e-09 -0.00651175715 -0.0846426636 -0.00549993291 -0.00619886443 -0.084535718 -0.00549993291 -0.00651175715 -0.0846426636 -3.69984843e-09 -0.00619886443 -0.084535718 -0.00549993291 -0.00619886443 -0.084535718 -3.6951735e-09 -0.00619886443 -0.084535718 -3.6951735e-09 -0.00619886443 -0.084535718 -0.00549993291 -0.00590787549 -0.0843786746 -0.00549993291 -0.00619886443 -0.084535718 -3.6951735e-09 -0.00590787549 -0.0843786746 -0.00549993291 -0.00590787549 -0.0843786746 -3.68830899e-09 -0.00590787549 -0.0843786746 -3.68830899e-09 -0.00590787549 -0.0843786746 -0.00549993291 -0.00564673962 -0.0841758251 -0.00549993291 -0.00590787549 -0.0843786746 -3.68830899e-09 -0.00564673962 -0.0841758251 -0.00549993291 -0.00564673962 -0.0841758251 -3.67944231e-09 -0.00564673962 -0.0841758251 -3.67944231e-09 -0.00564673962 -0.0841758251 -0.00549993291 -0.00542259123 -0.0839327276 -0.00549993291 -0.00564673962 -0.0841758251 -3.67944231e-09 -0.00542259123 -0.0839327276 -0.00549993291 -0.00542259123 -0.0839327276 -3.66881614e-09 -0.00542259123 -0.0839327276 -3.66881614e-09 -0.00542259123 -0.0839327276 -0.00549993291 -0.00524156308 -0.083656013 -0.00549993291 -0.00542259123 -0.0839327276 -3.66881614e-09 -0.00524156308 -0.083656013 -0.00549993291 -0.00524156308 -0.083656013 -3.65672048e-09 -0.00524156308 -0.083656013 -3.65672048e-09 -0.00524156308 -0.083656013 -0.00549993291 -0.00510860747 -0.0833532512 -0.00549993291 -0.00524156308 -0.083656013 -3.65672048e-09 -0.00510860747 -0.0833532512 -0.00549993291 -0.00510860747 -0.0833532512 -3.6434864e-09 -0.00510860747 -0.0833532512 -3.6434864e-09 -0.00510860747 -0.0833532512 -0.00549993291 -0.00502734771 -0.0830327272 -0.00549993291 -0.00510860747 -0.0833532512 -3.6434864e-09 -0.00502734771 -0.0830327272 -0.00549993291 -0.00502734771 -0.0830327272 -3.62947605e-09 -0.00502734771 -0.0830327272 -3.62947605e-09 -0.00502734771 -0.0830327272 -0.00549993291 -0.005000012 -0.0827031881 -0.00549993291 -0.00502734771 -0.0830327272 -3.62947605e-09 -0.005000012 -0.0827031881 -0.00549993291 -0.005000012 -0.0827031881 -3.61507135e-09 0.00499985926 -0.0827031881 -3.61507135e-09 0.00499985926 -0.0827031881 -0.00549993291 0.00502719497 -0.0830327272 -0.00549993291 0.00499985926 -0.0827031881 -3.61507135e-09 0.00502719497 -0.0830327272 -0.00549993291 0.00502719497 -0.0830327272 -3.62947605e-09 0.00502719497 -0.0830327272 -3.62947605e-09 0.00502719497 -0.0830327272 -0.00549993291 0.00510845473 -0.0833532512 -0.00549993291 0.00502719497 -0.0830327272 -3.62947605e-09 0.00510845473 -0.0833532512 -0.00549993291 0.00510845473 -0.0833532512 -3.6434864e-09 0.00510845473 -0.0833532512 -3.6434864e-09 0.00510845473 -0.0833532512 -0.00549993291 0.00524141034 -0.083656013 -0.00549993291 0.00510845473 -0.0833532512 -3.6434864e-09 0.00524141034 -0.083656013 -0.00549993291 0.00524141034 -0.083656013 -3.65672048e-09 0.00524141034 -0.083656013 -3.65672048e-09 0.00524141034 -0.083656013 -0.00549993291 0.00542243849 -0.0839327276 -0.00549993291 0.00524141034 -0.083656013 -3.65672048e-09 0.00542243849 -0.0839327276 -0.00549993291 0.00542243849 -0.0839327276 -3.66881614e-09 0.00542243849 -0.0839327276 -3.66881614e-09 0.00542243849 -0.0839327276 -0.00549993291 0.00564658735 -0.0841758251 -0.00549993291 0.00542243849 -0.0839327276 -3.66881614e-09 0.00564658735 -0.0841758251 -0.00549993291 0.00564658735 -0.0841758251 -3.67944231e-09 0.00564658735 -0.0841758251 -3.67944231e-09 0.00564658735 -0.0841758251 -0.00549993291 0.00590772275 -0.0843786746 -0.00549993291 0.00564658735 -0.0841758251 -3.67944231e-09 0.00590772275 -0.0843786746 -0.00549993291 0.00590772275 -0.0843786746 -3.68830899e-09 0.00590772275 -0.0843786746 -3.68830899e-09 0.00590772275 -0.0843786746 -0.00549993291 0.00619871914 -0.084535718 -0.00549993291 0.00590772275 -0.0843786746 -3.68830899e-09 0.00619871914 -0.084535718 -0.00549993291 0.00619871914 -0.084535718 -3.6951735e-09 0.00619871914 -0.084535718 -3.6951735e-09 0.00619871914 -0.084535718 -0.00549993291 0.00651160441 -0.0846426636 -0.00549993291 0.00619871914 -0.084535718 -3.6951735e-09 0.00651160441 -0.0846426636 -0.00549993291 0.00651160441 -0.0846426636 -3.69984843e-09 0.00651160441 -0.0846426636 -3.69984843e-09 0.00651160441 -0.0846426636 -0.00549993291 0.00683784066 -0.0846966058 -0.00549993291 0.00651160441 -0.0846426636 -3.69984843e-09 0.00683784066 -0.0846966058 -0.00549993291 0.00683784066 -0.0846966058 -3.7022061e-09 0.00683784066 -0.0846966058 -3.7022061e-09 0.00683784066 -0.0846966058 -0.00549993291 0.00716850953 -0.0846960396 -0.00549993291 0.00683784066 -0.0846966058 -3.7022061e-09 0.00716850953 -0.0846960396 -0.00549993291 0.00716850953 -0.0846960396 -3.70218145e-09 0.00192626764 0.0492982529 -0.00449993974 0.00375864911 0.0486313216 -0.00449993974 0.00201875763 0.0496434122 -0.00449993974 0.00201875763 0.0496434122 -0.00449993974 0.00375864911 0.0486313216 -0.00449993974 0.00393910473 0.049304802 -0.00449993974 0.00201875763 0.0496434122 -0.00449993974 0.00393910473 0.049304802 -0.00449993974 0.00204990036 0.0499993861 -0.00449993974 0.00204990036 0.0499993861 -0.00449993974 0.00393910473 0.049304802 -0.00449993974 0.00399987213 0.0499993861 -0.00449993974 0.00204990036 0.0499993861 -0.00449993974 0.00399987213 0.0499993861 -0.00449993974 0.00201875763 0.0503553599 -0.00449993974 0.00201875763 0.0503553599 -0.00449993974 0.00399987213 0.0499993861 -0.00449993974 0.00393910473 0.0506939702 -0.00449993974 0.00201875763 0.0503553599 -0.00449993974 0.00393910473 0.0506939702 -0.00449993974 0.00192626764 0.0507005192 -0.00449993974 0.00192626764 0.0507005192 -0.00449993974 0.00393910473 0.0506939702 -0.00449993974 0.00375864911 0.0513674505 -0.00449993974 0.00192626764 0.0507005192 -0.00449993974 0.00375864911 0.0513674505 -0.00449993974 0.00177525333 0.0510243699 -0.00449993974 0.00177525333 0.0510243699 -0.00449993974 0.00375864911 0.0513674505 -0.00449993974 0.00346398284 0.0519993603 -0.00449993974 0.00177525333 0.0510243699 -0.00449993974 0.00346398284 0.0519993603 -0.00449993974 0.00157029228 0.0513170846 -0.00449993974 0.00157029228 0.0513170846 -0.00449993974 0.00346398284 0.0519993603 -0.00449993974 0.00306406268 0.0525705069 -0.00449993974 0.00157029228 0.0513170846 -0.00449993974 0.00306406268 0.0525705069 -0.00449993974 0.00131762528 0.0515697561 -0.00449993974 0.00131762528 0.0515697561 -0.00449993974 0.00306406268 0.0525705069 -0.00449993974 0.00257104239 0.0530635267 -0.00449993974 0.00131762528 0.0515697561 -0.00449993974 0.00257104239 0.0530635267 -0.00449993974 0.001024912 0.0517747141 -0.00449993974 0.001024912 0.0517747141 -0.00449993974 0.00257104239 0.0530635267 -0.00449993974 0.00199989788 0.0534634367 -0.00449993974 0.001024912 0.0517747141 -0.00449993974 0.00199989788 0.0534634367 -0.00449993974 0.000701056037 0.05192573 -0.00449993974 0.000701056037 0.05192573 -0.00449993974 0.00199989788 0.0534634367 -0.00449993974 0.0013679862 0.0537581071 -0.00449993974 0.000701056037 0.05192573 -0.00449993974 0.0013679862 0.0537581071 -0.00449993974 0.000355899043 0.052018214 -0.00449993974 0.000355899043 0.052018214 -0.00449993974 0.0013679862 0.0537581071 -0.00449993974 0.00069451012 0.0539385676 -0.00449993974 0.000355899043 0.052018214 -0.00449993974 0.00069451012 0.0539385676 -0.00449993974 -7.62929631e-08 0.0520493574 -0.00449993974 -7.62929631e-08 0.0520493574 -0.00449993974 0.00069451012 0.0539385676 -0.00449993974 -7.62929631e-08 0.0539993346 -0.00449993974 -7.62929631e-08 0.0520493574 -0.00449993974 -7.62929631e-08 0.0539993346 -0.00449993974 -0.000356051634 0.052018214 -0.00449993974 -0.000356051634 0.052018214 -0.00449993974 -7.62929631e-08 0.0539993346 -0.00449993974 -0.000694662682 0.0539385676 -0.00449993974 -0.000356051634 0.052018214 -0.00449993974 -0.000694662682 0.0539385676 -0.00449993974 -0.000701208599 0.05192573 -0.00449993974 -0.000701208599 0.05192573 -0.00449993974 -0.000694662682 0.0539385676 -0.00449993974 -0.00136813882 0.0537581071 -0.00449993974 -0.000701208599 0.05192573 -0.00449993974 -0.00136813882 0.0537581071 -0.00449993974 -0.00102506462 0.0517747141 -0.00449993974 -0.00102506462 0.0517747141 -0.00449993974 -0.00136813882 0.0537581071 -0.00449993974 -0.00200005062 0.0534634367 -0.00449993974 -0.00102506462 0.0517747141 -0.00449993974 -0.00200005062 0.0534634367 -0.00449993974 -0.00131777022 0.0515697561 -0.00449993974 -0.00131777022 0.0515697561 -0.00449993974 -0.00200005062 0.0534634367 -0.00449993974 -0.0025711949 0.0530635267 -0.00449993974 -0.00131777022 0.0515697561 -0.00449993974 -0.0025711949 0.0530635267 -0.00449993974 -0.0015704449 0.0513170846 -0.00449993974 -0.0015704449 0.0513170846 -0.00449993974 -0.0025711949 0.0530635267 -0.00449993974 -0.00306421542 0.0525705069 -0.00449993974 -0.0015704449 0.0513170846 -0.00449993974 -0.00306421542 0.0525705069 -0.00449993974 -0.00177540595 0.0510243699 -0.00449993974 -0.00177540595 0.0510243699 -0.00449993974 -0.00306421542 0.0525705069 -0.00449993974 -0.00346413534 0.0519993603 -0.00449993974 -0.00177540595 0.0510243699 -0.00449993974 -0.00346413534 0.0519993603 -0.00449993974 -0.00192642026 0.0507005192 -0.00449993974 -0.00192642026 0.0507005192 -0.00449993974 -0.00346413534 0.0519993603 -0.00449993974 -0.00375879416 0.0513674505 -0.00449993974 -0.00192642026 0.0507005192 -0.00449993974 -0.00375879416 0.0513674505 -0.00449993974 -0.00201890245 0.0503553599 -0.00449993974 -0.00201890245 0.0503553599 -0.00449993974 -0.00375879416 0.0513674505 -0.00449993974 -0.00393925747 0.0506939702 -0.00449993974 -0.00201890245 0.0503553599 -0.00449993974 -0.00393925747 0.0506939702 -0.00449993974 -0.00205004541 0.0499993861 -0.00449993974 -0.00205004541 0.0499993861 -0.00449993974 -0.00393925747 0.0506939702 -0.00449993974 -0.00400002487 0.0499993861 -0.00449993974 -0.00205004541 0.0499993861 -0.00449993974 -0.00400002487 0.0499993861 -0.00449993974 -0.00201890245 0.0496434122 -0.00449993974 -0.00201890245 0.0496434122 -0.00449993974 -0.00400002487 0.0499993861 -0.00449993974 -0.00393925747 0.049304802 -0.00449993974 -0.00201890245 0.0496434122 -0.00449993974 -0.00393925747 0.049304802 -0.00449993974 -0.00192642026 0.0492982529 -0.00449993974 -0.00192642026 0.0492982529 -0.00449993974 -0.00393925747 0.049304802 -0.00449993974 -0.00375879416 0.0486313216 -0.00449993974 -0.00192642026 0.0492982529 -0.00449993974 -0.00375879416 0.0486313216 -0.00449993974 -0.00177540595 0.0489743985 -0.00449993974 -0.00177540595 0.0489743985 -0.00449993974 -0.00375879416 0.0486313216 -0.00449993974 -0.00346413534 0.0479994118 -0.00449993974 -0.00177540595 0.0489743985 -0.00449993974 -0.00346413534 0.0479994118 -0.00449993974 -0.0015704449 0.0486816838 -0.00449993974 -0.0015704449 0.0486816838 -0.00449993974 -0.00346413534 0.0479994118 -0.00449993974 -0.00306421542 0.0474282689 -0.0044999402 -0.0015704449 0.0486816838 -0.00449993974 -0.00306421542 0.0474282689 -0.0044999402 -0.00131777022 0.048429016 -0.00449993974 -0.00131777022 0.048429016 -0.00449993974 -0.00306421542 0.0474282689 -0.0044999402 -0.0025711949 0.0469352491 -0.0044999402 -0.00131777022 0.048429016 -0.00449993974 -0.0025711949 0.0469352491 -0.0044999402 -0.00102506462 0.048224058 -0.00449993974 -0.00102506462 0.048224058 -0.00449993974 -0.0025711949 0.0469352491 -0.0044999402 -0.00200005062 0.046535328 -0.0044999402 -0.00102506462 0.048224058 -0.00449993974 -0.00200005062 0.046535328 -0.0044999402 -0.000701208599 0.0480730422 -0.00449993974 -0.000701208599 0.0480730422 -0.00449993974 -0.00200005062 0.046535328 -0.0044999402 -0.00136813882 0.046240665 -0.0044999402 -0.000701208599 0.0480730422 -0.00449993974 -0.00136813882 0.046240665 -0.0044999402 -0.000356051634 0.0479805581 -0.00449993974 -0.000356051634 0.0479805581 -0.00449993974 -0.00136813882 0.046240665 -0.0044999402 -0.000694662682 0.0460602045 -0.0044999402 -0.000356051634 0.0479805581 -0.00449993974 -0.000694662682 0.0460602045 -0.0044999402 -7.62929631e-08 0.047949411 -0.00449993974 -7.62929631e-08 0.047949411 -0.00449993974 -0.000694662682 0.0460602045 -0.0044999402 -7.62929631e-08 0.0459994376 -0.0044999402 -7.62929631e-08 0.047949411 -0.00449993974 -7.62929631e-08 0.0459994376 -0.0044999402 0.000355899043 0.0479805581 -0.00449993974 0.000355899043 0.0479805581 -0.00449993974 -7.62929631e-08 0.0459994376 -0.0044999402 0.00069451012 0.0460602045 -0.0044999402 0.000355899043 0.0479805581 -0.00449993974 0.00069451012 0.0460602045 -0.0044999402 0.000701056037 0.0480730422 -0.00449993974 0.000701056037 0.0480730422 -0.00449993974 0.00069451012 0.0460602045 -0.0044999402 0.0013679862 0.046240665 -0.0044999402 0.000701056037 0.0480730422 -0.00449993974 0.0013679862 0.046240665 -0.0044999402 0.001024912 0.048224058 -0.00449993974 0.001024912 0.048224058 -0.00449993974 0.0013679862 0.046240665 -0.0044999402 0.00199989788 0.046535328 -0.0044999402 0.001024912 0.048224058 -0.00449993974 0.00199989788 0.046535328 -0.0044999402 0.00131762528 0.048429016 -0.00449993974 0.00131762528 0.048429016 -0.00449993974 0.00199989788 0.046535328 -0.0044999402 0.00257104239 0.0469352491 -0.0044999402 0.00131762528 0.048429016 -0.00449993974 0.00257104239 0.0469352491 -0.0044999402 0.00157029228 0.0486816838 -0.00449993974 0.00157029228 0.0486816838 -0.00449993974 0.00257104239 0.0469352491 -0.0044999402 0.00306406268 0.0474282689 -0.0044999402 0.00157029228 0.0486816838 -0.00449993974 0.00306406268 0.0474282689 -0.0044999402 0.00177525333 0.0489743985 -0.00449993974 0.00177525333 0.0489743985 -0.00449993974 0.00306406268 0.0474282689 -0.0044999402 0.00346398284 0.0479994118 -0.00449993974 0.00177525333 0.0489743985 -0.00449993974 0.00346398284 0.0479994118 -0.00449993974 0.00192626764 0.0492982529 -0.00449993974 0.00192626764 0.0492982529 -0.00449993974 0.00346398284 0.0479994118 -0.00449993974 0.00375864911 0.0486313216 -0.00449993974 -7.62929631e-08 0.0459994376 -0.0044999402 -7.62929631e-08 0.0459994376 2.01069938e-09 0.00069451012 0.0460602045 -0.0044999402 0.00069451012 0.0460602045 -0.0044999402 -7.62929631e-08 0.0459994376 2.01069938e-09 0.00069451012 0.0460602045 2.01335548e-09 0.00069451012 0.0460602045 -0.0044999402 0.00069451012 0.0460602045 2.01335548e-09 0.0013679862 0.046240665 -0.0044999402 0.0013679862 0.046240665 -0.0044999402 0.00069451012 0.0460602045 2.01335548e-09 0.0013679862 0.046240665 2.02124362e-09 0.0013679862 0.046240665 -0.0044999402 0.0013679862 0.046240665 2.02124362e-09 0.00199989788 0.046535328 -0.0044999402 0.00199989788 0.046535328 -0.0044999402 0.0013679862 0.046240665 2.02124362e-09 0.00199989788 0.046535328 2.03412376e-09 0.00199989788 0.046535328 -0.0044999402 0.00199989788 0.046535328 2.03412376e-09 0.00257104239 0.0469352491 -0.0044999402 0.00257104239 0.0469352491 -0.0044999402 0.00199989788 0.046535328 2.03412376e-09 0.00257104239 0.0469352491 2.05160489e-09 0.00257104239 0.0469352491 -0.0044999402 0.00257104239 0.0469352491 2.05160489e-09 0.00306406268 0.0474282689 -0.0044999402 0.00306406268 0.0474282689 -0.0044999402 0.00257104239 0.0469352491 2.05160489e-09 0.00306406268 0.0474282689 2.07315543e-09 0.00306406268 0.0474282689 -0.0044999402 0.00306406268 0.0474282689 2.07315543e-09 0.00346398284 0.0479994118 -0.00449993974 0.00346398284 0.0479994118 -0.00449993974 0.00306406268 0.0474282689 2.07315543e-09 0.00346398284 0.0479994118 2.09812101e-09 0.00346398284 0.0479994118 -0.00449993974 0.00346398284 0.0479994118 2.09812101e-09 0.00375864911 0.0486313216 -0.00449993974 0.00375864911 0.0486313216 -0.00449993974 0.00346398284 0.0479994118 2.09812101e-09 0.00375864911 0.0486313216 2.12574269e-09 0.00375864911 0.0486313216 -0.00449993974 0.00375864911 0.0486313216 2.12574269e-09 0.00393910473 0.049304802 -0.00449993974 0.00393910473 0.049304802 -0.00449993974 0.00375864911 0.0486313216 2.12574269e-09 0.00393910473 0.049304802 2.15518137e-09 0.00393910473 0.049304802 -0.00449993974 0.00393910473 0.049304802 2.15518137e-09 0.00399987213 0.0499993861 -0.00449993974 0.00399987213 0.0499993861 -0.00449993974 0.00393910473 0.049304802 2.15518137e-09 0.00399987213 0.0499993861 2.18554264e-09 0.00399987213 0.0499993861 -0.00449993974 0.00399987213 0.0499993861 2.18554264e-09 0.00393910473 0.0506939702 -0.00449993974 0.00393910473 0.0506939702 -0.00449993974 0.00399987213 0.0499993861 2.18554264e-09 0.00393910473 0.0506939702 2.2159039e-09 0.00393910473 0.0506939702 -0.00449993974 0.00393910473 0.0506939702 2.2159039e-09 0.00375864911 0.0513674505 -0.00449993974 0.00375864911 0.0513674505 -0.00449993974 0.00393910473 0.0506939702 2.2159039e-09 0.00375864911 0.0513674505 2.24534258e-09 0.00375864911 0.0513674505 -0.00449993974 0.00375864911 0.0513674505 2.24534258e-09 0.00346398284 0.0519993603 -0.00449993974 0.00346398284 0.0519993603 -0.00449993974 0.00375864911 0.0513674505 2.24534258e-09 0.00346398284 0.0519993603 2.27296426e-09 0.00346398284 0.0519993603 -0.00449993974 0.00346398284 0.0519993603 2.27296426e-09 0.00306406268 0.0525705069 -0.00449993974 0.00306406268 0.0525705069 -0.00449993974 0.00346398284 0.0519993603 2.27296426e-09 0.00306406268 0.0525705069 2.29792985e-09 0.00306406268 0.0525705069 -0.00449993974 0.00306406268 0.0525705069 2.29792985e-09 0.00257104239 0.0530635267 -0.00449993974 0.00257104239 0.0530635267 -0.00449993974 0.00306406268 0.0525705069 2.29792985e-09 0.00257104239 0.0530635267 2.31948039e-09 0.00257104239 0.0530635267 -0.00449993974 0.00257104239 0.0530635267 2.31948039e-09 0.00199989788 0.0534634367 -0.00449993974 0.00199989788 0.0534634367 -0.00449993974 0.00257104239 0.0530635267 2.31948039e-09 0.00199989788 0.0534634367 2.33696107e-09 0.00199989788 0.0534634367 -0.00449993974 0.00199989788 0.0534634367 2.33696107e-09 0.0013679862 0.0537581071 -0.00449993974 0.0013679862 0.0537581071 -0.00449993974 0.00199989788 0.0534634367 2.33696107e-09 0.0013679862 0.0537581071 2.34984165e-09 0.0013679862 0.0537581071 -0.00449993974 0.0013679862 0.0537581071 2.34984165e-09 0.00069451012 0.0539385676 -0.00449993974 0.00069451012 0.0539385676 -0.00449993974 0.0013679862 0.0537581071 2.34984165e-09 0.00069451012 0.0539385676 2.35772979e-09 0.00069451012 0.0539385676 -0.00449993974 0.00069451012 0.0539385676 2.35772979e-09 -7.62929631e-08 0.0539993346 -0.00449993974 -7.62929631e-08 0.0539993346 -0.00449993974 0.00069451012 0.0539385676 2.35772979e-09 -7.62929631e-08 0.0539993346 2.36038589e-09 -7.62929631e-08 0.0539993346 -0.00449993974 -7.62929631e-08 0.0539993346 2.36038589e-09 -0.000694662682 0.0539385676 -0.00449993974 -0.000694662682 0.0539385676 -0.00449993974 -7.62929631e-08 0.0539993346 2.36038589e-09 -0.000694662682 0.0539385676 2.35772979e-09 -0.000694662682 0.0539385676 -0.00449993974 -0.000694662682 0.0539385676 2.35772979e-09 -0.00136813882 0.0537581071 -0.00449993974 -0.00136813882 0.0537581071 -0.00449993974 -0.000694662682 0.0539385676 2.35772979e-09 -0.00136813882 0.0537581071 2.34984165e-09 -0.00136813882 0.0537581071 -0.00449993974 -0.00136813882 0.0537581071 2.34984165e-09 -0.00200005062 0.0534634367 -0.00449993974 -0.00200005062 0.0534634367 -0.00449993974 -0.00136813882 0.0537581071 2.34984165e-09 -0.00200005062 0.0534634367 2.33696107e-09 -0.00200005062 0.0534634367 -0.00449993974 -0.00200005062 0.0534634367 2.33696107e-09 -0.0025711949 0.0530635267 -0.00449993974 -0.0025711949 0.0530635267 -0.00449993974 -0.00200005062 0.0534634367 2.33696107e-09 -0.0025711949 0.0530635267 2.31948039e-09 -0.0025711949 0.0530635267 -0.00449993974 -0.0025711949 0.0530635267 2.31948039e-09 -0.00306421542 0.0525705069 -0.00449993974 -0.00306421542 0.0525705069 -0.00449993974 -0.0025711949 0.0530635267 2.31948039e-09 -0.00306421542 0.0525705069 2.29792985e-09 -0.00306421542 0.0525705069 -0.00449993974 -0.00306421542 0.0525705069 2.29792985e-09 -0.00346413534 0.0519993603 -0.00449993974 -0.00346413534 0.0519993603 -0.00449993974 -0.00306421542 0.0525705069 2.29792985e-09 -0.00346413534 0.0519993603 2.27296426e-09 -0.00346413534 0.0519993603 -0.00449993974 -0.00346413534 0.0519993603 2.27296426e-09 -0.00375879416 0.0513674505 -0.00449993974 -0.00375879416 0.0513674505 -0.00449993974 -0.00346413534 0.0519993603 2.27296426e-09 -0.00375879416 0.0513674505 2.24534258e-09 -0.00375879416 0.0513674505 -0.00449993974 -0.00375879416 0.0513674505 2.24534258e-09 -0.00393925747 0.0506939702 -0.00449993974 -0.00393925747 0.0506939702 -0.00449993974 -0.00375879416 0.0513674505 2.24534258e-09 -0.00393925747 0.0506939702 2.2159039e-09 -0.00393925747 0.0506939702 -0.00449993974 -0.00393925747 0.0506939702 2.2159039e-09 -0.00400002487 0.0499993861 -0.00449993974 -0.00400002487 0.0499993861 -0.00449993974 -0.00393925747 0.0506939702 2.2159039e-09 -0.00400002487 0.0499993861 2.18554264e-09 -0.00400002487 0.0499993861 -0.00449993974 -0.00400002487 0.0499993861 2.18554264e-09 -0.00393925747 0.049304802 -0.00449993974 -0.00393925747 0.049304802 -0.00449993974 -0.00400002487 0.0499993861 2.18554264e-09 -0.00393925747 0.049304802 2.15518137e-09 -0.00393925747 0.049304802 -0.00449993974 -0.00393925747 0.049304802 2.15518137e-09 -0.00375879416 0.0486313216 -0.00449993974 -0.00375879416 0.0486313216 -0.00449993974 -0.00393925747 0.049304802 2.15518137e-09 -0.00375879416 0.0486313216 2.12574269e-09 -0.00375879416 0.0486313216 -0.00449993974 -0.00375879416 0.0486313216 2.12574269e-09 -0.00346413534 0.0479994118 -0.00449993974 -0.00346413534 0.0479994118 -0.00449993974 -0.00375879416 0.0486313216 2.12574269e-09 -0.00346413534 0.0479994118 2.09812101e-09 -0.00346413534 0.0479994118 -0.00449993974 -0.00346413534 0.0479994118 2.09812101e-09 -0.00306421542 0.0474282689 -0.0044999402 -0.00306421542 0.0474282689 -0.0044999402 -0.00346413534 0.0479994118 2.09812101e-09 -0.00306421542 0.0474282689 2.07315543e-09 -0.00306421542 0.0474282689 -0.0044999402 -0.00306421542 0.0474282689 2.07315543e-09 -0.0025711949 0.0469352491 -0.0044999402 -0.0025711949 0.0469352491 -0.0044999402 -0.00306421542 0.0474282689 2.07315543e-09 -0.0025711949 0.0469352491 2.05160489e-09 -0.0025711949 0.0469352491 -0.0044999402 -0.0025711949 0.0469352491 2.05160489e-09 -0.00200005062 0.046535328 -0.0044999402 -0.00200005062 0.046535328 -0.0044999402 -0.0025711949 0.0469352491 2.05160489e-09 -0.00200005062 0.046535328 2.03412376e-09 -0.00200005062 0.046535328 -0.0044999402 -0.00200005062 0.046535328 2.03412376e-09 -0.00136813882 0.046240665 -0.0044999402 -0.00136813882 0.046240665 -0.0044999402 -0.00200005062 0.046535328 2.03412376e-09 -0.00136813882 0.046240665 2.02124362e-09 -0.00136813882 0.046240665 -0.0044999402 -0.00136813882 0.046240665 2.02124362e-09 -0.000694662682 0.0460602045 -0.0044999402 -0.000694662682 0.0460602045 -0.0044999402 -0.00136813882 0.046240665 2.02124362e-09 -0.000694662682 0.0460602045 2.01335548e-09 -0.000694662682 0.0460602045 -0.0044999402 -0.000694662682 0.0460602045 2.01335548e-09 -7.62929631e-08 0.0459994376 -0.0044999402 -7.62929631e-08 0.0459994376 -0.0044999402 -0.000694662682 0.0460602045 2.01335548e-09 -7.62929631e-08 0.0459994376 2.01069938e-09 0.0479493029 3.08668717e-08 -0.007999897 0.0479493029 3.07138848e-08 -0.00449994206 0.0479804464 -0.000355944474 -0.007999897 0.0479804464 -0.000355944474 -0.007999897 0.0479493029 3.07138848e-08 -0.00449994206 0.0479804464 -0.00035594462 -0.00449994206 0.0479804464 -0.000355944474 -0.007999897 0.0479804464 -0.00035594462 -0.00449994206 0.0480729453 -0.000701101439 -0.007999897 0.0480729453 -0.000701101439 -0.007999897 0.0479804464 -0.00035594462 -0.00449994206 0.0480729453 -0.000701101613 -0.00449994206 0.0480729453 -0.000701101439 -0.007999897 0.0480729453 -0.000701101613 -0.00449994206 0.0482239425 -0.00102495751 -0.007999897 0.0482239425 -0.00102495751 -0.007999897 0.0480729453 -0.000701101613 -0.00449994206 0.0482239425 -0.00102495763 -0.00449994206 0.0482239425 -0.00102495751 -0.007999897 0.0482239425 -0.00102495763 -0.00449994206 0.0484289117 -0.00131767069 -0.007999897 0.0484289117 -0.00131767069 -0.007999897 0.0482239425 -0.00102495763 -0.00449994206 0.0484289117 -0.0013176708 -0.00449994206 0.0484289117 -0.00131767069 -0.007999897 0.0484289117 -0.0013176708 -0.00449994206 0.0486815795 -0.00157033768 -0.007999897 0.0486815795 -0.00157033768 -0.007999897 0.0484289117 -0.0013176708 -0.00449994206 0.0486815795 -0.0015703378 -0.00449994206 0.0486815795 -0.00157033768 -0.007999897 0.0486815795 -0.0015703378 -0.00449994206 0.0489742979 -0.00177529873 -0.007999897 0.0489742979 -0.00177529873 -0.007999897 0.0486815795 -0.0015703378 -0.00449994206 0.0489742979 -0.00177529885 -0.00449994206 0.0489742979 -0.00177529873 -0.007999897 0.0489742979 -0.00177529885 -0.00449994206 0.0492981486 -0.00192631304 -0.007999897 0.0492981486 -0.00192631304 -0.007999897 0.0489742979 -0.00177529885 -0.00449994206 0.0492981486 -0.00192631315 -0.00449994206 0.0492981486 -0.00192631304 -0.007999897 0.0492981486 -0.00192631315 -0.00449994206 0.0496433116 -0.0020188028 -0.007999897 0.0496433116 -0.0020188028 -0.007999897 0.0492981486 -0.00192631315 -0.00449994206 0.0496433116 -0.00201880303 -0.00449994206 0.0496433116 -0.0020188028 -0.007999897 0.0496433116 -0.00201880303 -0.00449994206 0.0499992818 -0.00204994576 -0.007999897 0.0499992818 -0.00204994576 -0.007999897 0.0496433116 -0.00201880303 -0.00449994206 0.0499992818 -0.00204994599 -0.00449994206 0.0499992818 -0.00204994576 -0.007999897 0.0499992818 -0.00204994599 -0.00449994206 0.0503552482 -0.0020188028 -0.007999897 0.0503552482 -0.0020188028 -0.007999897 0.0499992818 -0.00204994599 -0.00449994206 0.0503552482 -0.00201880303 -0.00449994206 0.0503552482 -0.0020188028 -0.007999897 0.0503552482 -0.00201880303 -0.00449994206 0.0507004112 -0.00192631304 -0.007999897 0.0507004112 -0.00192631304 -0.007999897 0.0503552482 -0.00201880303 -0.00449994206 0.0507004112 -0.00192631315 -0.00449994206 0.0507004112 -0.00192631304 -0.007999897 0.0507004112 -0.00192631315 -0.00449994206 0.0510242619 -0.00177529873 -0.007999897 0.0510242619 -0.00177529873 -0.007999897 0.0507004112 -0.00192631315 -0.00449994206 0.0510242619 -0.00177529885 -0.00449994206 0.0510242619 -0.00177529873 -0.007999897 0.0510242619 -0.00177529885 -0.00449994206 0.0513169803 -0.00157033768 -0.007999897 0.0513169803 -0.00157033768 -0.007999897 0.0510242619 -0.00177529885 -0.00449994206 0.0513169803 -0.0015703378 -0.00449994206 0.0513169803 -0.00157033768 -0.007999897 0.0513169803 -0.0015703378 -0.00449994206 0.0515696481 -0.00131767069 -0.007999897 0.0515696481 -0.00131767069 -0.007999897 0.0513169803 -0.0015703378 -0.00449994206 0.0515696481 -0.0013176708 -0.00449994206 0.0515696481 -0.00131767069 -0.007999897 0.0515696481 -0.0013176708 -0.00449994206 0.0517746024 -0.00102495751 -0.007999897 0.0517746024 -0.00102495751 -0.007999897 0.0515696481 -0.0013176708 -0.00449994206 0.0517746024 -0.00102495763 -0.00449994206 0.0517746024 -0.00102495751 -0.007999897 0.0517746024 -0.00102495763 -0.00449994206 0.0519256331 -0.000701101439 -0.007999897 0.0519256331 -0.000701101439 -0.007999897 0.0517746024 -0.00102495763 -0.00449994206 0.0519256331 -0.000701101613 -0.00449994206 0.0519256331 -0.000701101439 -0.007999897 0.0519256331 -0.000701101613 -0.00449994206 0.0520181134 -0.000355944474 -0.007999897 0.0520181134 -0.000355944474 -0.007999897 0.0519256331 -0.000701101613 -0.00449994206 0.0520181134 -0.00035594462 -0.00449994206 0.0520181134 -0.000355944474 -0.007999897 0.0520181134 -0.00035594462 -0.00449994206 0.0520492569 3.08668717e-08 -0.007999897 0.0520492569 3.08668717e-08 -0.007999897 0.0520181134 -0.00035594462 -0.00449994206 0.0520492569 3.07138848e-08 -0.00449994206 0.0520492569 3.08668717e-08 -0.007999897 0.0520492569 3.07138848e-08 -0.00449994206 0.0520181134 0.000356006203 -0.007999897 0.0520181134 0.000356006203 -0.007999897 0.0520492569 3.07138848e-08 -0.00449994206 0.0520181134 0.000356006058 -0.00449994206 0.0520181134 0.000356006203 -0.007999897 0.0520181134 0.000356006058 -0.00449994206 0.0519256331 0.000701163197 -0.007999897 0.0519256331 0.000701163197 -0.007999897 0.0520181134 0.000356006058 -0.00449994206 0.0519256331 0.000701163022 -0.00449994206 0.0519256331 0.000701163197 -0.007999897 0.0519256331 0.000701163022 -0.00449994206 0.0517746024 0.00102501921 -0.007999897 0.0517746024 0.00102501921 -0.007999897 0.0519256331 0.000701163022 -0.00449994206 0.0517746024 0.0010250191 -0.00449994206 0.0517746024 0.00102501921 -0.007999897 0.0517746024 0.0010250191 -0.00449994206 0.0515696481 0.00131772482 -0.007999897 0.0515696481 0.00131772482 -0.007999897 0.0517746024 0.0010250191 -0.00449994206 0.0515696481 0.0013177247 -0.00449994206 0.0515696481 0.00131772482 -0.007999897 0.0515696481 0.0013177247 -0.00449994206 0.0513169803 0.00157039938 -0.007999897 0.0513169803 0.00157039938 -0.007999897 0.0515696481 0.0013177247 -0.00449994206 0.0513169803 0.00157039927 -0.00449994206 0.0513169803 0.00157039938 -0.007999897 0.0513169803 0.00157039927 -0.00449994206 0.0510242619 0.00177536043 -0.007999897 0.0510242619 0.00177536043 -0.007999897 0.0513169803 0.00157039927 -0.00449994206 0.0510242619 0.00177536032 -0.00449994206 0.0510242619 0.00177536043 -0.007999897 0.0510242619 0.00177536032 -0.00449994206 0.0507004112 0.00192637474 -0.007999897 0.0507004112 0.00192637474 -0.007999897 0.0510242619 0.00177536032 -0.00449994206 0.0507004112 0.00192637462 -0.00449994206 0.0507004112 0.00192637474 -0.007999897 0.0507004112 0.00192637462 -0.00449994206 0.0503552482 0.00201885728 -0.007999897 0.0503552482 0.00201885728 -0.007999897 0.0507004112 0.00192637462 -0.00449994206 0.0503552482 0.00201885705 -0.00449994206 0.0503552482 0.00201885728 -0.007999897 0.0503552482 0.00201885705 -0.00449994206 0.0499992818 0.00205000001 -0.007999897 0.0499992818 0.00205000001 -0.007999897 0.0503552482 0.00201885705 -0.00449994206 0.0499992818 0.00204999978 -0.00449994206 0.0499992818 0.00205000001 -0.007999897 0.0499992818 0.00204999978 -0.00449994206 0.0496433116 0.00201885728 -0.007999897 0.0496433116 0.00201885728 -0.007999897 0.0499992818 0.00204999978 -0.00449994206 0.0496433116 0.00201885705 -0.00449994206 0.0496433116 0.00201885728 -0.007999897 0.0496433116 0.00201885705 -0.00449994206 0.0492981486 0.00192637474 -0.007999897 0.0492981486 0.00192637474 -0.007999897 0.0496433116 0.00201885705 -0.00449994206 0.0492981486 0.00192637462 -0.00449994206 0.0492981486 0.00192637474 -0.007999897 0.0492981486 0.00192637462 -0.00449994206 0.0489742979 0.00177536043 -0.007999897 0.0489742979 0.00177536043 -0.007999897 0.0492981486 0.00192637462 -0.00449994206 0.0489742979 0.00177536032 -0.00449994206 0.0489742979 0.00177536043 -0.007999897 0.0489742979 0.00177536032 -0.00449994206 0.0486815795 0.00157039938 -0.007999897 0.0486815795 0.00157039938 -0.007999897 0.0489742979 0.00177536032 -0.00449994206 0.0486815795 0.00157039927 -0.00449994206 0.0486815795 0.00157039938 -0.007999897 0.0486815795 0.00157039927 -0.00449994206 0.0484289117 0.00131772482 -0.007999897 0.0484289117 0.00131772482 -0.007999897 0.0486815795 0.00157039927 -0.00449994206 0.0484289117 0.0013177247 -0.00449994206 0.0484289117 0.00131772482 -0.007999897 0.0484289117 0.0013177247 -0.00449994206 0.0482239425 0.00102501921 -0.007999897 0.0482239425 0.00102501921 -0.007999897 0.0484289117 0.0013177247 -0.00449994206 0.0482239425 0.0010250191 -0.00449994206 0.0482239425 0.00102501921 -0.007999897 0.0482239425 0.0010250191 -0.00449994206 0.0480729453 0.000701163197 -0.007999897 0.0480729453 0.000701163197 -0.007999897 0.0482239425 0.0010250191 -0.00449994206 0.0480729453 0.000701163022 -0.00449994206 0.0480729453 0.000701163197 -0.007999897 0.0480729453 0.000701163022 -0.00449994206 0.0479804464 0.000356006203 -0.007999897 0.0479804464 0.000356006203 -0.007999897 0.0480729453 0.000701163022 -0.00449994206 0.0479804464 0.000356006058 -0.00449994206 0.0479804464 0.000356006203 -0.007999897 0.0479804464 0.000356006058 -0.00449994206 0.0479493029 3.08668717e-08 -0.007999897 0.0479493029 3.08668717e-08 -0.007999897 0.0479804464 0.000356006058 -0.00449994206 0.0479493029 3.07138848e-08 -0.00449994206 -7.62929631e-08 -0.0479493476 -0.00799989887 -7.62929631e-08 -0.0479493476 -0.00449994439 -0.000356051634 -0.0479804911 -0.00799989887 -0.000356051634 -0.0479804911 -0.00799989887 -7.62929631e-08 -0.0479493476 -0.00449994439 -0.000356051634 -0.0479804911 -0.00449994439 -0.000356051634 -0.0479804911 -0.00799989887 -0.000356051634 -0.0479804911 -0.00449994439 -0.000701208599 -0.04807299 -0.00799989887 -0.000701208599 -0.04807299 -0.00799989887 -0.000356051634 -0.0479804911 -0.00449994439 -0.000701208599 -0.04807299 -0.00449994439 -0.000701208599 -0.04807299 -0.00799989887 -0.000701208599 -0.04807299 -0.00449994439 -0.00102506462 -0.0482239872 -0.00799989887 -0.00102506462 -0.0482239872 -0.00799989887 -0.000701208599 -0.04807299 -0.00449994439 -0.00102506462 -0.0482239872 -0.00449994439 -0.00102506462 -0.0482239872 -0.00799989887 -0.00102506462 -0.0482239872 -0.00449994439 -0.00131777022 -0.0484289564 -0.00799989887 -0.00131777022 -0.0484289564 -0.00799989887 -0.00102506462 -0.0482239872 -0.00449994439 -0.00131777022 -0.0484289564 -0.00449994439 -0.00131777022 -0.0484289564 -0.00799989887 -0.00131777022 -0.0484289564 -0.00449994439 -0.0015704449 -0.0486816242 -0.00799989887 -0.0015704449 -0.0486816242 -0.00799989887 -0.00131777022 -0.0484289564 -0.00449994439 -0.0015704449 -0.0486816242 -0.00449994439 -0.0015704449 -0.0486816242 -0.00799989887 -0.0015704449 -0.0486816242 -0.00449994439 -0.00177540595 -0.0489743464 -0.00799989887 -0.00177540595 -0.0489743464 -0.00799989887 -0.0015704449 -0.0486816242 -0.00449994439 -0.00177540595 -0.0489743464 -0.00449994439 -0.00177540595 -0.0489743464 -0.00799989887 -0.00177540595 -0.0489743464 -0.00449994439 -0.00192642026 -0.0492981933 -0.00799989887 -0.00192642026 -0.0492981933 -0.00799989887 -0.00177540595 -0.0489743464 -0.00449994439 -0.00192642026 -0.0492981933 -0.00449994439 -0.00192642026 -0.0492981933 -0.00799989887 -0.00192642026 -0.0492981933 -0.00449994439 -0.00201890245 -0.0496433564 -0.00799989887 -0.00201890245 -0.0496433564 -0.00799989887 -0.00192642026 -0.0492981933 -0.00449994439 -0.00201890245 -0.0496433564 -0.00449994439 -0.00201890245 -0.0496433564 -0.00799989887 -0.00201890245 -0.0496433564 -0.00449994439 -0.00205004541 -0.0499993265 -0.00799989887 -0.00205004541 -0.0499993265 -0.00799989887 -0.00201890245 -0.0496433564 -0.00449994439 -0.00205004541 -0.0499993265 -0.00449994439 -0.00205004541 -0.0499993265 -0.00799989887 -0.00205004541 -0.0499993265 -0.00449994439 -0.00201890245 -0.0503552929 -0.00799989887 -0.00201890245 -0.0503552929 -0.00799989887 -0.00205004541 -0.0499993265 -0.00449994439 -0.00201890245 -0.0503552929 -0.00449994439 -0.00201890245 -0.0503552929 -0.00799989887 -0.00201890245 -0.0503552929 -0.00449994439 -0.00192642026 -0.0507004596 -0.00799989887 -0.00192642026 -0.0507004596 -0.00799989887 -0.00201890245 -0.0503552929 -0.00449994439 -0.00192642026 -0.0507004596 -0.00449994439 -0.00192642026 -0.0507004596 -0.00799989887 -0.00192642026 -0.0507004596 -0.00449994439 -0.00177540595 -0.0510243066 -0.00799989887 -0.00177540595 -0.0510243066 -0.00799989887 -0.00192642026 -0.0507004596 -0.00449994439 -0.00177540595 -0.0510243066 -0.00449994439 -0.00177540595 -0.0510243066 -0.00799989887 -0.00177540595 -0.0510243066 -0.00449994439 -0.0015704449 -0.0513170287 -0.00799989887 -0.0015704449 -0.0513170287 -0.00799989887 -0.00177540595 -0.0510243066 -0.00449994439 -0.0015704449 -0.0513170287 -0.00449994439 -0.0015704449 -0.0513170287 -0.00799989887 -0.0015704449 -0.0513170287 -0.00449994439 -0.00131777022 -0.0515696928 -0.00799989887 -0.00131777022 -0.0515696928 -0.00799989887 -0.0015704449 -0.0513170287 -0.00449994439 -0.00131777022 -0.0515696928 -0.00449994439 -0.00131777022 -0.0515696928 -0.00799989887 -0.00131777022 -0.0515696928 -0.00449994439 -0.00102506462 -0.0517746471 -0.00799989887 -0.00102506462 -0.0517746471 -0.00799989887 -0.00131777022 -0.0515696928 -0.00449994439 -0.00102506462 -0.0517746471 -0.00449994439 -0.00102506462 -0.0517746471 -0.00799989887 -0.00102506462 -0.0517746471 -0.00449994439 -0.000701208599 -0.0519256778 -0.00799989887 -0.000701208599 -0.0519256778 -0.00799989887 -0.00102506462 -0.0517746471 -0.00449994439 -0.000701208599 -0.0519256778 -0.00449994439 -0.000701208599 -0.0519256778 -0.00799989887 -0.000701208599 -0.0519256778 -0.00449994439 -0.000356051634 -0.0520181581 -0.00799989887 -0.000356051634 -0.0520181581 -0.00799989887 -0.000701208599 -0.0519256778 -0.00449994439 -0.000356051634 -0.0520181581 -0.00449994439 -0.000356051634 -0.0520181581 -0.00799989887 -0.000356051634 -0.0520181581 -0.00449994439 -7.62929631e-08 -0.0520493016 -0.00799989887 -7.62929631e-08 -0.0520493016 -0.00799989887 -0.000356051634 -0.0520181581 -0.00449994439 -7.62929631e-08 -0.0520493016 -0.00449994439 -7.62929631e-08 -0.0520493016 -0.00799989887 -7.62929631e-08 -0.0520493016 -0.00449994439 0.000355899043 -0.0520181581 -0.00799989887 0.000355899043 -0.0520181581 -0.00799989887 -7.62929631e-08 -0.0520493016 -0.00449994439 0.000355899043 -0.0520181581 -0.00449994439 0.000355899043 -0.0520181581 -0.00799989887 0.000355899043 -0.0520181581 -0.00449994439 0.000701056037 -0.0519256778 -0.00799989887 0.000701056037 -0.0519256778 -0.00799989887 0.000355899043 -0.0520181581 -0.00449994439 0.000701056037 -0.0519256778 -0.00449994439 0.000701056037 -0.0519256778 -0.00799989887 0.000701056037 -0.0519256778 -0.00449994439 0.001024912 -0.0517746471 -0.00799989887 0.001024912 -0.0517746471 -0.00799989887 0.000701056037 -0.0519256778 -0.00449994439 0.001024912 -0.0517746471 -0.00449994439 0.001024912 -0.0517746471 -0.00799989887 0.001024912 -0.0517746471 -0.00449994439 0.00131762528 -0.0515696928 -0.00799989887 0.00131762528 -0.0515696928 -0.00799989887 0.001024912 -0.0517746471 -0.00449994439 0.00131762528 -0.0515696928 -0.00449994439 0.00131762528 -0.0515696928 -0.00799989887 0.00131762528 -0.0515696928 -0.00449994439 0.00157029228 -0.0513170287 -0.00799989887 0.00157029228 -0.0513170287 -0.00799989887 0.00131762528 -0.0515696928 -0.00449994439 0.00157029228 -0.0513170287 -0.00449994439 0.00157029228 -0.0513170287 -0.00799989887 0.00157029228 -0.0513170287 -0.00449994439 0.00177525333 -0.0510243066 -0.00799989887 0.00177525333 -0.0510243066 -0.00799989887 0.00157029228 -0.0513170287 -0.00449994439 0.00177525333 -0.0510243066 -0.00449994439 0.00177525333 -0.0510243066 -0.00799989887 0.00177525333 -0.0510243066 -0.00449994439 0.00192626764 -0.0507004596 -0.00799989887 0.00192626764 -0.0507004596 -0.00799989887 0.00177525333 -0.0510243066 -0.00449994439 0.00192626764 -0.0507004596 -0.00449994439 0.00192626764 -0.0507004596 -0.00799989887 0.00192626764 -0.0507004596 -0.00449994439 0.00201875763 -0.0503552929 -0.00799989887 0.00201875763 -0.0503552929 -0.00799989887 0.00192626764 -0.0507004596 -0.00449994439 0.00201875763 -0.0503552929 -0.00449994439 0.00201875763 -0.0503552929 -0.00799989887 0.00201875763 -0.0503552929 -0.00449994439 0.00204990036 -0.0499993265 -0.00799989887 0.00204990036 -0.0499993265 -0.00799989887 0.00201875763 -0.0503552929 -0.00449994439 0.00204990036 -0.0499993265 -0.00449994439 0.00204990036 -0.0499993265 -0.00799989887 0.00204990036 -0.0499993265 -0.00449994439 0.00201875763 -0.0496433564 -0.00799989887 0.00201875763 -0.0496433564 -0.00799989887 0.00204990036 -0.0499993265 -0.00449994439 0.00201875763 -0.0496433564 -0.00449994439 0.00201875763 -0.0496433564 -0.00799989887 0.00201875763 -0.0496433564 -0.00449994439 0.00192626764 -0.0492981933 -0.00799989887 0.00192626764 -0.0492981933 -0.00799989887 0.00201875763 -0.0496433564 -0.00449994439 0.00192626764 -0.0492981933 -0.00449994439 0.00192626764 -0.0492981933 -0.00799989887 0.00192626764 -0.0492981933 -0.00449994439 0.00177525333 -0.0489743464 -0.00799989887 0.00177525333 -0.0489743464 -0.00799989887 0.00192626764 -0.0492981933 -0.00449994439 0.00177525333 -0.0489743464 -0.00449994439 0.00177525333 -0.0489743464 -0.00799989887 0.00177525333 -0.0489743464 -0.00449994439 0.00157029228 -0.0486816242 -0.00799989887 0.00157029228 -0.0486816242 -0.00799989887 0.00177525333 -0.0489743464 -0.00449994439 0.00157029228 -0.0486816242 -0.00449994439 0.00157029228 -0.0486816242 -0.00799989887 0.00157029228 -0.0486816242 -0.00449994439 0.00131762528 -0.0484289564 -0.00799989887 0.00131762528 -0.0484289564 -0.00799989887 0.00157029228 -0.0486816242 -0.00449994439 0.00131762528 -0.0484289564 -0.00449994439 0.00131762528 -0.0484289564 -0.00799989887 0.00131762528 -0.0484289564 -0.00449994439 0.001024912 -0.0482239872 -0.00799989887 0.001024912 -0.0482239872 -0.00799989887 0.00131762528 -0.0484289564 -0.00449994439 0.001024912 -0.0482239872 -0.00449994439 0.001024912 -0.0482239872 -0.00799989887 0.001024912 -0.0482239872 -0.00449994439 0.000701056037 -0.04807299 -0.00799989887 0.000701056037 -0.04807299 -0.00799989887 0.001024912 -0.0482239872 -0.00449994439 0.000701056037 -0.04807299 -0.00449994439 0.000701056037 -0.04807299 -0.00799989887 0.000701056037 -0.04807299 -0.00449994439 0.000355899043 -0.0479804911 -0.00799989887 0.000355899043 -0.0479804911 -0.00799989887 0.000701056037 -0.04807299 -0.00449994439 0.000355899043 -0.0479804911 -0.00449994439 0.000355899043 -0.0479804911 -0.00799989887 0.000355899043 -0.0479804911 -0.00449994439 -7.62929631e-08 -0.0479493476 -0.00799989887 -7.62929631e-08 -0.0479493476 -0.00799989887 0.000355899043 -0.0479804911 -0.00449994439 -7.62929631e-08 -0.0479493476 -0.00449994439 -0.0479494557 3.08668717e-08 -0.007999897 -0.0479494557 3.07138848e-08 -0.00449994206 -0.0479806028 0.000356006203 -0.007999897 -0.0479806028 0.000356006203 -0.007999897 -0.0479494557 3.07138848e-08 -0.00449994206 -0.0479806028 0.000356006058 -0.00449994206 -0.0479806028 0.000356006203 -0.007999897 -0.0479806028 0.000356006058 -0.00449994206 -0.0480730869 0.000701163197 -0.007999897 -0.0480730869 0.000701163197 -0.007999897 -0.0479806028 0.000356006058 -0.00449994206 -0.0480730869 0.000701163022 -0.00449994206 -0.0480730869 0.000701163197 -0.007999897 -0.0480730869 0.000701163022 -0.00449994206 -0.0482241027 0.00102501921 -0.007999897 -0.0482241027 0.00102501921 -0.007999897 -0.0480730869 0.000701163022 -0.00449994206 -0.0482241027 0.0010250191 -0.00449994206 -0.0482241027 0.00102501921 -0.007999897 -0.0482241027 0.0010250191 -0.00449994206 -0.0484290607 0.00131772482 -0.007999897 -0.0484290607 0.00131772482 -0.007999897 -0.0482241027 0.0010250191 -0.00449994206 -0.0484290607 0.0013177247 -0.00449994206 -0.0484290607 0.00131772482 -0.007999897 -0.0484290607 0.0013177247 -0.00449994206 -0.0486817323 0.00157039938 -0.007999897 -0.0486817323 0.00157039938 -0.007999897 -0.0484290607 0.0013177247 -0.00449994206 -0.0486817323 0.00157039927 -0.00449994206 -0.0486817323 0.00157039938 -0.007999897 -0.0486817323 0.00157039927 -0.00449994206 -0.0489744432 0.00177536043 -0.007999897 -0.0489744432 0.00177536043 -0.007999897 -0.0486817323 0.00157039927 -0.00449994206 -0.0489744432 0.00177536032 -0.00449994206 -0.0489744432 0.00177536043 -0.007999897 -0.0489744432 0.00177536032 -0.00449994206 -0.0492983013 0.00192637474 -0.007999897 -0.0492983013 0.00192637474 -0.007999897 -0.0489744432 0.00177536032 -0.00449994206 -0.0492983013 0.00192637462 -0.00449994206 -0.0492983013 0.00192637474 -0.007999897 -0.0492983013 0.00192637462 -0.00449994206 -0.0496434569 0.00201885728 -0.007999897 -0.0496434569 0.00201885728 -0.007999897 -0.0492983013 0.00192637462 -0.00449994206 -0.0496434569 0.00201885705 -0.00449994206 -0.0496434569 0.00201885728 -0.007999897 -0.0496434569 0.00201885705 -0.00449994206 -0.0499994308 0.00205000001 -0.007999897 -0.0499994308 0.00205000001 -0.007999897 -0.0496434569 0.00201885705 -0.00449994206 -0.0499994308 0.00204999978 -0.00449994206 -0.0499994308 0.00205000001 -0.007999897 -0.0499994308 0.00204999978 -0.00449994206 -0.0503554046 0.00201885728 -0.007999897 -0.0503554046 0.00201885728 -0.007999897 -0.0499994308 0.00204999978 -0.00449994206 -0.0503554046 0.00201885705 -0.00449994206 -0.0503554046 0.00201885728 -0.007999897 -0.0503554046 0.00201885705 -0.00449994206 -0.0507005639 0.00192637474 -0.007999897 -0.0507005639 0.00192637474 -0.007999897 -0.0503554046 0.00201885705 -0.00449994206 -0.0507005639 0.00192637462 -0.00449994206 -0.0507005639 0.00192637474 -0.007999897 -0.0507005639 0.00192637462 -0.00449994206 -0.0510244183 0.00177536043 -0.007999897 -0.0510244183 0.00177536043 -0.007999897 -0.0507005639 0.00192637462 -0.00449994206 -0.0510244183 0.00177536032 -0.00449994206 -0.0510244183 0.00177536043 -0.007999897 -0.0510244183 0.00177536032 -0.00449994206 -0.0513171293 0.00157039938 -0.007999897 -0.0513171293 0.00157039938 -0.007999897 -0.0510244183 0.00177536032 -0.00449994206 -0.0513171293 0.00157039927 -0.00449994206 -0.0513171293 0.00157039938 -0.007999897 -0.0513171293 0.00157039927 -0.00449994206 -0.0515698008 0.00131772482 -0.007999897 -0.0515698008 0.00131772482 -0.007999897 -0.0513171293 0.00157039927 -0.00449994206 -0.0515698008 0.0013177247 -0.00449994206 -0.0515698008 0.00131772482 -0.007999897 -0.0515698008 0.0013177247 -0.00449994206 -0.0517747588 0.00102501921 -0.007999897 -0.0517747588 0.00102501921 -0.007999897 -0.0515698008 0.0013177247 -0.00449994206 -0.0517747588 0.0010250191 -0.00449994206 -0.0517747588 0.00102501921 -0.007999897 -0.0517747588 0.0010250191 -0.00449994206 -0.0519257747 0.000701163197 -0.007999897 -0.0519257747 0.000701163197 -0.007999897 -0.0517747588 0.0010250191 -0.00449994206 -0.0519257747 0.000701163022 -0.00449994206 -0.0519257747 0.000701163197 -0.007999897 -0.0519257747 0.000701163022 -0.00449994206 -0.0520182587 0.000356006203 -0.007999897 -0.0520182587 0.000356006203 -0.007999897 -0.0519257747 0.000701163022 -0.00449994206 -0.0520182587 0.000356006058 -0.00449994206 -0.0520182587 0.000356006203 -0.007999897 -0.0520182587 0.000356006058 -0.00449994206 -0.0520494021 3.08668717e-08 -0.007999897 -0.0520494021 3.08668717e-08 -0.007999897 -0.0520182587 0.000356006058 -0.00449994206 -0.0520494021 3.07138848e-08 -0.00449994206 -0.0520494021 3.08668717e-08 -0.007999897 -0.0520494021 3.07138848e-08 -0.00449994206 -0.0520182587 -0.000355944474 -0.007999897 -0.0520182587 -0.000355944474 -0.007999897 -0.0520494021 3.07138848e-08 -0.00449994206 -0.0520182587 -0.00035594462 -0.00449994206 -0.0520182587 -0.000355944474 -0.007999897 -0.0520182587 -0.00035594462 -0.00449994206 -0.0519257747 -0.000701101439 -0.007999897 -0.0519257747 -0.000701101439 -0.007999897 -0.0520182587 -0.00035594462 -0.00449994206 -0.0519257747 -0.000701101613 -0.00449994206 -0.0519257747 -0.000701101439 -0.007999897 -0.0519257747 -0.000701101613 -0.00449994206 -0.0517747588 -0.00102495751 -0.007999897 -0.0517747588 -0.00102495751 -0.007999897 -0.0519257747 -0.000701101613 -0.00449994206 -0.0517747588 -0.00102495763 -0.00449994206 -0.0517747588 -0.00102495751 -0.007999897 -0.0517747588 -0.00102495763 -0.00449994206 -0.0515698008 -0.00131767069 -0.007999897 -0.0515698008 -0.00131767069 -0.007999897 -0.0517747588 -0.00102495763 -0.00449994206 -0.0515698008 -0.0013176708 -0.00449994206 -0.0515698008 -0.00131767069 -0.007999897 -0.0515698008 -0.0013176708 -0.00449994206 -0.0513171293 -0.00157033768 -0.007999897 -0.0513171293 -0.00157033768 -0.007999897 -0.0515698008 -0.0013176708 -0.00449994206 -0.0513171293 -0.0015703378 -0.00449994206 -0.0513171293 -0.00157033768 -0.007999897 -0.0513171293 -0.0015703378 -0.00449994206 -0.0510244183 -0.00177529873 -0.007999897 -0.0510244183 -0.00177529873 -0.007999897 -0.0513171293 -0.0015703378 -0.00449994206 -0.0510244183 -0.00177529885 -0.00449994206 -0.0510244183 -0.00177529873 -0.007999897 -0.0510244183 -0.00177529885 -0.00449994206 -0.0507005639 -0.00192631304 -0.007999897 -0.0507005639 -0.00192631304 -0.007999897 -0.0510244183 -0.00177529885 -0.00449994206 -0.0507005639 -0.00192631315 -0.00449994206 -0.0507005639 -0.00192631304 -0.007999897 -0.0507005639 -0.00192631315 -0.00449994206 -0.0503554046 -0.0020188028 -0.007999897 -0.0503554046 -0.0020188028 -0.007999897 -0.0507005639 -0.00192631315 -0.00449994206 -0.0503554046 -0.00201880303 -0.00449994206 -0.0503554046 -0.0020188028 -0.007999897 -0.0503554046 -0.00201880303 -0.00449994206 -0.0499994308 -0.00204994576 -0.007999897 -0.0499994308 -0.00204994576 -0.007999897 -0.0503554046 -0.00201880303 -0.00449994206 -0.0499994308 -0.00204994599 -0.00449994206 -0.0499994308 -0.00204994576 -0.007999897 -0.0499994308 -0.00204994599 -0.00449994206 -0.0496434569 -0.0020188028 -0.007999897 -0.0496434569 -0.0020188028 -0.007999897 -0.0499994308 -0.00204994599 -0.00449994206 -0.0496434569 -0.00201880303 -0.00449994206 -0.0496434569 -0.0020188028 -0.007999897 -0.0496434569 -0.00201880303 -0.00449994206 -0.0492983013 -0.00192631304 -0.007999897 -0.0492983013 -0.00192631304 -0.007999897 -0.0496434569 -0.00201880303 -0.00449994206 -0.0492983013 -0.00192631315 -0.00449994206 -0.0492983013 -0.00192631304 -0.007999897 -0.0492983013 -0.00192631315 -0.00449994206 -0.0489744432 -0.00177529873 -0.007999897 -0.0489744432 -0.00177529873 -0.007999897 -0.0492983013 -0.00192631315 -0.00449994206 -0.0489744432 -0.00177529885 -0.00449994206 -0.0489744432 -0.00177529873 -0.007999897 -0.0489744432 -0.00177529885 -0.00449994206 -0.0486817323 -0.00157033768 -0.007999897 -0.0486817323 -0.00157033768 -0.007999897 -0.0489744432 -0.00177529885 -0.00449994206 -0.0486817323 -0.0015703378 -0.00449994206 -0.0486817323 -0.00157033768 -0.007999897 -0.0486817323 -0.0015703378 -0.00449994206 -0.0484290607 -0.00131767069 -0.007999897 -0.0484290607 -0.00131767069 -0.007999897 -0.0486817323 -0.0015703378 -0.00449994206 -0.0484290607 -0.0013176708 -0.00449994206 -0.0484290607 -0.00131767069 -0.007999897 -0.0484290607 -0.0013176708 -0.00449994206 -0.0482241027 -0.00102495751 -0.007999897 -0.0482241027 -0.00102495751 -0.007999897 -0.0484290607 -0.0013176708 -0.00449994206 -0.0482241027 -0.00102495763 -0.00449994206 -0.0482241027 -0.00102495751 -0.007999897 -0.0482241027 -0.00102495763 -0.00449994206 -0.0480730869 -0.000701101439 -0.007999897 -0.0480730869 -0.000701101439 -0.007999897 -0.0482241027 -0.00102495763 -0.00449994206 -0.0480730869 -0.000701101613 -0.00449994206 -0.0480730869 -0.000701101439 -0.007999897 -0.0480730869 -0.000701101613 -0.00449994206 -0.0479806028 -0.000355944474 -0.007999897 -0.0479806028 -0.000355944474 -0.007999897 -0.0480730869 -0.000701101613 -0.00449994206 -0.0479806028 -0.00035594462 -0.00449994206 -0.0479806028 -0.000355944474 -0.007999897 -0.0479806028 -0.00035594462 -0.00449994206 -0.0479494557 3.08668717e-08 -0.007999897 -0.0479494557 3.08668717e-08 -0.007999897 -0.0479806028 -0.00035594462 -0.00449994206 -0.0479494557 3.07138848e-08 -0.00449994206 -0.0496434569 0.00201885705 -0.00449994206 -0.0493048467 0.00393921183 -0.00449994206 -0.0499994308 0.00204999978 -0.00449994206 -0.0499994308 0.00204999978 -0.00449994206 -0.0493048467 0.00393921183 -0.00449994206 -0.0499994308 0.00399997924 -0.00449994206 -0.0499994308 0.00204999978 -0.00449994206 -0.0499994308 0.00399997924 -0.00449994206 -0.0503554046 0.00201885705 -0.00449994206 -0.0503554046 0.00201885705 -0.00449994206 -0.0499994308 0.00399997924 -0.00449994206 -0.0506940149 0.00393921183 -0.00449994206 -0.0503554046 0.00201885705 -0.00449994206 -0.0506940149 0.00393921183 -0.00449994206 -0.0507005639 0.00192637462 -0.00449994206 -0.0507005639 0.00192637462 -0.00449994206 -0.0506940149 0.00393921183 -0.00449994206 -0.0513674952 0.00375874853 -0.00449994206 -0.0507005639 0.00192637462 -0.00449994206 -0.0513674952 0.00375874853 -0.00449994206 -0.0510244183 0.00177536032 -0.00449994206 -0.0510244183 0.00177536032 -0.00449994206 -0.0513674952 0.00375874853 -0.00449994206 -0.051999405 0.00346408994 -0.00449994206 -0.0510244183 0.00177536032 -0.00449994206 -0.051999405 0.00346408994 -0.00449994206 -0.0513171293 0.00157039927 -0.00449994206 -0.0513171293 0.00157039927 -0.00449994206 -0.051999405 0.00346408994 -0.00449994206 -0.0525705516 0.00306416978 -0.00449994206 -0.0513171293 0.00157039927 -0.00449994206 -0.0525705516 0.00306416978 -0.00449994206 -0.0515698008 0.0013177247 -0.00449994206 -0.0515698008 0.0013177247 -0.00449994206 -0.0525705516 0.00306416978 -0.00449994206 -0.0530635715 0.0025711495 -0.00449994206 -0.0515698008 0.0013177247 -0.00449994206 -0.0530635715 0.0025711495 -0.00449994206 -0.0517747588 0.0010250191 -0.00449994206 -0.0517747588 0.0010250191 -0.00449994206 -0.0530635715 0.0025711495 -0.00449994206 -0.0534634851 0.00200000498 -0.00449994206 -0.0517747588 0.0010250191 -0.00449994206 -0.0534634851 0.00200000498 -0.00449994206 -0.0519257747 0.000701163022 -0.00449994206 -0.0519257747 0.000701163022 -0.00449994206 -0.0534634851 0.00200000498 -0.00449994206 -0.0537581556 0.0013680933 -0.00449994206 -0.0519257747 0.000701163022 -0.00449994206 -0.0537581556 0.0013680933 -0.00449994206 -0.0520182587 0.000356006058 -0.00449994206 -0.0520182587 0.000356006058 -0.00449994206 -0.0537581556 0.0013680933 -0.00449994206 -0.0539386123 0.000694617105 -0.00449994206 -0.0520182587 0.000356006058 -0.00449994206 -0.0539386123 0.000694617105 -0.00449994206 -0.0520494021 3.07138848e-08 -0.00449994206 -0.0520494021 3.07138848e-08 -0.00449994206 -0.0539386123 0.000694617105 -0.00449994206 -0.0539993793 3.07138848e-08 -0.00449994206 -0.0520494021 3.07138848e-08 -0.00449994206 -0.0539993793 3.07138848e-08 -0.00449994206 -0.0520182587 -0.00035594462 -0.00449994206 -0.0520182587 -0.00035594462 -0.00449994206 -0.0539993793 3.07138848e-08 -0.00449994206 -0.0539386123 -0.000694555696 -0.00449994206 -0.0520182587 -0.00035594462 -0.00449994206 -0.0539386123 -0.000694555696 -0.00449994206 -0.0519257747 -0.000701101613 -0.00449994206 -0.0519257747 -0.000701101613 -0.00449994206 -0.0539386123 -0.000694555696 -0.00449994206 -0.0537581556 -0.00136803172 -0.00449994206 -0.0519257747 -0.000701101613 -0.00449994206 -0.0537581556 -0.00136803172 -0.00449994206 -0.0517747588 -0.00102495763 -0.00449994206 -0.0517747588 -0.00102495763 -0.00449994206 -0.0537581556 -0.00136803172 -0.00449994206 -0.0534634851 -0.00199994352 -0.00449994206 -0.0517747588 -0.00102495763 -0.00449994206 -0.0534634851 -0.00199994352 -0.00449994206 -0.0515698008 -0.0013176708 -0.00449994206 -0.0515698008 -0.0013176708 -0.00449994206 -0.0534634851 -0.00199994352 -0.00449994206 -0.0530635715 -0.0025710878 -0.00449994206 -0.0515698008 -0.0013176708 -0.00449994206 -0.0530635715 -0.0025710878 -0.00449994206 -0.0513171293 -0.0015703378 -0.00449994206 -0.0513171293 -0.0015703378 -0.00449994206 -0.0530635715 -0.0025710878 -0.00449994206 -0.0525705516 -0.00306410831 -0.00449994206 -0.0513171293 -0.0015703378 -0.00449994206 -0.0525705516 -0.00306410831 -0.00449994206 -0.0510244183 -0.00177529885 -0.00449994206 -0.0510244183 -0.00177529885 -0.00449994206 -0.0525705516 -0.00306410831 -0.00449994206 -0.051999405 -0.00346402824 -0.00449994206 -0.0510244183 -0.00177529885 -0.00449994206 -0.051999405 -0.00346402824 -0.00449994206 -0.0507005639 -0.00192631315 -0.00449994206 -0.0507005639 -0.00192631315 -0.00449994206 -0.051999405 -0.00346402824 -0.00449994206 -0.0513674952 -0.00375869474 -0.00449994206 -0.0507005639 -0.00192631315 -0.00449994206 -0.0513674952 -0.00375869474 -0.00449994206 -0.0503554046 -0.00201880303 -0.00449994206 -0.0503554046 -0.00201880303 -0.00449994206 -0.0513674952 -0.00375869474 -0.00449994206 -0.0506940149 -0.00393915083 -0.00449994206 -0.0503554046 -0.00201880303 -0.00449994206 -0.0506940149 -0.00393915083 -0.00449994206 -0.0499994308 -0.00204994599 -0.00449994206 -0.0499994308 -0.00204994599 -0.00449994206 -0.0506940149 -0.00393915083 -0.00449994206 -0.0499994308 -0.00399991777 -0.00449994206 -0.0499994308 -0.00204994599 -0.00449994206 -0.0499994308 -0.00399991777 -0.00449994206 -0.0496434569 -0.00201880303 -0.00449994206 -0.0496434569 -0.00201880303 -0.00449994206 -0.0499994308 -0.00399991777 -0.00449994206 -0.0493048467 -0.00393915083 -0.00449994206 -0.0496434569 -0.00201880303 -0.00449994206 -0.0493048467 -0.00393915083 -0.00449994206 -0.0492983013 -0.00192631315 -0.00449994206 -0.0492983013 -0.00192631315 -0.00449994206 -0.0493048467 -0.00393915083 -0.00449994206 -0.0486313663 -0.00375869474 -0.00449994206 -0.0492983013 -0.00192631315 -0.00449994206 -0.0486313663 -0.00375869474 -0.00449994206 -0.0489744432 -0.00177529885 -0.00449994206 -0.0489744432 -0.00177529885 -0.00449994206 -0.0486313663 -0.00375869474 -0.00449994206 -0.0479994565 -0.00346402824 -0.00449994206 -0.0489744432 -0.00177529885 -0.00449994206 -0.0479994565 -0.00346402824 -0.00449994206 -0.0486817323 -0.0015703378 -0.00449994206 -0.0486817323 -0.0015703378 -0.00449994206 -0.0479994565 -0.00346402824 -0.00449994206 -0.0474283136 -0.00306410831 -0.00449994206 -0.0486817323 -0.0015703378 -0.00449994206 -0.0474283136 -0.00306410831 -0.00449994206 -0.0484290607 -0.0013176708 -0.00449994206 -0.0484290607 -0.0013176708 -0.00449994206 -0.0474283136 -0.00306410831 -0.00449994206 -0.0469352938 -0.0025710878 -0.00449994206 -0.0484290607 -0.0013176708 -0.00449994206 -0.0469352938 -0.0025710878 -0.00449994206 -0.0482241027 -0.00102495763 -0.00449994206 -0.0482241027 -0.00102495763 -0.00449994206 -0.0469352938 -0.0025710878 -0.00449994206 -0.0465353727 -0.00199994352 -0.00449994206 -0.0482241027 -0.00102495763 -0.00449994206 -0.0465353727 -0.00199994352 -0.00449994206 -0.0480730869 -0.000701101613 -0.00449994206 -0.0480730869 -0.000701101613 -0.00449994206 -0.0465353727 -0.00199994352 -0.00449994206 -0.0462407097 -0.00136803172 -0.00449994206 -0.0480730869 -0.000701101613 -0.00449994206 -0.0462407097 -0.00136803172 -0.00449994206 -0.0479806028 -0.00035594462 -0.00449994206 -0.0479806028 -0.00035594462 -0.00449994206 -0.0462407097 -0.00136803172 -0.00449994206 -0.0460602529 -0.000694555696 -0.00449994206 -0.0479806028 -0.00035594462 -0.00449994206 -0.0460602529 -0.000694555696 -0.00449994206 -0.0479494557 3.07138848e-08 -0.00449994206 -0.0479494557 3.07138848e-08 -0.00449994206 -0.0460602529 -0.000694555696 -0.00449994206 -0.0459994823 3.07138848e-08 -0.00449994206 -0.0479494557 3.07138848e-08 -0.00449994206 -0.0459994823 3.07138848e-08 -0.00449994206 -0.0479806028 0.000356006058 -0.00449994206 -0.0479806028 0.000356006058 -0.00449994206 -0.0459994823 3.07138848e-08 -0.00449994206 -0.0460602529 0.000694617105 -0.00449994206 -0.0479806028 0.000356006058 -0.00449994206 -0.0460602529 0.000694617105 -0.00449994206 -0.0480730869 0.000701163022 -0.00449994206 -0.0480730869 0.000701163022 -0.00449994206 -0.0460602529 0.000694617105 -0.00449994206 -0.0462407097 0.0013680933 -0.00449994206 -0.0480730869 0.000701163022 -0.00449994206 -0.0462407097 0.0013680933 -0.00449994206 -0.0482241027 0.0010250191 -0.00449994206 -0.0482241027 0.0010250191 -0.00449994206 -0.0462407097 0.0013680933 -0.00449994206 -0.0465353727 0.00200000498 -0.00449994206 -0.0482241027 0.0010250191 -0.00449994206 -0.0465353727 0.00200000498 -0.00449994206 -0.0484290607 0.0013177247 -0.00449994206 -0.0484290607 0.0013177247 -0.00449994206 -0.0465353727 0.00200000498 -0.00449994206 -0.0469352938 0.0025711495 -0.00449994206 -0.0484290607 0.0013177247 -0.00449994206 -0.0469352938 0.0025711495 -0.00449994206 -0.0486817323 0.00157039927 -0.00449994206 -0.0486817323 0.00157039927 -0.00449994206 -0.0469352938 0.0025711495 -0.00449994206 -0.0474283136 0.00306416978 -0.00449994206 -0.0486817323 0.00157039927 -0.00449994206 -0.0474283136 0.00306416978 -0.00449994206 -0.0489744432 0.00177536032 -0.00449994206 -0.0489744432 0.00177536032 -0.00449994206 -0.0474283136 0.00306416978 -0.00449994206 -0.0479994565 0.00346408994 -0.00449994206 -0.0489744432 0.00177536032 -0.00449994206 -0.0479994565 0.00346408994 -0.00449994206 -0.0492983013 0.00192637462 -0.00449994206 -0.0492983013 0.00192637462 -0.00449994206 -0.0479994565 0.00346408994 -0.00449994206 -0.0486313663 0.00375874853 -0.00449994206 -0.0492983013 0.00192637462 -0.00449994206 -0.0486313663 0.00375874853 -0.00449994206 -0.0496434569 0.00201885705 -0.00449994206 -0.0496434569 0.00201885705 -0.00449994206 -0.0486313663 0.00375874853 -0.00449994206 -0.0493048467 0.00393921183 -0.00449994206 -0.0459994823 3.07138848e-08 -0.00449994206 -0.0459994823 3.05171852e-08 1.33394857e-15 -0.0460602529 0.000694617105 -0.00449994206 -0.0460602529 0.000694617105 -0.00449994206 -0.0459994823 3.05171852e-08 1.33394857e-15 -0.0460602529 0.000694616931 3.03626707e-11 -0.0460602529 0.000694617105 -0.00449994206 -0.0460602529 0.000694616931 3.03626707e-11 -0.0462407097 0.0013680933 -0.00449994206 -0.0462407097 0.0013680933 -0.00449994206 -0.0460602529 0.000694616931 3.03626707e-11 -0.0462407097 0.00136809307 5.98012473e-11 -0.0462407097 0.0013680933 -0.00449994206 -0.0462407097 0.00136809307 5.98012473e-11 -0.0465353727 0.00200000498 -0.00449994206 -0.0465353727 0.00200000498 -0.00449994206 -0.0462407097 0.00136809307 5.98012473e-11 -0.0465353727 0.00200000475 8.74229855e-11 -0.0465353727 0.00200000498 -0.00449994206 -0.0465353727 0.00200000475 8.74229855e-11 -0.0469352938 0.0025711495 -0.00449994206 -0.0469352938 0.0025711495 -0.00449994206 -0.0465353727 0.00200000475 8.74229855e-11 -0.0469352938 0.00257114926 1.12388501e-10 -0.0469352938 0.0025711495 -0.00449994206 -0.0469352938 0.00257114926 1.12388501e-10 -0.0474283136 0.00306416978 -0.00449994206 -0.0474283136 0.00306416978 -0.00449994206 -0.0469352938 0.00257114926 1.12388501e-10 -0.0474283136 0.00306416955 1.3393911e-10 -0.0474283136 0.00306416978 -0.00449994206 -0.0474283136 0.00306416955 1.3393911e-10 -0.0479994565 0.00346408994 -0.00449994206 -0.0479994565 0.00346408994 -0.00449994206 -0.0474283136 0.00306416955 1.3393911e-10 -0.0479994565 0.00346408971 1.51420168e-10 -0.0479994565 0.00346408994 -0.00449994206 -0.0479994565 0.00346408971 1.51420168e-10 -0.0486313663 0.00375874853 -0.00449994206 -0.0486313663 0.00375874853 -0.00449994206 -0.0479994565 0.00346408971 1.51420168e-10 -0.0486313663 0.00375874829 1.64300115e-10 -0.0486313663 0.00375874853 -0.00449994206 -0.0486313663 0.00375874829 1.64300115e-10 -0.0493048467 0.00393921183 -0.00449994206 -0.0493048467 0.00393921183 -0.00449994206 -0.0486313663 0.00375874829 1.64300115e-10 -0.0493048467 0.00393921183 1.72188416e-10 -0.0493048467 0.00393921183 -0.00449994206 -0.0493048467 0.00393921183 1.72188416e-10 -0.0499994308 0.00399997924 -0.00449994206 -0.0499994308 0.00399997924 -0.00449994206 -0.0493048467 0.00393921183 1.72188416e-10 -0.0499994308 0.00399997924 1.74844639e-10 -0.0499994308 0.00399997924 -0.00449994206 -0.0499994308 0.00399997924 1.74844639e-10 -0.0506940149 0.00393921183 -0.00449994206 -0.0506940149 0.00393921183 -0.00449994206 -0.0499994308 0.00399997924 1.74844639e-10 -0.0506940149 0.00393921183 1.72188416e-10 -0.0506940149 0.00393921183 -0.00449994206 -0.0506940149 0.00393921183 1.72188416e-10 -0.0513674952 0.00375874853 -0.00449994206 -0.0513674952 0.00375874853 -0.00449994206 -0.0506940149 0.00393921183 1.72188416e-10 -0.0513674952 0.00375874829 1.64300115e-10 -0.0513674952 0.00375874853 -0.00449994206 -0.0513674952 0.00375874829 1.64300115e-10 -0.051999405 0.00346408994 -0.00449994206 -0.051999405 0.00346408994 -0.00449994206 -0.0513674952 0.00375874829 1.64300115e-10 -0.051999405 0.00346408971 1.51420168e-10 -0.051999405 0.00346408994 -0.00449994206 -0.051999405 0.00346408971 1.51420168e-10 -0.0525705516 0.00306416978 -0.00449994206 -0.0525705516 0.00306416978 -0.00449994206 -0.051999405 0.00346408971 1.51420168e-10 -0.0525705516 0.00306416955 1.3393911e-10 -0.0525705516 0.00306416978 -0.00449994206 -0.0525705516 0.00306416955 1.3393911e-10 -0.0530635715 0.0025711495 -0.00449994206 -0.0530635715 0.0025711495 -0.00449994206 -0.0525705516 0.00306416955 1.3393911e-10 -0.0530635715 0.00257114926 1.12388501e-10 -0.0530635715 0.0025711495 -0.00449994206 -0.0530635715 0.00257114926 1.12388501e-10 -0.0534634851 0.00200000498 -0.00449994206 -0.0534634851 0.00200000498 -0.00449994206 -0.0530635715 0.00257114926 1.12388501e-10 -0.0534634851 0.00200000475 8.74229855e-11 -0.0534634851 0.00200000498 -0.00449994206 -0.0534634851 0.00200000475 8.74229855e-11 -0.0537581556 0.0013680933 -0.00449994206 -0.0537581556 0.0013680933 -0.00449994206 -0.0534634851 0.00200000475 8.74229855e-11 -0.0537581556 0.00136809307 5.98012473e-11 -0.0537581556 0.0013680933 -0.00449994206 -0.0537581556 0.00136809307 5.98012473e-11 -0.0539386123 0.000694617105 -0.00449994206 -0.0539386123 0.000694617105 -0.00449994206 -0.0537581556 0.00136809307 5.98012473e-11 -0.0539386123 0.000694616931 3.03626707e-11 -0.0539386123 0.000694617105 -0.00449994206 -0.0539386123 0.000694616931 3.03626707e-11 -0.0539993793 3.07138848e-08 -0.00449994206 -0.0539993793 3.07138848e-08 -0.00449994206 -0.0539386123 0.000694616931 3.03626707e-11 -0.0539993793 3.05171852e-08 1.33394857e-15 -0.0539993793 3.07138848e-08 -0.00449994206 -0.0539993793 3.05171852e-08 1.33394857e-15 -0.0539386123 -0.000694555696 -0.00449994206 -0.0539386123 -0.000694555696 -0.00449994206 -0.0539993793 3.05171852e-08 1.33394857e-15 -0.0539386123 -0.000694555871 -3.03600027e-11 -0.0539386123 -0.000694555696 -0.00449994206 -0.0539386123 -0.000694555871 -3.03600027e-11 -0.0537581556 -0.00136803172 -0.00449994206 -0.0537581556 -0.00136803172 -0.00449994206 -0.0539386123 -0.000694555871 -3.03600027e-11 -0.0537581556 -0.00136803195 -5.97985828e-11 -0.0537581556 -0.00136803172 -0.00449994206 -0.0537581556 -0.00136803195 -5.97985828e-11 -0.0534634851 -0.00199994352 -0.00449994206 -0.0534634851 -0.00199994352 -0.00449994206 -0.0537581556 -0.00136803195 -5.97985828e-11 -0.0534634851 -0.00199994375 -8.7420321e-11 -0.0534634851 -0.00199994352 -0.00449994206 -0.0534634851 -0.00199994375 -8.7420321e-11 -0.0530635715 -0.0025710878 -0.00449994206 -0.0530635715 -0.0025710878 -0.00449994206 -0.0534634851 -0.00199994375 -8.7420321e-11 -0.0530635715 -0.00257108803 -1.12385837e-10 -0.0530635715 -0.0025710878 -0.00449994206 -0.0530635715 -0.00257108803 -1.12385837e-10 -0.0525705516 -0.00306410831 -0.00449994206 -0.0525705516 -0.00306410831 -0.00449994206 -0.0530635715 -0.00257108803 -1.12385837e-10 -0.0525705516 -0.00306410855 -1.33936445e-10 -0.0525705516 -0.00306410831 -0.00449994206 -0.0525705516 -0.00306410855 -1.33936445e-10 -0.051999405 -0.00346402824 -0.00449994206 -0.051999405 -0.00346402824 -0.00449994206 -0.0525705516 -0.00306410855 -1.33936445e-10 -0.051999405 -0.00346402847 -1.51417504e-10 -0.051999405 -0.00346402824 -0.00449994206 -0.051999405 -0.00346402847 -1.51417504e-10 -0.0513674952 -0.00375869474 -0.00449994206 -0.0513674952 -0.00375869474 -0.00449994206 -0.051999405 -0.00346402847 -1.51417504e-10 -0.0513674952 -0.00375869498 -1.6429777e-10 -0.0513674952 -0.00375869474 -0.00449994206 -0.0513674952 -0.00375869498 -1.6429777e-10 -0.0506940149 -0.00393915083 -0.00449994206 -0.0506940149 -0.00393915083 -0.00449994206 -0.0513674952 -0.00375869498 -1.6429777e-10 -0.0506940149 -0.00393915083 -1.72185752e-10 -0.0506940149 -0.00393915083 -0.00449994206 -0.0506940149 -0.00393915083 -1.72185752e-10 -0.0499994308 -0.00399991777 -0.00449994206 -0.0499994308 -0.00399991777 -0.00449994206 -0.0506940149 -0.00393915083 -1.72185752e-10 -0.0499994308 -0.00399991777 -1.74841974e-10 -0.0499994308 -0.00399991777 -0.00449994206 -0.0499994308 -0.00399991777 -1.74841974e-10 -0.0493048467 -0.00393915083 -0.00449994206 -0.0493048467 -0.00393915083 -0.00449994206 -0.0499994308 -0.00399991777 -1.74841974e-10 -0.0493048467 -0.00393915083 -1.72185752e-10 -0.0493048467 -0.00393915083 -0.00449994206 -0.0493048467 -0.00393915083 -1.72185752e-10 -0.0486313663 -0.00375869474 -0.00449994206 -0.0486313663 -0.00375869474 -0.00449994206 -0.0493048467 -0.00393915083 -1.72185752e-10 -0.0486313663 -0.00375869498 -1.6429777e-10 -0.0486313663 -0.00375869474 -0.00449994206 -0.0486313663 -0.00375869498 -1.6429777e-10 -0.0479994565 -0.00346402824 -0.00449994206 -0.0479994565 -0.00346402824 -0.00449994206 -0.0486313663 -0.00375869498 -1.6429777e-10 -0.0479994565 -0.00346402847 -1.51417504e-10 -0.0479994565 -0.00346402824 -0.00449994206 -0.0479994565 -0.00346402847 -1.51417504e-10 -0.0474283136 -0.00306410831 -0.00449994206 -0.0474283136 -0.00306410831 -0.00449994206 -0.0479994565 -0.00346402847 -1.51417504e-10 -0.0474283136 -0.00306410855 -1.33936445e-10 -0.0474283136 -0.00306410831 -0.00449994206 -0.0474283136 -0.00306410855 -1.33936445e-10 -0.0469352938 -0.0025710878 -0.00449994206 -0.0469352938 -0.0025710878 -0.00449994206 -0.0474283136 -0.00306410855 -1.33936445e-10 -0.0469352938 -0.00257108803 -1.12385837e-10 -0.0469352938 -0.0025710878 -0.00449994206 -0.0469352938 -0.00257108803 -1.12385837e-10 -0.0465353727 -0.00199994352 -0.00449994206 -0.0465353727 -0.00199994352 -0.00449994206 -0.0469352938 -0.00257108803 -1.12385837e-10 -0.0465353727 -0.00199994375 -8.7420321e-11 -0.0465353727 -0.00199994352 -0.00449994206 -0.0465353727 -0.00199994375 -8.7420321e-11 -0.0462407097 -0.00136803172 -0.00449994206 -0.0462407097 -0.00136803172 -0.00449994206 -0.0465353727 -0.00199994375 -8.7420321e-11 -0.0462407097 -0.00136803195 -5.97985828e-11 -0.0462407097 -0.00136803172 -0.00449994206 -0.0462407097 -0.00136803195 -5.97985828e-11 -0.0460602529 -0.000694555696 -0.00449994206 -0.0460602529 -0.000694555696 -0.00449994206 -0.0462407097 -0.00136803195 -5.97985828e-11 -0.0460602529 -0.000694555871 -3.03600027e-11 -0.0460602529 -0.000694555696 -0.00449994206 -0.0460602529 -0.000694555871 -3.03600027e-11 -0.0459994823 3.07138848e-08 -0.00449994206 -0.0459994823 3.07138848e-08 -0.00449994206 -0.0460602529 -0.000694555871 -3.03600027e-11 -0.0459994823 3.05171852e-08 1.33394857e-15 -0.00192642026 -0.0492981933 -0.00449994439 -0.00375879416 -0.0486312546 -0.00449994439 -0.00201890245 -0.0496433564 -0.00449994439 -0.00201890245 -0.0496433564 -0.00449994439 -0.00375879416 -0.0486312546 -0.00449994439 -0.00393925747 -0.0493047386 -0.00449994439 -0.00201890245 -0.0496433564 -0.00449994439 -0.00393925747 -0.0493047386 -0.00449994439 -0.00205004541 -0.0499993265 -0.00449994439 -0.00205004541 -0.0499993265 -0.00449994439 -0.00393925747 -0.0493047386 -0.00449994439 -0.00400002487 -0.0499993265 -0.00449994439 -0.00205004541 -0.0499993265 -0.00449994439 -0.00400002487 -0.0499993265 -0.00449994439 -0.00201890245 -0.0503552929 -0.00449994439 -0.00201890245 -0.0503552929 -0.00449994439 -0.00400002487 -0.0499993265 -0.00449994439 -0.00393925747 -0.0506939106 -0.00449994439 -0.00201890245 -0.0503552929 -0.00449994439 -0.00393925747 -0.0506939106 -0.00449994439 -0.00192642026 -0.0507004596 -0.00449994439 -0.00192642026 -0.0507004596 -0.00449994439 -0.00393925747 -0.0506939106 -0.00449994439 -0.00375879416 -0.0513673946 -0.00449994439 -0.00192642026 -0.0507004596 -0.00449994439 -0.00375879416 -0.0513673946 -0.00449994439 -0.00177540595 -0.0510243066 -0.00449994439 -0.00177540595 -0.0510243066 -0.00449994439 -0.00375879416 -0.0513673946 -0.00449994439 -0.00346413534 -0.0519993007 -0.00449994439 -0.00177540595 -0.0510243066 -0.00449994439 -0.00346413534 -0.0519993007 -0.00449994439 -0.0015704449 -0.0513170287 -0.00449994439 -0.0015704449 -0.0513170287 -0.00449994439 -0.00346413534 -0.0519993007 -0.00449994439 -0.00306421542 -0.0525704436 -0.00449994439 -0.0015704449 -0.0513170287 -0.00449994439 -0.00306421542 -0.0525704436 -0.00449994439 -0.00131777022 -0.0515696928 -0.00449994439 -0.00131777022 -0.0515696928 -0.00449994439 -0.00306421542 -0.0525704436 -0.00449994439 -0.0025711949 -0.0530634634 -0.00449994439 -0.00131777022 -0.0515696928 -0.00449994439 -0.0025711949 -0.0530634634 -0.00449994439 -0.00102506462 -0.0517746471 -0.00449994439 -0.00102506462 -0.0517746471 -0.00449994439 -0.0025711949 -0.0530634634 -0.00449994439 -0.00200005062 -0.0534633771 -0.00449994439 -0.00102506462 -0.0517746471 -0.00449994439 -0.00200005062 -0.0534633771 -0.00449994439 -0.000701208599 -0.0519256778 -0.00449994439 -0.000701208599 -0.0519256778 -0.00449994439 -0.00200005062 -0.0534633771 -0.00449994439 -0.00136813882 -0.0537580512 -0.00449994439 -0.000701208599 -0.0519256778 -0.00449994439 -0.00136813882 -0.0537580512 -0.00449994439 -0.000356051634 -0.0520181581 -0.00449994439 -0.000356051634 -0.0520181581 -0.00449994439 -0.00136813882 -0.0537580512 -0.00449994439 -0.000694662682 -0.0539385006 -0.00449994439 -0.000356051634 -0.0520181581 -0.00449994439 -0.000694662682 -0.0539385006 -0.00449994439 -7.62929631e-08 -0.0520493016 -0.00449994439 -7.62929631e-08 -0.0520493016 -0.00449994439 -0.000694662682 -0.0539385006 -0.00449994439 -7.62929631e-08 -0.053999275 -0.00449994439 -7.62929631e-08 -0.0520493016 -0.00449994439 -7.62929631e-08 -0.053999275 -0.00449994439 0.000355899043 -0.0520181581 -0.00449994439 0.000355899043 -0.0520181581 -0.00449994439 -7.62929631e-08 -0.053999275 -0.00449994439 0.00069451012 -0.0539385006 -0.00449994439 0.000355899043 -0.0520181581 -0.00449994439 0.00069451012 -0.0539385006 -0.00449994439 0.000701056037 -0.0519256778 -0.00449994439 0.000701056037 -0.0519256778 -0.00449994439 0.00069451012 -0.0539385006 -0.00449994439 0.0013679862 -0.0537580512 -0.00449994439 0.000701056037 -0.0519256778 -0.00449994439 0.0013679862 -0.0537580512 -0.00449994439 0.001024912 -0.0517746471 -0.00449994439 0.001024912 -0.0517746471 -0.00449994439 0.0013679862 -0.0537580512 -0.00449994439 0.00199989788 -0.0534633771 -0.00449994439 0.001024912 -0.0517746471 -0.00449994439 0.00199989788 -0.0534633771 -0.00449994439 0.00131762528 -0.0515696928 -0.00449994439 0.00131762528 -0.0515696928 -0.00449994439 0.00199989788 -0.0534633771 -0.00449994439 0.00257104239 -0.0530634634 -0.00449994439 0.00131762528 -0.0515696928 -0.00449994439 0.00257104239 -0.0530634634 -0.00449994439 0.00157029228 -0.0513170287 -0.00449994439 0.00157029228 -0.0513170287 -0.00449994439 0.00257104239 -0.0530634634 -0.00449994439 0.00306406268 -0.0525704436 -0.00449994439 0.00157029228 -0.0513170287 -0.00449994439 0.00306406268 -0.0525704436 -0.00449994439 0.00177525333 -0.0510243066 -0.00449994439 0.00177525333 -0.0510243066 -0.00449994439 0.00306406268 -0.0525704436 -0.00449994439 0.00346398284 -0.0519993007 -0.00449994439 0.00177525333 -0.0510243066 -0.00449994439 0.00346398284 -0.0519993007 -0.00449994439 0.00192626764 -0.0507004596 -0.00449994439 0.00192626764 -0.0507004596 -0.00449994439 0.00346398284 -0.0519993007 -0.00449994439 0.00375864911 -0.0513673946 -0.00449994439 0.00192626764 -0.0507004596 -0.00449994439 0.00375864911 -0.0513673946 -0.00449994439 0.00201875763 -0.0503552929 -0.00449994439 0.00201875763 -0.0503552929 -0.00449994439 0.00375864911 -0.0513673946 -0.00449994439 0.00393910473 -0.0506939106 -0.00449994439 0.00201875763 -0.0503552929 -0.00449994439 0.00393910473 -0.0506939106 -0.00449994439 0.00204990036 -0.0499993265 -0.00449994439 0.00204990036 -0.0499993265 -0.00449994439 0.00393910473 -0.0506939106 -0.00449994439 0.00399987213 -0.0499993265 -0.00449994439 0.00204990036 -0.0499993265 -0.00449994439 0.00399987213 -0.0499993265 -0.00449994439 0.00201875763 -0.0496433564 -0.00449994439 0.00201875763 -0.0496433564 -0.00449994439 0.00399987213 -0.0499993265 -0.00449994439 0.00393910473 -0.0493047386 -0.00449994439 0.00201875763 -0.0496433564 -0.00449994439 0.00393910473 -0.0493047386 -0.00449994439 0.00192626764 -0.0492981933 -0.00449994439 0.00192626764 -0.0492981933 -0.00449994439 0.00393910473 -0.0493047386 -0.00449994439 0.00375864911 -0.0486312546 -0.00449994439 0.00192626764 -0.0492981933 -0.00449994439 0.00375864911 -0.0486312546 -0.00449994439 0.00177525333 -0.0489743464 -0.00449994439 0.00177525333 -0.0489743464 -0.00449994439 0.00375864911 -0.0486312546 -0.00449994439 0.00346398284 -0.0479993522 -0.00449994439 0.00177525333 -0.0489743464 -0.00449994439 0.00346398284 -0.0479993522 -0.00449994439 0.00157029228 -0.0486816242 -0.00449994439 0.00157029228 -0.0486816242 -0.00449994439 0.00346398284 -0.0479993522 -0.00449994439 0.00306406268 -0.0474282056 -0.00449994393 0.00157029228 -0.0486816242 -0.00449994439 0.00306406268 -0.0474282056 -0.00449994393 0.00131762528 -0.0484289564 -0.00449994439 0.00131762528 -0.0484289564 -0.00449994439 0.00306406268 -0.0474282056 -0.00449994393 0.00257104239 -0.0469351858 -0.00449994393 0.00131762528 -0.0484289564 -0.00449994439 0.00257104239 -0.0469351858 -0.00449994393 0.001024912 -0.0482239872 -0.00449994439 0.001024912 -0.0482239872 -0.00449994439 0.00257104239 -0.0469351858 -0.00449994393 0.00199989788 -0.0465352759 -0.00449994393 0.001024912 -0.0482239872 -0.00449994439 0.00199989788 -0.0465352759 -0.00449994393 0.000701056037 -0.04807299 -0.00449994439 0.000701056037 -0.04807299 -0.00449994439 0.00199989788 -0.0465352759 -0.00449994393 0.0013679862 -0.0462406017 -0.00449994393 0.000701056037 -0.04807299 -0.00449994439 0.0013679862 -0.0462406017 -0.00449994393 0.000355899043 -0.0479804911 -0.00449994439 0.000355899043 -0.0479804911 -0.00449994439 0.0013679862 -0.0462406017 -0.00449994393 0.00069451012 -0.0460601524 -0.00449994393 0.000355899043 -0.0479804911 -0.00449994439 0.00069451012 -0.0460601524 -0.00449994393 -7.62929631e-08 -0.0479493476 -0.00449994439 -7.62929631e-08 -0.0479493476 -0.00449994439 0.00069451012 -0.0460601524 -0.00449994393 -7.62929631e-08 -0.045999378 -0.00449994393 -7.62929631e-08 -0.0479493476 -0.00449994439 -7.62929631e-08 -0.045999378 -0.00449994393 -0.000356051634 -0.0479804911 -0.00449994439 -0.000356051634 -0.0479804911 -0.00449994439 -7.62929631e-08 -0.045999378 -0.00449994393 -0.000694662682 -0.0460601524 -0.00449994393 -0.000356051634 -0.0479804911 -0.00449994439 -0.000694662682 -0.0460601524 -0.00449994393 -0.000701208599 -0.04807299 -0.00449994439 -0.000701208599 -0.04807299 -0.00449994439 -0.000694662682 -0.0460601524 -0.00449994393 -0.00136813882 -0.0462406017 -0.00449994393 -0.000701208599 -0.04807299 -0.00449994439 -0.00136813882 -0.0462406017 -0.00449994393 -0.00102506462 -0.0482239872 -0.00449994439 -0.00102506462 -0.0482239872 -0.00449994439 -0.00136813882 -0.0462406017 -0.00449994393 -0.00200005062 -0.0465352759 -0.00449994393 -0.00102506462 -0.0482239872 -0.00449994439 -0.00200005062 -0.0465352759 -0.00449994393 -0.00131777022 -0.0484289564 -0.00449994439 -0.00131777022 -0.0484289564 -0.00449994439 -0.00200005062 -0.0465352759 -0.00449994393 -0.0025711949 -0.0469351858 -0.00449994393 -0.00131777022 -0.0484289564 -0.00449994439 -0.0025711949 -0.0469351858 -0.00449994393 -0.0015704449 -0.0486816242 -0.00449994439 -0.0015704449 -0.0486816242 -0.00449994439 -0.0025711949 -0.0469351858 -0.00449994393 -0.00306421542 -0.0474282056 -0.00449994393 -0.0015704449 -0.0486816242 -0.00449994439 -0.00306421542 -0.0474282056 -0.00449994393 -0.00177540595 -0.0489743464 -0.00449994439 -0.00177540595 -0.0489743464 -0.00449994439 -0.00306421542 -0.0474282056 -0.00449994393 -0.00346413534 -0.0479993522 -0.00449994439 -0.00177540595 -0.0489743464 -0.00449994439 -0.00346413534 -0.0479993522 -0.00449994439 -0.00192642026 -0.0492981933 -0.00449994439 -0.00192642026 -0.0492981933 -0.00449994439 -0.00346413534 -0.0479993522 -0.00449994439 -0.00375879416 -0.0486312546 -0.00449994439 -7.62929631e-08 -0.045999378 -0.00449994393 -7.62929631e-08 -0.045999378 -2.01069672e-09 -0.000694662682 -0.0460601524 -0.00449994393 -0.000694662682 -0.0460601524 -0.00449994393 -7.62929631e-08 -0.045999378 -2.01069672e-09 -0.000694662682 -0.0460601524 -2.01335326e-09 -0.000694662682 -0.0460601524 -0.00449994393 -0.000694662682 -0.0460601524 -2.01335326e-09 -0.00136813882 -0.0462406017 -0.00449994393 -0.00136813882 -0.0462406017 -0.00449994393 -0.000694662682 -0.0460601524 -2.01335326e-09 -0.00136813882 -0.0462406017 -2.02124095e-09 -0.00136813882 -0.0462406017 -0.00449994393 -0.00136813882 -0.0462406017 -2.02124095e-09 -0.00200005062 -0.0465352759 -0.00449994393 -0.00200005062 -0.0465352759 -0.00449994393 -0.00136813882 -0.0462406017 -2.02124095e-09 -0.00200005062 -0.0465352759 -2.03412154e-09 -0.00200005062 -0.0465352759 -0.00449994393 -0.00200005062 -0.0465352759 -2.03412154e-09 -0.0025711949 -0.0469351858 -0.00449994393 -0.0025711949 -0.0469351858 -0.00449994393 -0.00200005062 -0.0465352759 -2.03412154e-09 -0.0025711949 -0.0469351858 -2.05160222e-09 -0.0025711949 -0.0469351858 -0.00449994393 -0.0025711949 -0.0469351858 -2.05160222e-09 -0.00306421542 -0.0474282056 -0.00449994393 -0.00306421542 -0.0474282056 -0.00449994393 -0.0025711949 -0.0469351858 -2.05160222e-09 -0.00306421542 -0.0474282056 -2.07315276e-09 -0.00306421542 -0.0474282056 -0.00449994393 -0.00306421542 -0.0474282056 -2.07315276e-09 -0.00346413534 -0.0479993522 -0.00449994439 -0.00346413534 -0.0479993522 -0.00449994439 -0.00306421542 -0.0474282056 -2.07315276e-09 -0.00346413534 -0.0479993522 -2.09811835e-09 -0.00346413534 -0.0479993522 -0.00449994439 -0.00346413534 -0.0479993522 -2.09811835e-09 -0.00375879416 -0.0486312546 -0.00449994439 -0.00375879416 -0.0486312546 -0.00449994439 -0.00346413534 -0.0479993522 -2.09811835e-09 -0.00375879416 -0.0486312546 -2.12573981e-09 -0.00375879416 -0.0486312546 -0.00449994439 -0.00375879416 -0.0486312546 -2.12573981e-09 -0.00393925747 -0.0493047386 -0.00449994439 -0.00393925747 -0.0493047386 -0.00449994439 -0.00375879416 -0.0486312546 -2.12573981e-09 -0.00393925747 -0.0493047386 -2.1551787e-09 -0.00393925747 -0.0493047386 -0.00449994439 -0.00393925747 -0.0493047386 -2.1551787e-09 -0.00400002487 -0.0499993265 -0.00449994439 -0.00400002487 -0.0499993265 -0.00449994439 -0.00393925747 -0.0493047386 -2.1551787e-09 -0.00400002487 -0.0499993265 -2.18553997e-09 -0.00400002487 -0.0499993265 -0.00449994439 -0.00400002487 -0.0499993265 -2.18553997e-09 -0.00393925747 -0.0506939106 -0.00449994439 -0.00393925747 -0.0506939106 -0.00449994439 -0.00400002487 -0.0499993265 -2.18553997e-09 -0.00393925747 -0.0506939106 -2.21590124e-09 -0.00393925747 -0.0506939106 -0.00449994439 -0.00393925747 -0.0506939106 -2.21590124e-09 -0.00375879416 -0.0513673946 -0.00449994439 -0.00375879416 -0.0513673946 -0.00449994439 -0.00393925747 -0.0506939106 -2.21590124e-09 -0.00375879416 -0.0513673946 -2.24534014e-09 -0.00375879416 -0.0513673946 -0.00449994439 -0.00375879416 -0.0513673946 -2.24534014e-09 -0.00346413534 -0.0519993007 -0.00449994439 -0.00346413534 -0.0519993007 -0.00449994439 -0.00375879416 -0.0513673946 -2.24534014e-09 -0.00346413534 -0.0519993007 -2.2729616e-09 -0.00346413534 -0.0519993007 -0.00449994439 -0.00346413534 -0.0519993007 -2.2729616e-09 -0.00306421542 -0.0525704436 -0.00449994439 -0.00306421542 -0.0525704436 -0.00449994439 -0.00346413534 -0.0519993007 -2.2729616e-09 -0.00306421542 -0.0525704436 -2.29792718e-09 -0.00306421542 -0.0525704436 -0.00449994439 -0.00306421542 -0.0525704436 -2.29792718e-09 -0.0025711949 -0.0530634634 -0.00449994439 -0.0025711949 -0.0530634634 -0.00449994439 -0.00306421542 -0.0525704436 -2.29792718e-09 -0.0025711949 -0.0530634634 -2.31947772e-09 -0.0025711949 -0.0530634634 -0.00449994439 -0.0025711949 -0.0530634634 -2.31947772e-09 -0.00200005062 -0.0534633771 -0.00449994439 -0.00200005062 -0.0534633771 -0.00449994439 -0.0025711949 -0.0530634634 -2.31947772e-09 -0.00200005062 -0.0534633771 -2.3369584e-09 -0.00200005062 -0.0534633771 -0.00449994439 -0.00200005062 -0.0534633771 -2.3369584e-09 -0.00136813882 -0.0537580512 -0.00449994439 -0.00136813882 -0.0537580512 -0.00449994439 -0.00200005062 -0.0534633771 -2.3369584e-09 -0.00136813882 -0.0537580512 -2.34983921e-09 -0.00136813882 -0.0537580512 -0.00449994439 -0.00136813882 -0.0537580512 -2.34983921e-09 -0.000694662682 -0.0539385006 -0.00449994439 -0.000694662682 -0.0539385006 -0.00449994439 -0.00136813882 -0.0537580512 -2.34983921e-09 -0.000694662682 -0.0539385006 -2.35772668e-09 -0.000694662682 -0.0539385006 -0.00449994439 -0.000694662682 -0.0539385006 -2.35772668e-09 -7.62929631e-08 -0.053999275 -0.00449994439 -7.62929631e-08 -0.053999275 -0.00449994439 -0.000694662682 -0.0539385006 -2.35772668e-09 -7.62929631e-08 -0.053999275 -2.36038322e-09 -7.62929631e-08 -0.053999275 -0.00449994439 -7.62929631e-08 -0.053999275 -2.36038322e-09 0.00069451012 -0.0539385006 -0.00449994439 0.00069451012 -0.0539385006 -0.00449994439 -7.62929631e-08 -0.053999275 -2.36038322e-09 0.00069451012 -0.0539385006 -2.35772668e-09 0.00069451012 -0.0539385006 -0.00449994439 0.00069451012 -0.0539385006 -2.35772668e-09 0.0013679862 -0.0537580512 -0.00449994439 0.0013679862 -0.0537580512 -0.00449994439 0.00069451012 -0.0539385006 -2.35772668e-09 0.0013679862 -0.0537580512 -2.34983921e-09 0.0013679862 -0.0537580512 -0.00449994439 0.0013679862 -0.0537580512 -2.34983921e-09 0.00199989788 -0.0534633771 -0.00449994439 0.00199989788 -0.0534633771 -0.00449994439 0.0013679862 -0.0537580512 -2.34983921e-09 0.00199989788 -0.0534633771 -2.3369584e-09 0.00199989788 -0.0534633771 -0.00449994439 0.00199989788 -0.0534633771 -2.3369584e-09 0.00257104239 -0.0530634634 -0.00449994439 0.00257104239 -0.0530634634 -0.00449994439 0.00199989788 -0.0534633771 -2.3369584e-09 0.00257104239 -0.0530634634 -2.31947772e-09 0.00257104239 -0.0530634634 -0.00449994439 0.00257104239 -0.0530634634 -2.31947772e-09 0.00306406268 -0.0525704436 -0.00449994439 0.00306406268 -0.0525704436 -0.00449994439 0.00257104239 -0.0530634634 -2.31947772e-09 0.00306406268 -0.0525704436 -2.29792718e-09 0.00306406268 -0.0525704436 -0.00449994439 0.00306406268 -0.0525704436 -2.29792718e-09 0.00346398284 -0.0519993007 -0.00449994439 0.00346398284 -0.0519993007 -0.00449994439 0.00306406268 -0.0525704436 -2.29792718e-09 0.00346398284 -0.0519993007 -2.2729616e-09 0.00346398284 -0.0519993007 -0.00449994439 0.00346398284 -0.0519993007 -2.2729616e-09 0.00375864911 -0.0513673946 -0.00449994439 0.00375864911 -0.0513673946 -0.00449994439 0.00346398284 -0.0519993007 -2.2729616e-09 0.00375864911 -0.0513673946 -2.24534014e-09 0.00375864911 -0.0513673946 -0.00449994439 0.00375864911 -0.0513673946 -2.24534014e-09 0.00393910473 -0.0506939106 -0.00449994439 0.00393910473 -0.0506939106 -0.00449994439 0.00375864911 -0.0513673946 -2.24534014e-09 0.00393910473 -0.0506939106 -2.21590124e-09 0.00393910473 -0.0506939106 -0.00449994439 0.00393910473 -0.0506939106 -2.21590124e-09 0.00399987213 -0.0499993265 -0.00449994439 0.00399987213 -0.0499993265 -0.00449994439 0.00393910473 -0.0506939106 -2.21590124e-09 0.00399987213 -0.0499993265 -2.18553997e-09 0.00399987213 -0.0499993265 -0.00449994439 0.00399987213 -0.0499993265 -2.18553997e-09 0.00393910473 -0.0493047386 -0.00449994439 0.00393910473 -0.0493047386 -0.00449994439 0.00399987213 -0.0499993265 -2.18553997e-09 0.00393910473 -0.0493047386 -2.1551787e-09 0.00393910473 -0.0493047386 -0.00449994439 0.00393910473 -0.0493047386 -2.1551787e-09 0.00375864911 -0.0486312546 -0.00449994439 0.00375864911 -0.0486312546 -0.00449994439 0.00393910473 -0.0493047386 -2.1551787e-09 0.00375864911 -0.0486312546 -2.12573981e-09 0.00375864911 -0.0486312546 -0.00449994439 0.00375864911 -0.0486312546 -2.12573981e-09 0.00346398284 -0.0479993522 -0.00449994439 0.00346398284 -0.0479993522 -0.00449994439 0.00375864911 -0.0486312546 -2.12573981e-09 0.00346398284 -0.0479993522 -2.09811835e-09 0.00346398284 -0.0479993522 -0.00449994439 0.00346398284 -0.0479993522 -2.09811835e-09 0.00306406268 -0.0474282056 -0.00449994393 0.00306406268 -0.0474282056 -0.00449994393 0.00346398284 -0.0479993522 -2.09811835e-09 0.00306406268 -0.0474282056 -2.07315276e-09 0.00306406268 -0.0474282056 -0.00449994393 0.00306406268 -0.0474282056 -2.07315276e-09 0.00257104239 -0.0469351858 -0.00449994393 0.00257104239 -0.0469351858 -0.00449994393 0.00306406268 -0.0474282056 -2.07315276e-09 0.00257104239 -0.0469351858 -2.05160222e-09 0.00257104239 -0.0469351858 -0.00449994393 0.00257104239 -0.0469351858 -2.05160222e-09 0.00199989788 -0.0465352759 -0.00449994393 0.00199989788 -0.0465352759 -0.00449994393 0.00257104239 -0.0469351858 -2.05160222e-09 0.00199989788 -0.0465352759 -2.03412154e-09 0.00199989788 -0.0465352759 -0.00449994393 0.00199989788 -0.0465352759 -2.03412154e-09 0.0013679862 -0.0462406017 -0.00449994393 0.0013679862 -0.0462406017 -0.00449994393 0.00199989788 -0.0465352759 -2.03412154e-09 0.0013679862 -0.0462406017 -2.02124095e-09 0.0013679862 -0.0462406017 -0.00449994393 0.0013679862 -0.0462406017 -2.02124095e-09 0.00069451012 -0.0460601524 -0.00449994393 0.00069451012 -0.0460601524 -0.00449994393 0.0013679862 -0.0462406017 -2.02124095e-09 0.00069451012 -0.0460601524 -2.01335326e-09 0.00069451012 -0.0460601524 -0.00449994393 0.00069451012 -0.0460601524 -2.01335326e-09 -7.62929631e-08 -0.045999378 -0.00449994393 -7.62929631e-08 -0.045999378 -0.00449994393 0.00069451012 -0.0460601524 -2.01335326e-09 -7.62929631e-08 -0.045999378 -2.01069672e-09 0.0510242619 0.00177536032 -0.00449994206 0.051999256 0.00346408994 -0.00449994206 0.0507004112 0.00192637462 -0.00449994206 0.0507004112 0.00192637462 -0.00449994206 0.051999256 0.00346408994 -0.00449994206 0.0513673499 0.00375874853 -0.00449994206 0.0507004112 0.00192637462 -0.00449994206 0.0513673499 0.00375874853 -0.00449994206 0.0503552482 0.00201885705 -0.00449994206 0.0503552482 0.00201885705 -0.00449994206 0.0513673499 0.00375874853 -0.00449994206 0.0506938659 0.00393921183 -0.00449994206 0.0503552482 0.00201885705 -0.00449994206 0.0506938659 0.00393921183 -0.00449994206 0.0499992818 0.00204999978 -0.00449994206 0.0499992818 0.00204999978 -0.00449994206 0.0506938659 0.00393921183 -0.00449994206 0.0499992818 0.00399997924 -0.00449994206 0.0499992818 0.00204999978 -0.00449994206 0.0499992818 0.00399997924 -0.00449994206 0.0496433116 0.00201885705 -0.00449994206 0.0496433116 0.00201885705 -0.00449994206 0.0499992818 0.00399997924 -0.00449994206 0.0493046939 0.00393921183 -0.00449994206 0.0496433116 0.00201885705 -0.00449994206 0.0493046939 0.00393921183 -0.00449994206 0.0492981486 0.00192637462 -0.00449994206 0.0492981486 0.00192637462 -0.00449994206 0.0493046939 0.00393921183 -0.00449994206 0.0486312099 0.00375874853 -0.00449994206 0.0492981486 0.00192637462 -0.00449994206 0.0486312099 0.00375874853 -0.00449994206 0.0489742979 0.00177536032 -0.00449994206 0.0489742979 0.00177536032 -0.00449994206 0.0486312099 0.00375874853 -0.00449994206 0.0479993075 0.00346408994 -0.00449994206 0.0489742979 0.00177536032 -0.00449994206 0.0479993075 0.00346408994 -0.00449994206 0.0486815795 0.00157039927 -0.00449994206 0.0486815795 0.00157039927 -0.00449994206 0.0479993075 0.00346408994 -0.00449994206 0.0474281609 0.00306416978 -0.00449994206 0.0486815795 0.00157039927 -0.00449994206 0.0474281609 0.00306416978 -0.00449994206 0.0484289117 0.0013177247 -0.00449994206 0.0484289117 0.0013177247 -0.00449994206 0.0474281609 0.00306416978 -0.00449994206 0.0469351411 0.0025711495 -0.00449994206 0.0484289117 0.0013177247 -0.00449994206 0.0469351411 0.0025711495 -0.00449994206 0.0482239425 0.0010250191 -0.00449994206 0.0482239425 0.0010250191 -0.00449994206 0.0469351411 0.0025711495 -0.00449994206 0.0465352274 0.00200000498 -0.00449994206 0.0482239425 0.0010250191 -0.00449994206 0.0465352274 0.00200000498 -0.00449994206 0.0480729453 0.000701163022 -0.00449994206 0.0480729453 0.000701163022 -0.00449994206 0.0465352274 0.00200000498 -0.00449994206 0.0462405533 0.0013680933 -0.00449994206 0.0480729453 0.000701163022 -0.00449994206 0.0462405533 0.0013680933 -0.00449994206 0.0479804464 0.000356006058 -0.00449994206 0.0479804464 0.000356006058 -0.00449994206 0.0462405533 0.0013680933 -0.00449994206 0.0460601076 0.000694617105 -0.00449994206 0.0479804464 0.000356006058 -0.00449994206 0.0460601076 0.000694617105 -0.00449994206 0.0479493029 3.07138848e-08 -0.00449994206 0.0479493029 3.07138848e-08 -0.00449994206 0.0460601076 0.000694617105 -0.00449994206 0.0459993333 3.07138848e-08 -0.00449994206 0.0479493029 3.07138848e-08 -0.00449994206 0.0459993333 3.07138848e-08 -0.00449994206 0.0479804464 -0.00035594462 -0.00449994206 0.0479804464 -0.00035594462 -0.00449994206 0.0459993333 3.07138848e-08 -0.00449994206 0.0460601076 -0.000694555696 -0.00449994206 0.0479804464 -0.00035594462 -0.00449994206 0.0460601076 -0.000694555696 -0.00449994206 0.0480729453 -0.000701101613 -0.00449994206 0.0480729453 -0.000701101613 -0.00449994206 0.0460601076 -0.000694555696 -0.00449994206 0.0462405533 -0.00136803172 -0.00449994206 0.0480729453 -0.000701101613 -0.00449994206 0.0462405533 -0.00136803172 -0.00449994206 0.0482239425 -0.00102495763 -0.00449994206 0.0482239425 -0.00102495763 -0.00449994206 0.0462405533 -0.00136803172 -0.00449994206 0.0465352274 -0.00199994352 -0.00449994206 0.0482239425 -0.00102495763 -0.00449994206 0.0465352274 -0.00199994352 -0.00449994206 0.0484289117 -0.0013176708 -0.00449994206 0.0484289117 -0.0013176708 -0.00449994206 0.0465352274 -0.00199994352 -0.00449994206 0.0469351411 -0.0025710878 -0.00449994206 0.0484289117 -0.0013176708 -0.00449994206 0.0469351411 -0.0025710878 -0.00449994206 0.0486815795 -0.0015703378 -0.00449994206 0.0486815795 -0.0015703378 -0.00449994206 0.0469351411 -0.0025710878 -0.00449994206 0.0474281609 -0.00306410831 -0.00449994206 0.0486815795 -0.0015703378 -0.00449994206 0.0474281609 -0.00306410831 -0.00449994206 0.0489742979 -0.00177529885 -0.00449994206 0.0489742979 -0.00177529885 -0.00449994206 0.0474281609 -0.00306410831 -0.00449994206 0.0479993075 -0.00346402824 -0.00449994206 0.0489742979 -0.00177529885 -0.00449994206 0.0479993075 -0.00346402824 -0.00449994206 0.0492981486 -0.00192631315 -0.00449994206 0.0492981486 -0.00192631315 -0.00449994206 0.0479993075 -0.00346402824 -0.00449994206 0.0486312099 -0.00375869474 -0.00449994206 0.0492981486 -0.00192631315 -0.00449994206 0.0486312099 -0.00375869474 -0.00449994206 0.0496433116 -0.00201880303 -0.00449994206 0.0496433116 -0.00201880303 -0.00449994206 0.0486312099 -0.00375869474 -0.00449994206 0.0493046939 -0.00393915083 -0.00449994206 0.0496433116 -0.00201880303 -0.00449994206 0.0493046939 -0.00393915083 -0.00449994206 0.0499992818 -0.00204994599 -0.00449994206 0.0499992818 -0.00204994599 -0.00449994206 0.0493046939 -0.00393915083 -0.00449994206 0.0499992818 -0.00399991777 -0.00449994206 0.0499992818 -0.00204994599 -0.00449994206 0.0499992818 -0.00399991777 -0.00449994206 0.0503552482 -0.00201880303 -0.00449994206 0.0503552482 -0.00201880303 -0.00449994206 0.0499992818 -0.00399991777 -0.00449994206 0.0506938659 -0.00393915083 -0.00449994206 0.0503552482 -0.00201880303 -0.00449994206 0.0506938659 -0.00393915083 -0.00449994206 0.0507004112 -0.00192631315 -0.00449994206 0.0507004112 -0.00192631315 -0.00449994206 0.0506938659 -0.00393915083 -0.00449994206 0.0513673499 -0.00375869474 -0.00449994206 0.0507004112 -0.00192631315 -0.00449994206 0.0513673499 -0.00375869474 -0.00449994206 0.0510242619 -0.00177529885 -0.00449994206 0.0510242619 -0.00177529885 -0.00449994206 0.0513673499 -0.00375869474 -0.00449994206 0.051999256 -0.00346402824 -0.00449994206 0.0510242619 -0.00177529885 -0.00449994206 0.051999256 -0.00346402824 -0.00449994206 0.0513169803 -0.0015703378 -0.00449994206 0.0513169803 -0.0015703378 -0.00449994206 0.051999256 -0.00346402824 -0.00449994206 0.0525703989 -0.00306410831 -0.00449994206 0.0513169803 -0.0015703378 -0.00449994206 0.0525703989 -0.00306410831 -0.00449994206 0.0515696481 -0.0013176708 -0.00449994206 0.0515696481 -0.0013176708 -0.00449994206 0.0525703989 -0.00306410831 -0.00449994206 0.0530634187 -0.0025710878 -0.00449994206 0.0515696481 -0.0013176708 -0.00449994206 0.0530634187 -0.0025710878 -0.00449994206 0.0517746024 -0.00102495763 -0.00449994206 0.0517746024 -0.00102495763 -0.00449994206 0.0530634187 -0.0025710878 -0.00449994206 0.0534633324 -0.00199994352 -0.00449994206 0.0517746024 -0.00102495763 -0.00449994206 0.0534633324 -0.00199994352 -0.00449994206 0.0519256331 -0.000701101613 -0.00449994206 0.0519256331 -0.000701101613 -0.00449994206 0.0534633324 -0.00199994352 -0.00449994206 0.0537580065 -0.00136803172 -0.00449994206 0.0519256331 -0.000701101613 -0.00449994206 0.0537580065 -0.00136803172 -0.00449994206 0.0520181134 -0.00035594462 -0.00449994206 0.0520181134 -0.00035594462 -0.00449994206 0.0537580065 -0.00136803172 -0.00449994206 0.0539384522 -0.000694555696 -0.00449994206 0.0520181134 -0.00035594462 -0.00449994206 0.0539384522 -0.000694555696 -0.00449994206 0.0520492569 3.07138848e-08 -0.00449994206 0.0520492569 3.07138848e-08 -0.00449994206 0.0539384522 -0.000694555696 -0.00449994206 0.0539992303 3.07138848e-08 -0.00449994206 0.0520492569 3.07138848e-08 -0.00449994206 0.0539992303 3.07138848e-08 -0.00449994206 0.0520181134 0.000356006058 -0.00449994206 0.0520181134 0.000356006058 -0.00449994206 0.0539992303 3.07138848e-08 -0.00449994206 0.0539384522 0.000694617105 -0.00449994206 0.0520181134 0.000356006058 -0.00449994206 0.0539384522 0.000694617105 -0.00449994206 0.0519256331 0.000701163022 -0.00449994206 0.0519256331 0.000701163022 -0.00449994206 0.0539384522 0.000694617105 -0.00449994206 0.0537580065 0.0013680933 -0.00449994206 0.0519256331 0.000701163022 -0.00449994206 0.0537580065 0.0013680933 -0.00449994206 0.0517746024 0.0010250191 -0.00449994206 0.0517746024 0.0010250191 -0.00449994206 0.0537580065 0.0013680933 -0.00449994206 0.0534633324 0.00200000498 -0.00449994206 0.0517746024 0.0010250191 -0.00449994206 0.0534633324 0.00200000498 -0.00449994206 0.0515696481 0.0013177247 -0.00449994206 0.0515696481 0.0013177247 -0.00449994206 0.0534633324 0.00200000498 -0.00449994206 0.0530634187 0.0025711495 -0.00449994206 0.0515696481 0.0013177247 -0.00449994206 0.0530634187 0.0025711495 -0.00449994206 0.0513169803 0.00157039927 -0.00449994206 0.0513169803 0.00157039927 -0.00449994206 0.0530634187 0.0025711495 -0.00449994206 0.0525703989 0.00306416978 -0.00449994206 0.0513169803 0.00157039927 -0.00449994206 0.0525703989 0.00306416978 -0.00449994206 0.0510242619 0.00177536032 -0.00449994206 0.0510242619 0.00177536032 -0.00449994206 0.0525703989 0.00306416978 -0.00449994206 0.051999256 0.00346408994 -0.00449994206 0.0459993333 3.07138848e-08 -0.00449994206 0.0459993333 3.05171852e-08 1.33394857e-15 0.0460601076 -0.000694555696 -0.00449994206 0.0460601076 -0.000694555696 -0.00449994206 0.0459993333 3.05171852e-08 1.33394857e-15 0.0460601076 -0.000694555871 -3.03600027e-11 0.0460601076 -0.000694555696 -0.00449994206 0.0460601076 -0.000694555871 -3.03600027e-11 0.0462405533 -0.00136803172 -0.00449994206 0.0462405533 -0.00136803172 -0.00449994206 0.0460601076 -0.000694555871 -3.03600027e-11 0.0462405533 -0.00136803195 -5.97985828e-11 0.0462405533 -0.00136803172 -0.00449994206 0.0462405533 -0.00136803195 -5.97985828e-11 0.0465352274 -0.00199994352 -0.00449994206 0.0465352274 -0.00199994352 -0.00449994206 0.0462405533 -0.00136803195 -5.97985828e-11 0.0465352274 -0.00199994375 -8.7420321e-11 0.0465352274 -0.00199994352 -0.00449994206 0.0465352274 -0.00199994375 -8.7420321e-11 0.0469351411 -0.0025710878 -0.00449994206 0.0469351411 -0.0025710878 -0.00449994206 0.0465352274 -0.00199994375 -8.7420321e-11 0.0469351411 -0.00257108803 -1.12385837e-10 0.0469351411 -0.0025710878 -0.00449994206 0.0469351411 -0.00257108803 -1.12385837e-10 0.0474281609 -0.00306410831 -0.00449994206 0.0474281609 -0.00306410831 -0.00449994206 0.0469351411 -0.00257108803 -1.12385837e-10 0.0474281609 -0.00306410855 -1.33936445e-10 0.0474281609 -0.00306410831 -0.00449994206 0.0474281609 -0.00306410855 -1.33936445e-10 0.0479993075 -0.00346402824 -0.00449994206 0.0479993075 -0.00346402824 -0.00449994206 0.0474281609 -0.00306410855 -1.33936445e-10 0.0479993075 -0.00346402847 -1.51417504e-10 0.0479993075 -0.00346402824 -0.00449994206 0.0479993075 -0.00346402847 -1.51417504e-10 0.0486312099 -0.00375869474 -0.00449994206 0.0486312099 -0.00375869474 -0.00449994206 0.0479993075 -0.00346402847 -1.51417504e-10 0.0486312099 -0.00375869498 -1.6429777e-10 0.0486312099 -0.00375869474 -0.00449994206 0.0486312099 -0.00375869498 -1.6429777e-10 0.0493046939 -0.00393915083 -0.00449994206 0.0493046939 -0.00393915083 -0.00449994206 0.0486312099 -0.00375869498 -1.6429777e-10 0.0493046939 -0.00393915083 -1.72185752e-10 0.0493046939 -0.00393915083 -0.00449994206 0.0493046939 -0.00393915083 -1.72185752e-10 0.0499992818 -0.00399991777 -0.00449994206 0.0499992818 -0.00399991777 -0.00449994206 0.0493046939 -0.00393915083 -1.72185752e-10 0.0499992818 -0.00399991777 -1.74841974e-10 0.0499992818 -0.00399991777 -0.00449994206 0.0499992818 -0.00399991777 -1.74841974e-10 0.0506938659 -0.00393915083 -0.00449994206 0.0506938659 -0.00393915083 -0.00449994206 0.0499992818 -0.00399991777 -1.74841974e-10 0.0506938659 -0.00393915083 -1.72185752e-10 0.0506938659 -0.00393915083 -0.00449994206 0.0506938659 -0.00393915083 -1.72185752e-10 0.0513673499 -0.00375869474 -0.00449994206 0.0513673499 -0.00375869474 -0.00449994206 0.0506938659 -0.00393915083 -1.72185752e-10 0.0513673499 -0.00375869498 -1.6429777e-10 0.0513673499 -0.00375869474 -0.00449994206 0.0513673499 -0.00375869498 -1.6429777e-10 0.051999256 -0.00346402824 -0.00449994206 0.051999256 -0.00346402824 -0.00449994206 0.0513673499 -0.00375869498 -1.6429777e-10 0.051999256 -0.00346402847 -1.51417504e-10 0.051999256 -0.00346402824 -0.00449994206 0.051999256 -0.00346402847 -1.51417504e-10 0.0525703989 -0.00306410831 -0.00449994206 0.0525703989 -0.00306410831 -0.00449994206 0.051999256 -0.00346402847 -1.51417504e-10 0.0525703989 -0.00306410855 -1.33936445e-10 0.0525703989 -0.00306410831 -0.00449994206 0.0525703989 -0.00306410855 -1.33936445e-10 0.0530634187 -0.0025710878 -0.00449994206 0.0530634187 -0.0025710878 -0.00449994206 0.0525703989 -0.00306410855 -1.33936445e-10 0.0530634187 -0.00257108803 -1.12385837e-10 0.0530634187 -0.0025710878 -0.00449994206 0.0530634187 -0.00257108803 -1.12385837e-10 0.0534633324 -0.00199994352 -0.00449994206 0.0534633324 -0.00199994352 -0.00449994206 0.0530634187 -0.00257108803 -1.12385837e-10 0.0534633324 -0.00199994375 -8.7420321e-11 0.0534633324 -0.00199994352 -0.00449994206 0.0534633324 -0.00199994375 -8.7420321e-11 0.0537580065 -0.00136803172 -0.00449994206 0.0537580065 -0.00136803172 -0.00449994206 0.0534633324 -0.00199994375 -8.7420321e-11 0.0537580065 -0.00136803195 -5.97985828e-11 0.0537580065 -0.00136803172 -0.00449994206 0.0537580065 -0.00136803195 -5.97985828e-11 0.0539384522 -0.000694555696 -0.00449994206 0.0539384522 -0.000694555696 -0.00449994206 0.0537580065 -0.00136803195 -5.97985828e-11 0.0539384522 -0.000694555871 -3.03600027e-11 0.0539384522 -0.000694555696 -0.00449994206 0.0539384522 -0.000694555871 -3.03600027e-11 0.0539992303 3.07138848e-08 -0.00449994206 0.0539992303 3.07138848e-08 -0.00449994206 0.0539384522 -0.000694555871 -3.03600027e-11 0.0539992303 3.05171852e-08 1.33394857e-15 0.0539992303 3.07138848e-08 -0.00449994206 0.0539992303 3.05171852e-08 1.33394857e-15 0.0539384522 0.000694617105 -0.00449994206 0.0539384522 0.000694617105 -0.00449994206 0.0539992303 3.05171852e-08 1.33394857e-15 0.0539384522 0.000694616931 3.03626707e-11 0.0539384522 0.000694617105 -0.00449994206 0.0539384522 0.000694616931 3.03626707e-11 0.0537580065 0.0013680933 -0.00449994206 0.0537580065 0.0013680933 -0.00449994206 0.0539384522 0.000694616931 3.03626707e-11 0.0537580065 0.00136809307 5.98012473e-11 0.0537580065 0.0013680933 -0.00449994206 0.0537580065 0.00136809307 5.98012473e-11 0.0534633324 0.00200000498 -0.00449994206 0.0534633324 0.00200000498 -0.00449994206 0.0537580065 0.00136809307 5.98012473e-11 0.0534633324 0.00200000475 8.74229855e-11 0.0534633324 0.00200000498 -0.00449994206 0.0534633324 0.00200000475 8.74229855e-11 0.0530634187 0.0025711495 -0.00449994206 0.0530634187 0.0025711495 -0.00449994206 0.0534633324 0.00200000475 8.74229855e-11 0.0530634187 0.00257114926 1.12388501e-10 0.0530634187 0.0025711495 -0.00449994206 0.0530634187 0.00257114926 1.12388501e-10 0.0525703989 0.00306416978 -0.00449994206 0.0525703989 0.00306416978 -0.00449994206 0.0530634187 0.00257114926 1.12388501e-10 0.0525703989 0.00306416955 1.3393911e-10 0.0525703989 0.00306416978 -0.00449994206 0.0525703989 0.00306416955 1.3393911e-10 0.051999256 0.00346408994 -0.00449994206 0.051999256 0.00346408994 -0.00449994206 0.0525703989 0.00306416955 1.3393911e-10 0.051999256 0.00346408971 1.51420168e-10 0.051999256 0.00346408994 -0.00449994206 0.051999256 0.00346408971 1.51420168e-10 0.0513673499 0.00375874853 -0.00449994206 0.0513673499 0.00375874853 -0.00449994206 0.051999256 0.00346408971 1.51420168e-10 0.0513673499 0.00375874829 1.64300115e-10 0.0513673499 0.00375874853 -0.00449994206 0.0513673499 0.00375874829 1.64300115e-10 0.0506938659 0.00393921183 -0.00449994206 0.0506938659 0.00393921183 -0.00449994206 0.0513673499 0.00375874829 1.64300115e-10 0.0506938659 0.00393921183 1.72188416e-10 0.0506938659 0.00393921183 -0.00449994206 0.0506938659 0.00393921183 1.72188416e-10 0.0499992818 0.00399997924 -0.00449994206 0.0499992818 0.00399997924 -0.00449994206 0.0506938659 0.00393921183 1.72188416e-10 0.0499992818 0.00399997924 1.74844639e-10 0.0499992818 0.00399997924 -0.00449994206 0.0499992818 0.00399997924 1.74844639e-10 0.0493046939 0.00393921183 -0.00449994206 0.0493046939 0.00393921183 -0.00449994206 0.0499992818 0.00399997924 1.74844639e-10 0.0493046939 0.00393921183 1.72188416e-10 0.0493046939 0.00393921183 -0.00449994206 0.0493046939 0.00393921183 1.72188416e-10 0.0486312099 0.00375874853 -0.00449994206 0.0486312099 0.00375874853 -0.00449994206 0.0493046939 0.00393921183 1.72188416e-10 0.0486312099 0.00375874829 1.64300115e-10 0.0486312099 0.00375874853 -0.00449994206 0.0486312099 0.00375874829 1.64300115e-10 0.0479993075 0.00346408994 -0.00449994206 0.0479993075 0.00346408994 -0.00449994206 0.0486312099 0.00375874829 1.64300115e-10 0.0479993075 0.00346408971 1.51420168e-10 0.0479993075 0.00346408994 -0.00449994206 0.0479993075 0.00346408971 1.51420168e-10 0.0474281609 0.00306416978 -0.00449994206 0.0474281609 0.00306416978 -0.00449994206 0.0479993075 0.00346408971 1.51420168e-10 0.0474281609 0.00306416955 1.3393911e-10 0.0474281609 0.00306416978 -0.00449994206 0.0474281609 0.00306416955 1.3393911e-10 0.0469351411 0.0025711495 -0.00449994206 0.0469351411 0.0025711495 -0.00449994206 0.0474281609 0.00306416955 1.3393911e-10 0.0469351411 0.00257114926 1.12388501e-10 0.0469351411 0.0025711495 -0.00449994206 0.0469351411 0.00257114926 1.12388501e-10 0.0465352274 0.00200000498 -0.00449994206 0.0465352274 0.00200000498 -0.00449994206 0.0469351411 0.00257114926 1.12388501e-10 0.0465352274 0.00200000475 8.74229855e-11 0.0465352274 0.00200000498 -0.00449994206 0.0465352274 0.00200000475 8.74229855e-11 0.0462405533 0.0013680933 -0.00449994206 0.0462405533 0.0013680933 -0.00449994206 0.0465352274 0.00200000475 8.74229855e-11 0.0462405533 0.00136809307 5.98012473e-11 0.0462405533 0.0013680933 -0.00449994206 0.0462405533 0.00136809307 5.98012473e-11 0.0460601076 0.000694617105 -0.00449994206 0.0460601076 0.000694617105 -0.00449994206 0.0462405533 0.00136809307 5.98012473e-11 0.0460601076 0.000694616931 3.03626707e-11 0.0460601076 0.000694617105 -0.00449994206 0.0460601076 0.000694616931 3.03626707e-11 0.0459993333 3.07138848e-08 -0.00449994206 0.0459993333 3.07138848e-08 -0.00449994206 0.0460601076 0.000694616931 3.03626707e-11 0.0459993333 3.05171852e-08 1.33394857e-15 </float_array>
          <technique_common>
            <accessor count="10164" offset="0" source="#mesh_0-positions-array" stride="3">
              <param name="X" type="float" />
              <param name="Y" type="float" />
              <param name="Z" type="float" />
            </accessor>
          </technique_common>
        </source>
        <source id="mesh_0-normals" name="mesh_0-normals">
          <float_array id="mesh_0-normals-array" count="30492"> -0.0871650204 0.996193945 0 -0.0871650204 0.996193945 0 -0.0871650204 0.996193945 0 -0.0871650577 0.996193945 0 -0.0871650577 0.996193945 0 -0.0871650577 0.996193945 0 -0.258817703 0.96592617 0 -0.258817703 0.96592617 0 -0.258817703 0.96592617 0 -0.258817822 0.965926051 0 -0.258817822 0.965926051 0 -0.258817822 0.965926051 0 -0.422616601 0.906308591 0 -0.422616601 0.906308591 0 -0.422616601 0.906308591 0 -0.42261669 0.906308591 0 -0.42261669 0.906308591 0 -0.42261669 0.906308591 0 -0.573572457 0.819154799 0 -0.573572457 0.819154799 0 -0.573572457 0.819154799 0 -0.573572814 0.819154561 0 -0.573572814 0.819154561 0 -0.573572814 0.819154561 0 -0.707107782 0.707105756 0 -0.707107782 0.707105756 0 -0.707107782 0.707105756 0 -0.7071082 0.707105279 0 -0.7071082 0.707105279 0 -0.7071082 0.707105279 0 -0.819151759 0.573576689 0 -0.819151759 0.573576689 0 -0.819151759 0.573576689 0 -0.819151938 0.57357657 0 -0.819151938 0.57357657 0 -0.819151938 0.57357657 0 -0.906309247 0.422615141 0 -0.906309247 0.422615141 0 -0.906309247 0.422615141 0 -0.906309545 0.422614545 0 -0.906309545 0.422614545 0 -0.906309545 0.422614545 0 -0.965922654 0.258831084 0 -0.965922654 0.258831084 0 -0.965922654 0.258831084 0 -0.965922415 0.258831769 0 -0.965922415 0.258831769 0 -0.965922415 0.258831769 0 -0.996194959 0.0871525928 0 -0.996194959 0.0871525928 0 -0.996194959 0.0871525928 0 -0.996194899 0.0871539935 0 -0.996194899 0.0871539935 0 -0.996194899 0.0871539935 0 -0.996194899 -0.0871540457 0 -0.996194899 -0.0871540457 0 -0.996194899 -0.0871540457 0 -0.996194959 -0.0871525481 0 -0.996194959 -0.0871525481 0 -0.996194959 -0.0871525481 0 -0.965922415 -0.258831769 0 -0.965922415 -0.258831769 0 -0.965922415 -0.258831769 0 -0.965922654 -0.258831084 0 -0.965922654 -0.258831084 0 -0.965922654 -0.258831084 0 -0.906307638 -0.422618568 0 -0.906307638 -0.422618568 0 -0.906307638 -0.422618568 0 -0.906307459 -0.422619134 0 -0.906307459 -0.422619134 0 -0.906307459 -0.422619134 0 -0.819151759 -0.573576689 0 -0.819151759 -0.573576689 0 -0.819151759 -0.573576689 0 -0.819151938 -0.57357657 0 -0.819151938 -0.57357657 0 -0.819151938 -0.57357657 0 -0.707113326 -0.707100213 0 -0.707113326 -0.707100213 0 -0.707113326 -0.707100213 0 -0.707113028 -0.707100511 0 -0.707113028 -0.707100511 0 -0.707113028 -0.707100511 0 -0.573572814 -0.81915462 0 -0.573572814 -0.81915462 0 -0.573572814 -0.81915462 0 -0.573572457 -0.819154739 0 -0.573572457 -0.819154739 0 -0.573572457 -0.819154739 0 -0.422616601 -0.906308591 0 -0.422616601 -0.906308591 0 -0.422616601 -0.906308591 0 -0.42261669 -0.906308591 0 -0.42261669 -0.906308591 0 -0.42261669 -0.906308591 0 -0.258817703 -0.96592617 0 -0.258817703 -0.96592617 0 -0.258817703 -0.96592617 0 -0.258817822 -0.965926051 0 -0.258817822 -0.965926051 0 -0.258817822 -0.965926051 0 -0.0871546566 -0.99619478 0 -0.0871546566 -0.99619478 0 -0.0871546566 -0.99619478 0 -0.0871547088 -0.996194839 0 -0.0871547088 -0.996194839 0 -0.0871547088 -0.996194839 0 0.0871546566 -0.99619478 0 0.0871546566 -0.99619478 0 0.0871546566 -0.99619478 0 0.0871547088 -0.996194839 0 0.0871547088 -0.996194839 0 0.0871547088 -0.996194839 0 0.258817762 -0.96592617 0 0.258817762 -0.96592617 0 0.258817762 -0.96592617 0 0.258817792 -0.96592617 0 0.258817792 -0.96592617 0 0.258817792 -0.96592617 0 0.422616601 -0.906308591 0 0.422616601 -0.906308591 0 0.422616601 -0.906308591 0 0.42261669 -0.906308591 0 0.42261669 -0.906308591 0 0.42261669 -0.906308591 0 0.57358253 -0.819147766 0 0.57358253 -0.819147766 0 0.57358253 -0.819147766 0 0.573582768 -0.819147587 0 0.573582768 -0.819147587 0 0.573582768 -0.819147587 0 0.707102358 -0.70711112 0 0.707102358 -0.70711112 0 0.707102358 -0.70711112 0 0.707102478 -0.707111061 0 0.707102478 -0.707111061 0 0.707102478 -0.707111061 0 0.819151759 -0.573576689 0 0.819151759 -0.573576689 0 0.819151759 -0.573576689 0 0.819152296 -0.573576152 0 0.819152296 -0.573576152 0 0.819152296 -0.573576152 0 0.906307638 -0.422618568 0 0.906307638 -0.422618568 0 0.906307638 -0.422618568 0 0.906307459 -0.422619134 0 0.906307459 -0.422619134 0 0.906307459 -0.422619134 0 0.965927839 -0.258811414 0 0.965927839 -0.258811414 0 0.965927839 -0.258811414 0 0.965927839 -0.258811414 0 0.965927839 -0.258811414 0 0.965927839 -0.258811414 0 0.996194899 -0.0871540457 0 0.996194899 -0.0871540457 0 0.996194899 -0.0871540457 0 0.996194959 -0.0871532783 0 0.996194959 -0.0871532783 0 0.996194959 -0.0871532783 0 0.996194959 0.087153323 0 0.996194959 0.087153323 0 0.996194959 0.087153323 0 0.996194899 0.0871539935 0 0.996194899 0.0871539935 0 0.996194899 0.0871539935 0 0.965927839 0.258811414 0 0.965927839 0.258811414 0 0.965927839 0.258811414 0 0.965927839 0.258811414 0 0.965927839 0.258811414 0 0.965927839 0.258811414 0 0.906309247 0.422615141 0 0.906309247 0.422615141 0 0.906309247 0.422615141 0 0.906309545 0.422614545 0 0.906309545 0.422614545 0 0.906309545 0.422614545 0 0.819152117 0.573576272 0 0.819152117 0.573576272 0 0.819152117 0.573576272 0 0.819151938 0.57357657 0 0.819151938 0.57357657 0 0.819151938 0.57357657 0 0.707097232 0.707116365 0 0.707097232 0.707116365 0 0.707097232 0.707116365 0 0.707097352 0.707116246 0 0.707097352 0.707116246 0 0.707097352 0.707116246 0 0.573582709 0.819147646 0 0.573582709 0.819147646 0 0.573582709 0.819147646 0 0.57358259 0.819147766 0 0.57358259 0.819147766 0 0.57358259 0.819147766 0 0.422616601 0.906308591 0 0.422616601 0.906308591 0 0.422616601 0.906308591 0 0.42261669 0.906308591 0 0.42261669 0.906308591 0 0.42261669 0.906308591 0 0.258817643 0.96592617 0 0.258817643 0.96592617 0 0.258817643 0.96592617 0 0.258817881 0.965926111 0 0.258817881 0.965926111 0 0.258817881 0.965926111 0 0.0871650204 0.996193945 0 0.0871650204 0.996193945 0 0.0871650204 0.996193945 0 0.0871650577 0.996193945 0 0.0871650577 0.996193945 0 0.0871650577 0.996193945 0 0 -1 0 0 -1 0 0 -1 0 0 -1 -2.06432773e-07 0 -1 -2.06432773e-07 0 -1 -2.06432773e-07 0 1 2.06432091e-07 0 1 2.06432091e-07 0 1 2.06432091e-07 0 1 0 0 1 0 0 1 0 0 0 1 0 0 1 0 0 1 -2.1063895e-06 0 1 -2.1063895e-06 0 1 -2.1063895e-06 0 1 0 0 1 0 0 1 0 0 1 0 0 1 0 0 1 0 0 1 0 0 0.99999994 0 0 0.99999994 0 0 0.99999994 7.64574452e-07 0 1 7.64574452e-07 0 1 7.64574452e-07 0 1 0 -4.49402755e-08 1 0 -4.49402755e-08 1 0 -4.49402755e-08 1 -2.74482932e-06 -5.51241719e-08 1 -2.74482932e-06 -5.51241719e-08 1 -2.74482932e-06 -5.51241719e-08 1 0 -9.28421059e-07 1 0 -9.28421059e-07 1 0 -9.28421059e-07 1 2.25700364e-06 -6.91800395e-08 1 2.25700364e-06 -6.91800395e-08 1 2.25700364e-06 -6.91800395e-08 1 -1.67719099e-05 -5.21882896e-07 1 -1.67719099e-05 -5.21882896e-07 1 -1.67719099e-05 -5.21882896e-07 1 0 2.58240766e-06 1 0 2.58240766e-06 1 0 2.58240766e-06 1 0 0 1 0 0 1 0 0 1 0 0 1 0 0 1 0 0 1 -7.52293886e-07 0 1 -7.52293886e-07 0 1 -7.52293886e-07 0 1 5.75019726e-07 -5.44754002e-08 1 5.75019726e-07 -5.44754002e-08 1 5.75019726e-07 -5.44754002e-08 1 -2.17915908e-06 -2.85259443e-08 0.99999994 -2.17915908e-06 -2.85259443e-08 0.99999994 -2.17915908e-06 -2.85259443e-08 0.99999994 2.22642775e-05 -5.97492942e-07 1 2.22642775e-05 -5.97492942e-07 1 2.22642775e-05 -5.97492942e-07 1 0 -1.07361268e-06 1 0 -1.07361268e-06 1 0 -1.07361268e-06 1 0 0 1 0 0 1 0 0 1 -6.20967285e-07 0 1 -6.20967285e-07 0 1 -6.20967285e-07 0 1 -2.73518481e-07 0 1 -2.73518481e-07 0 1 -2.73518481e-07 0 1 0 0 1 0 0 1 0 0 1 -1.7874994e-06 0 1 -1.7874994e-06 0 1 -1.7874994e-06 0 1 4.45392942e-07 0 1 4.45392942e-07 0 1 4.45392942e-07 0 1 0 0 1 0 0 1 0 0 1 -4.4537677e-07 0 1 -4.4537677e-07 0 1 -4.4537677e-07 0 1 0 0 1 0 0 1 0 0 1 -5.23991787e-07 0 1 -5.23991787e-07 0 1 -5.23991787e-07 0 1 0 0 0.99999994 0 0 0.99999994 0 0 0.99999994 6.28773023e-07 0 1 6.28773023e-07 0 1 6.28773023e-07 0 1 0 0 1 0 0 1 0 0 1 -4.19174768e-07 0 1 -4.19174768e-07 0 1 -4.19174768e-07 0 1 -4.27573156e-07 0 1 -4.27573156e-07 0 1 -4.27573156e-07 0 1 -2.09593736e-07 0 1 -2.09593736e-07 0 1 -2.09593736e-07 0 1 4.27568779e-07 0 1 4.27568779e-07 0 1 4.27568779e-07 0 1 -4.19191679e-07 0 1 -4.19191679e-07 0 1 -4.19191679e-07 0 1 0 0 1 0 0 1 0 0 1 -4.19182868e-07 0 1 -4.19182868e-07 0 1 -4.19182868e-07 0 1 2.77251104e-07 0 1 2.77251104e-07 0 1 2.77251104e-07 0 1 4.19180253e-07 0 1 4.19180253e-07 0 1 4.19180253e-07 0 1 2.13784475e-07 0 0.99999994 2.13784475e-07 0 0.99999994 2.13784475e-07 0 0.99999994 0 0 1 0 0 1 0 0 1 0 0 1 0 0 1 0 0 1 -4.19185938e-07 0 1 -4.19185938e-07 0 1 -4.19185938e-07 0 1 0 0 1 0 0 1 0 0 1 -4.19176217e-07 0 1 -4.19176217e-07 0 1 -4.19176217e-07 0 1 -8.55126757e-07 0 1 -8.55126757e-07 0 1 -8.55126757e-07 0 1 1.6767334e-06 0 1 1.6767334e-06 0 1 1.6767334e-06 0 1 0 0 1 0 0 1 0 0 1 0 0 1 0 0 1 0 0 1 0 0 0.99999994 0 0 0.99999994 0 0 0.99999994 -6.28780128e-07 0 1 -6.28780128e-07 0 1 -6.28780128e-07 0 1 0 0 1 0 0 1 0 0 1 -4.19173631e-07 0 1 -4.19173631e-07 0 1 -4.19173631e-07 0 1 8.55135283e-07 0 1 8.55135283e-07 0 1 8.55135283e-07 0 1 -1.04795527e-06 0 1 -1.04795527e-06 0 1 -1.04795527e-06 0 1 0 0 1 0 0 1 0 0 1 1.15278397e-06 0 1 1.15278397e-06 0 1 1.15278397e-06 0 1 -8.55134203e-07 0 1 -8.55134203e-07 0 1 -8.55134203e-07 0 1 4.45376514e-07 0 1 4.45376514e-07 0 1 4.45376514e-07 0 1 -4.45391464e-07 0 1 -4.45391464e-07 0 1 -4.45391464e-07 0 1 0 0 0.99999994 0 0 0.99999994 0 0 0.99999994 7.64574168e-07 0 1 7.64574168e-07 0 1 7.64574168e-07 0 1 -4.19507978e-06 0 1 -4.19507978e-06 0 1 -4.19507978e-06 0 1 2.83808617e-07 0 1 2.83808617e-07 0 1 2.83808617e-07 0 1 0 0 1 0 0 1 0 0 1 5.50597133e-06 0 1 5.50597133e-06 0 1 5.50597133e-06 0 1 -1.54968475e-05 2.91637869e-09 1 -1.54968475e-05 2.91637869e-09 1 -1.54968475e-05 2.91637869e-09 1 1.06942152e-05 -7.3818903e-08 1 1.06942152e-05 -7.3818903e-08 1 1.06942152e-05 -7.3818903e-08 1 0 -8.81580533e-08 1 0 -8.81580533e-08 1 0 -8.81580533e-08 1 -1.80370648e-06 -9.66769349e-08 1 -1.80370648e-06 -9.66769349e-08 1 -1.80370648e-06 -9.66769349e-08 1 -6.11940436e-07 0 1 -6.11940436e-07 0 1 -6.11940436e-07 0 1 0 -1.19861738e-07 1 0 -1.19861738e-07 1 0 -1.19861738e-07 1 0 -5.5124147e-08 1 0 -5.5124147e-08 1 0 -5.5124147e-08 1 1.34096499e-05 -9.28406507e-07 1 1.34096499e-05 -9.28406507e-07 1 1.34096499e-05 -9.28406507e-07 1 0 -6.91801247e-08 1 0 -6.91801247e-08 1 0 -6.91801247e-08 1 9.43421946e-06 -5.21884033e-07 1 9.43421946e-06 -5.21884033e-07 1 9.43421946e-06 -5.21884033e-07 1 -4.50700645e-06 2.58241403e-06 1 -4.50700645e-06 2.58241403e-06 1 -4.50700645e-06 2.58241403e-06 1 0.0871516541 -0.996195078 0 0.0871516541 -0.996195078 0 0.0871516541 -0.996195078 0 0.0871527269 -0.996195018 0 0.0871527269 -0.996195018 0 0.0871527269 -0.996195018 0 0.25881812 -0.965925992 0 0.25881812 -0.965925992 0 0.25881812 -0.965925992 0 0.258824319 -0.965924442 -1.89738685e-07 0.258824319 -0.965924442 -1.89738685e-07 0.258824319 -0.965924442 -1.89738685e-07 0.422621906 -0.906306088 -1.8973715e-07 0.422621906 -0.906306088 -1.8973715e-07 0.422621906 -0.906306088 -1.8973715e-07 0.422622144 -0.906305909 -9.48686107e-08 0.422622144 -0.906305909 -9.48686107e-08 0.422622144 -0.906305909 -9.48686107e-08 0.573566377 -0.819159031 0 0.573566377 -0.819159031 0 0.573566377 -0.819159031 0 0.573572338 -0.819154918 -1.89737406e-07 0.573572338 -0.819154918 -1.89737406e-07 0.573572338 -0.819154918 -1.89737406e-07 0.707113028 -0.70710063 0 0.707113028 -0.70710063 0 0.707113028 -0.70710063 0 0.707125664 -0.707087934 -9.48706997e-08 0.707125664 -0.707087934 -9.48706997e-08 0.707125664 -0.707087934 -9.48706997e-08 0.819148004 -0.573582172 0 0.819148004 -0.573582172 0 0.819148004 -0.573582172 0 0.819148481 -0.573581576 -4.74342521e-08 0.819148481 -0.573581576 -4.74342521e-08 0.819148481 -0.573581576 -4.74342521e-08 0.906303287 -0.422627956 -4.74339288e-08 0.906303287 -0.422627956 -4.74339288e-08 0.906303287 -0.422627956 -4.74339288e-08 0.906303763 -0.422627121 0 0.906303763 -0.422627121 0 0.906303763 -0.422627121 0 0.965925455 -0.258820325 -1.18586012e-08 0.965925455 -0.258820325 -1.18586012e-08 0.965925455 -0.258820325 -1.18586012e-08 0.965931833 -0.258796632 0 0.965931833 -0.258796632 0 0.965931833 -0.258796632 0 0.996195138 -0.0871517211 -4.44697168e-09 0.996195138 -0.0871517211 -4.44697168e-09 0.996195138 -0.0871517211 -4.44697168e-09 0.996194124 -0.0871626064 -2.96464497e-09 0.996194124 -0.0871626064 -2.96464497e-09 0.996194124 -0.0871626064 -2.96464497e-09 0.996194005 0.0871637762 4.44696679e-09 0.996194005 0.0871637762 4.44696679e-09 0.996194005 0.0871637762 4.44696679e-09 0.996194959 0.0871529058 2.96464764e-09 0.996194959 0.0871529058 2.96464764e-09 0.996194959 0.0871529058 2.96464764e-09 0.965931535 0.258797675 1.18586758e-08 0.965931535 0.258797675 1.18586758e-08 0.965931535 0.258797675 1.18586758e-08 0.965925217 0.258821428 0 0.965925217 0.258821428 0 0.965925217 0.258821428 0 0.906303287 0.422627956 0 0.906303287 0.422627956 0 0.906303287 0.422627956 0 0.906302869 0.42262888 4.7433911e-08 0.906302869 0.42262888 4.7433911e-08 0.906302869 0.42262888 4.7433911e-08 0.819148004 0.573582172 0 0.819148004 0.573582172 0 0.819148004 0.573582172 0 0.819147527 0.573582888 4.74341988e-08 0.819147527 0.573582888 4.74341988e-08 0.819147527 0.573582888 4.74341988e-08 0.707125187 0.70708847 0 0.707125187 0.70708847 0 0.707125187 0.70708847 0 0.70711261 0.707100987 0 0.70711261 0.707100987 0 0.70711261 0.707100987 0 0.573577464 0.819151223 0 0.573577464 0.819151223 0 0.573577464 0.819151223 0 0.573571682 0.819155455 1.89734408e-07 0.573571682 0.819155455 1.89734408e-07 0.573571682 0.819155455 1.89734408e-07 0.422614872 0.906309307 1.89737833e-07 0.422614872 0.906309307 1.89737833e-07 0.422614872 0.906309307 1.89737833e-07 0.422614723 0.906309426 9.48688808e-08 0.422614723 0.906309426 9.48688808e-08 0.422614723 0.906309426 9.48688808e-08 0.258823723 0.965924501 1.89738643e-07 0.258823723 0.965924501 1.89738643e-07 0.258823723 0.965924501 1.89738643e-07 0.258817554 0.96592623 1.89734152e-07 0.258817554 0.96592623 1.89734152e-07 0.258817554 0.96592623 1.89734152e-07 0.0871526971 0.996194839 1.89738103e-07 0.0871526971 0.996194839 1.89738103e-07 0.0871526971 0.996194839 1.89738103e-07 0.0871516392 0.996195018 1.897358e-07 0.0871516392 0.996195018 1.897358e-07 0.0871516392 0.996195018 1.897358e-07 0.99619627 0.0871382728 4.79576023e-09 0.99619627 0.0871382728 4.79576023e-09 0.99619627 0.0871382728 4.79576023e-09 0.996194005 0.0871642977 4.79575135e-09 0.996194005 0.0871642977 4.79575135e-09 0.996194005 0.0871642977 4.79575135e-09 0.965925753 0.258819252 1.2788564e-08 0.965925753 0.258819252 1.2788564e-08 0.965925753 0.258819252 1.2788564e-08 0.965919197 0.25884378 1.27884823e-08 0.965919197 0.25884378 1.27884823e-08 0.965919197 0.25884378 1.27884823e-08 0.90631634 0.422600061 0 0.90631634 0.422600061 0 0.90631634 0.422600061 0 0.906296194 0.422643036 5.115416e-08 0.906296194 0.422643036 5.115416e-08 0.906296194 0.422643036 5.115416e-08 0.819157004 0.573569298 0 0.819157004 0.573569298 0 0.819157004 0.573569298 0 0.819169283 0.573551714 0 0.819169283 0.573551714 0 0.819169283 0.573551714 0 0.707109034 0.707104564 0 0.707109034 0.707104564 0 0.707109034 0.707104564 0 0.707122028 0.70709151 1.02310487e-07 0.707122028 0.70709151 1.02310487e-07 0.707122028 0.70709151 1.02310487e-07 0.573550105 0.819170475 1.02304647e-07 0.573550105 0.819170475 1.02304647e-07 0.573550105 0.819170475 1.02304647e-07 0.573574722 0.81915319 0 0.573574722 0.81915319 0 0.573574722 0.81915319 0 0.42260316 0.90631479 0 0.42260316 0.90631479 0 0.42260316 0.90631479 0 0.422623247 0.906305492 2.0462133e-07 0.422623247 0.906305492 2.0462133e-07 0.422623247 0.906305492 2.0462133e-07 0.258824229 0.965924501 0 0.258824229 0.965924501 0 0.258824229 0.965924501 0 0.258824289 0.965924323 0 0.258824289 0.965924323 0 0.258824289 0.965924323 0 0.0871588439 0.996194482 2.04615873e-07 0.0871588439 0.996194482 2.04615873e-07 0.0871588439 0.996194482 2.04615873e-07 0.0871588141 0.996194482 0 0.0871588141 0.996194482 0 0.0871588141 0.996194482 0 -0.0871633813 0.996194005 0 -0.0871633813 0.996194005 0 -0.0871633813 0.996194005 0 -0.0871610865 0.996194243 0 -0.0871610865 0.996194243 0 -0.0871610865 0.996194243 0 -0.258811235 0.965927958 2.04612462e-07 -0.258811235 0.965927958 2.04612462e-07 -0.258811235 0.965927958 2.04612462e-07 -0.25880459 0.965929747 0 -0.25880459 0.965929747 0 -0.25880459 0.965929747 0 -0.422633231 0.906300724 0 -0.422633231 0.906300724 0 -0.422633231 0.906300724 0 -0.422643274 0.906296074 2.04631021e-07 -0.422643274 0.906296074 2.04631021e-07 -0.422643274 0.906296074 2.04631021e-07 -0.573550105 0.819170475 1.02304647e-07 -0.573550105 0.819170475 1.02304647e-07 -0.573550105 0.819170475 1.02304647e-07 -0.573574722 0.81915319 0 -0.573574722 0.81915319 0 -0.573574722 0.81915319 0 -0.707108796 0.707104683 1.02308604e-07 -0.707108796 0.707104683 1.02308604e-07 -0.707108796 0.707104683 1.02308604e-07 -0.707122207 0.707091331 0 -0.707122207 0.707091331 0 -0.707122207 0.707091331 0 -0.819144785 0.573586881 0 -0.819144785 0.573586881 0 -0.819144785 0.573586881 0 -0.819157004 0.573569298 0 -0.819157004 0.573569298 0 -0.819157004 0.573569298 0 -0.90631634 0.422600061 0 -0.90631634 0.422600061 0 -0.90631634 0.422600061 0 -0.906306207 0.422621518 2.55773625e-08 -0.906306207 0.422621518 2.55773625e-08 -0.906306207 0.422621518 2.55773625e-08 -0.965925753 0.258819371 1.27885693e-08 -0.965925753 0.258819371 1.27885693e-08 -0.965925753 0.258819371 1.27885693e-08 -0.965919197 0.25884369 1.27884769e-08 -0.965919197 0.25884369 1.27884769e-08 -0.965919197 0.25884369 1.27884769e-08 -0.996194005 0.0871642977 4.79575135e-09 -0.996194005 0.0871642977 4.79575135e-09 -0.996194005 0.0871642977 4.79575135e-09 -0.996194005 0.0871642604 4.79574913e-09 -0.996194005 0.0871642604 4.79574913e-09 -0.996194005 0.0871642604 4.79574913e-09 -0.996194005 -0.0871642977 -4.79575135e-09 -0.996194005 -0.0871642977 -4.79575135e-09 -0.996194005 -0.0871642977 -4.79575135e-09 -0.996194005 -0.0871642604 -3.19716609e-09 -0.996194005 -0.0871642604 -3.19716609e-09 -0.996194005 -0.0871642604 -3.19716609e-09 -0.965919197 -0.25884378 0 -0.965919197 -0.25884378 0 -0.965919197 -0.25884378 0 -0.965925813 -0.258819163 -2.55771191e-08 -0.965925813 -0.258819163 -2.55771191e-08 -0.965925813 -0.258819163 -2.55771191e-08 -0.906306207 -0.422621697 0 -0.906306207 -0.422621697 0 -0.906306207 -0.422621697 0 -0.90631634 -0.422600061 -2.55776484e-08 -0.90631634 -0.422600061 -2.55776484e-08 -0.90631634 -0.422600061 -2.55776484e-08 -0.819157004 -0.573569298 0 -0.819157004 -0.573569298 0 -0.819157004 -0.573569298 0 -0.819144905 -0.573586702 -5.11546361e-08 -0.819144905 -0.573586702 -5.11546361e-08 -0.819144905 -0.573586702 -5.11546361e-08 -0.707121968 -0.707091689 0 -0.707121968 -0.707091689 0 -0.707121968 -0.707091689 0 -0.707108915 -0.707104564 -1.0230859e-07 -0.707108915 -0.707104564 -1.0230859e-07 -0.707108915 -0.707104564 -1.0230859e-07 -0.573574722 -0.81915319 -2.04618061e-07 -0.573574722 -0.81915319 -2.04618061e-07 -0.573574722 -0.81915319 -2.04618061e-07 -0.573550105 -0.819170475 0 -0.573550105 -0.819170475 0 -0.573550105 -0.819170475 0 -0.422643274 -0.906296074 0 -0.422643274 -0.906296074 0 -0.422643274 -0.906296074 0 -0.422633231 -0.906300724 -2.04626161e-07 -0.422633231 -0.906300724 -2.04626161e-07 -0.422633231 -0.906300724 -2.04626161e-07 -0.258804649 -0.965929627 -2.04607261e-07 -0.258804649 -0.965929627 -2.04607261e-07 -0.258804649 -0.965929627 -2.04607261e-07 -0.258811146 -0.965927958 0 -0.258811146 -0.965927958 0 -0.258811146 -0.965927958 0 -0.0871439055 -0.996195734 0 -0.0871439055 -0.996195734 0 -0.0871439055 -0.996195734 0 -0.0871462524 -0.996195495 0 -0.0871462524 -0.996195495 0 -0.0871462524 -0.996195495 0 0.0871416852 -0.996195972 0 0.0871416852 -0.996195972 0 0.0871416852 -0.996195972 0 0.0871416628 -0.996195972 0 0.0871416628 -0.996195972 0 0.0871416628 -0.996195972 0 0.258824229 -0.965924501 0 0.258824229 -0.965924501 0 0.258824229 -0.965924501 0 0.258824289 -0.965924323 0 0.258824289 -0.965924323 0 0.258824289 -0.965924323 0 0.422623247 -0.906305492 0 0.422623247 -0.906305492 0 0.422623247 -0.906305492 0 0.42260316 -0.90631479 -1.02305798e-07 0.42260316 -0.90631479 -1.02305798e-07 0.42260316 -0.90631479 -1.02305798e-07 0.573574722 -0.81915319 -2.04618061e-07 0.573574722 -0.81915319 -2.04618061e-07 0.573574722 -0.81915319 -2.04618061e-07 0.573550105 -0.819170475 0 0.573550105 -0.819170475 0 0.573550105 -0.819170475 0 0.707122147 -0.707091451 -1.0231048e-07 0.707122147 -0.707091451 -1.0231048e-07 0.707122147 -0.707091451 -1.0231048e-07 0.707108736 -0.707104862 0 0.707108736 -0.707104862 0 0.707108736 -0.707104862 0 0.819169521 -0.573551536 0 0.819169521 -0.573551536 0 0.819169521 -0.573551536 0 0.819157004 -0.573569298 -5.11554177e-08 0.819157004 -0.573569298 -5.11554177e-08 0.819157004 -0.573569298 -5.11554177e-08 0.906296194 -0.422643036 0 0.906296194 -0.422643036 0 0.906296194 -0.422643036 0 0.906316221 -0.42260015 -2.55776555e-08 0.906316221 -0.42260015 -2.55776555e-08 0.906316221 -0.42260015 -2.55776555e-08 0.965919197 -0.25884369 0 0.965919197 -0.25884369 0 0.965919197 -0.25884369 0 0.965925753 -0.258819252 -2.5577128e-08 0.965925753 -0.258819252 -2.5577128e-08 0.965925753 -0.258819252 -2.5577128e-08 0.996194005 -0.0871642604 -3.19716609e-09 0.996194005 -0.0871642604 -3.19716609e-09 0.996194005 -0.0871642604 -3.19716609e-09 0.99619621 -0.0871383026 -4.79576201e-09 0.99619621 -0.0871383026 -4.79576201e-09 0.99619621 -0.0871383026 -4.79576201e-09 -1 2.06432389e-07 0 -1 2.06432389e-07 0 -1 2.06432389e-07 0 -1 0 0 -1 0 0 -1 0 0 1 -2.06432347e-07 0 1 -2.06432347e-07 0 1 -2.06432347e-07 0 1 4.12864779e-07 0 1 4.12864779e-07 0 1 4.12864779e-07 0 1.28024624e-06 0 1 1.28024624e-06 0 1 1.28024624e-06 0 1 0 0 1 0 0 1 0 0 1 -1.28020747e-06 0 0.99999994 -1.28020747e-06 0 0.99999994 -1.28020747e-06 0 0.99999994 0 0 1 0 0 1 0 0 1 -5.75329238e-07 0 1 -5.75329238e-07 0 1 -5.75329238e-07 0 1 4.38521539e-07 0 1 4.38521539e-07 0 1 4.38521539e-07 0 1 -7.46393425e-07 0 1 -7.46393425e-07 0 1 -7.46393425e-07 0 1 2.92001488e-07 0 1 2.92001488e-07 0 1 2.92001488e-07 0 1 -1.05801519e-06 0 1 -1.05801519e-06 0 1 -1.05801519e-06 0 1 0 0 1 0 0 1 0 0 1 0 0 1 0 0 1 0 0 1 0 0 1 0 0 1 0 0 1 2.92794908e-07 0 1 2.92794908e-07 0 1 2.92794908e-07 0 1 -1.02577565e-06 0 0.99999994 -1.02577565e-06 0 0.99999994 -1.02577565e-06 0 0.99999994 0 0 0.99999994 0 0 0.99999994 0 0 0.99999994 -5.83614735e-07 0 1 -5.83614735e-07 0 1 -5.83614735e-07 0 1 1.05516892e-06 0 1 1.05516892e-06 0 1 1.05516892e-06 0 1 1.1405151e-07 -1.45326496e-07 1 1.1405151e-07 -1.45326496e-07 1 1.1405151e-07 -1.45326496e-07 1 0 0 1 0 0 1 0 0 1 -2.88346655e-07 0 1 -2.88346655e-07 0 1 -2.88346655e-07 0 1 0 0 1 0 0 1 0 0 1 -6.2894137e-06 0 1 -6.2894137e-06 0 1 -6.2894137e-06 0 1 1.50234359e-06 0 0.99999994 1.50234359e-06 0 0.99999994 1.50234359e-06 0 0.99999994 0 0 1 0 0 1 0 0 1 0 0 1 0 0 1 0 0 1 0 0 1 0 0 1 0 0 1 0 0 1 0 0 1 0 0 1 0 0 1 0 0 1 0 0 1 0 0 1 0 0 1 0 0 1 0 0 1 0 0 1 0 0 1 -6.88257785e-07 0 1 -6.88257785e-07 0 1 -6.88257785e-07 0 1 -2.18025278e-07 -1.45326894e-07 1 -2.18025278e-07 -1.45326894e-07 1 -2.18025278e-07 -1.45326894e-07 1 0 5.26418056e-08 1 0 5.26418056e-08 1 0 5.26418056e-08 1 0 -1.05165077e-06 1 0 -1.05165077e-06 1 0 -1.05165077e-06 1 0 0 1 0 0 1 0 0 1 -4.19181049e-07 0 1 -4.19181049e-07 0 1 -4.19181049e-07 0 1 0 0 0.99999994 0 0 0.99999994 0 0 0.99999994 0 0 1 0 0 1 0 0 1 0 0 1 0 0 1 0 0 1 8.38374774e-07 0 1 8.38374774e-07 0 1 8.38374774e-07 0 1 -8.55133521e-07 0 1 -8.55133521e-07 0 1 -8.55133521e-07 0 1 1.2575199e-06 0 1 1.2575199e-06 0 1 1.2575199e-06 0 1 0 0 1 0 0 1 0 0 1 0 0 1 0 0 1 0 0 1 0 0 1 0 0 1 0 0 1 4.19198614e-07 0 0.99999994 4.19198614e-07 0 0.99999994 4.19198614e-07 0 0.99999994 0 0 0.99999994 0 0 0.99999994 0 0 0.99999994 0 0 1 0 0 1 0 0 1 0 0 1 0 0 1 0 0 1 -1.36233155e-06 0 1 -1.36233155e-06 0 1 -1.36233155e-06 0 1 8.55139376e-07 0 1 8.55139376e-07 0 1 8.55139376e-07 0 1 -1.23135464e-06 0 1 -1.23135464e-06 0 1 -1.23135464e-06 0 1 0 0 1 0 0 1 0 0 1 -4.45389588e-07 0 1 -4.45389588e-07 0 1 -4.45389588e-07 0 1 8.55139376e-07 0 1 8.55139376e-07 0 1 8.55139376e-07 0 1 -3.14382106e-07 0 1 -3.14382106e-07 0 1 -3.14382106e-07 0 1 0 0 0.99999994 0 0 0.99999994 0 0 0.99999994 0 0 1 0 0 1 0 0 1 0 0 1 0 0 1 0 0 1 -4.19198614e-07 0 0.99999994 -4.19198614e-07 0 0.99999994 -4.19198614e-07 0 0.99999994 -4.27572616e-07 0 1 -4.27572616e-07 0 1 -4.27572616e-07 0 1 8.38369147e-07 0 1 8.38369147e-07 0 1 8.38369147e-07 0 1 -4.27566761e-07 0 1 -4.27566761e-07 0 1 -4.27566761e-07 0 1 4.19170505e-07 0 1 4.19170505e-07 0 1 4.19170505e-07 0 1 0 0 1 0 0 1 0 0 1 0 0 1 0 0 1 0 0 1 -4.67644732e-08 0 0.99999994 -4.67644732e-08 0 0.99999994 -4.67644732e-08 0 0.99999994 0 0 1 0 0 1 0 0 1 2.1378338e-07 0 1 2.1378338e-07 0 1 2.1378338e-07 0 1 0 0 1 0 0 1 0 0 1 0 -1.0516502e-06 1 0 -1.0516502e-06 1 0 -1.0516502e-06 1 1.20600498e-06 0 1 1.20600498e-06 0 1 1.20600498e-06 0 1 -1.18274886e-06 0 1 -1.18274886e-06 0 1 -1.18274886e-06 0 1 1.09404641e-06 0 1 1.09404641e-06 0 1 1.09404641e-06 0 1 0 0 0.99999994 0 0 0.99999994 0 0 0.99999994 6.2887807e-06 0 1 6.2887807e-06 0 1 6.2887807e-06 0 1 -2.80510562e-07 0 0.99999994 -2.80510562e-07 0 0.99999994 -2.80510562e-07 0 0.99999994 1.02575882e-06 0 0.99999994 1.02575882e-06 0 0.99999994 1.02575882e-06 0 0.99999994 -2.92789423e-07 0 1 -2.92789423e-07 0 1 -2.92789423e-07 0 1 -0.996195138 -0.0871515423 0 -0.996195138 -0.0871515423 0 -0.996195138 -0.0871515423 0 -0.996194899 -0.0871531218 0 -0.996194899 -0.0871531218 0 -0.996194899 -0.0871531218 0 -0.965925217 -0.258821338 0 -0.965925217 -0.258821338 0 -0.965925217 -0.258821338 0 -0.965924978 -0.258822143 0 -0.965924978 -0.258822143 0 -0.965924978 -0.258822143 0 -0.906309485 -0.422614455 0 -0.906309485 -0.422614455 0 -0.906309485 -0.422614455 0 -0.906308889 -0.422615826 0 -0.906308889 -0.422615826 0 -0.906308889 -0.422615826 0 -0.819153309 -0.573574662 0 -0.819153309 -0.573574662 0 -0.819153309 -0.573574662 0 -0.81915319 -0.573574722 0 -0.81915319 -0.573574722 0 -0.81915319 -0.573574722 0 -0.707095563 -0.707118094 0 -0.707095563 -0.707118094 0 -0.707095563 -0.707118094 0 -0.707095802 -0.707117736 0 -0.707095802 -0.707117736 0 -0.707095802 -0.707117736 0 -0.573581994 -0.819148183 0 -0.573581994 -0.819148183 0 -0.573581994 -0.819148183 0 -0.573581994 -0.819148183 0 -0.573581994 -0.819148183 0 -0.573581994 -0.819148183 0 -0.422627091 -0.906303585 0 -0.422627091 -0.906303585 0 -0.422627091 -0.906303585 0 -0.422627091 -0.906303704 0 -0.422627091 -0.906303704 0 -0.422627091 -0.906303704 0 -0.258812666 -0.965927601 0 -0.258812666 -0.965927601 0 -0.258812666 -0.965927601 0 -0.258812755 -0.965927601 0 -0.258812755 -0.965927601 0 -0.258812755 -0.965927601 0 -0.0871539786 -0.996194839 0 -0.0871539786 -0.996194839 0 -0.0871539786 -0.996194839 0 -0.0871540084 -0.996194959 0 -0.0871540084 -0.996194959 0 -0.0871540084 -0.996194959 0 0.0871539786 -0.996194839 0 0.0871539786 -0.996194839 0 0.0871539786 -0.996194839 0 0.0871540084 -0.996194959 0 0.0871540084 -0.996194959 0 0.0871540084 -0.996194959 0 0.258812755 -0.965927482 0 0.258812755 -0.965927482 0 0.258812755 -0.965927482 0 0.258812696 -0.965927601 0 0.258812696 -0.965927601 0 0.258812696 -0.965927601 0 0.422627091 -0.906303585 0 0.422627091 -0.906303585 0 0.422627091 -0.906303585 0 0.422626942 -0.906303704 0 0.422626942 -0.906303704 0 0.422626942 -0.906303704 0 0.573581815 -0.819148242 0 0.573581815 -0.819148242 0 0.573581815 -0.819148242 0 0.573582351 -0.819147825 0 0.573582351 -0.819147825 0 0.573582351 -0.819147825 0 0.707095563 -0.707118094 0 0.707095563 -0.707118094 0 0.707095563 -0.707118094 0 0.707095802 -0.707117736 0 0.707095802 -0.707117736 0 0.707095802 -0.707117736 0 0.819157183 -0.573569059 0 0.819157183 -0.573569059 0 0.819157183 -0.573569059 0 0.819157481 -0.573568642 0 0.819157481 -0.573568642 0 0.819157481 -0.573568642 0 0.906306088 -0.422621995 0 0.906306088 -0.422621995 0 0.906306088 -0.422621995 0 0.906305969 -0.422622055 0 0.906305969 -0.422622055 0 0.906305969 -0.422622055 0 0.965924978 -0.258822054 0 0.965924978 -0.258822054 0 0.965924978 -0.258822054 0 0.965924799 -0.258822858 0 0.965924799 -0.258822858 0 0.965924799 -0.258822858 0 0.996194959 -0.0871522874 0 0.996194959 -0.0871522874 0 0.996194959 -0.0871522874 0 0.996195018 -0.0871523768 0 0.996195018 -0.0871523768 0 0.996195018 -0.0871523768 0 0.0871465057 -0.996195555 0 0.0871465057 -0.996195555 0 0.0871465057 -0.996195555 0 0.0871465653 -0.996195495 0 0.0871465653 -0.996195495 0 0.0871465653 -0.996195495 0 0.25883767 -0.965920806 0 0.25883767 -0.965920806 0 0.25883767 -0.965920806 0 0.25883773 -0.965920806 0 0.25883773 -0.965920806 0 0.25883773 -0.965920806 0 0.422624022 -0.906305075 0 0.422624022 -0.906305075 0 0.422624022 -0.906305075 0 0.422624081 -0.906305134 0 0.422624081 -0.906305134 0 0.422624081 -0.906305134 0 0.573562086 -0.819162071 0 0.573562086 -0.819162071 0 0.573562086 -0.819162071 0 0.573562086 -0.819162071 0 0.573562086 -0.819162071 0 0.573562086 -0.819162071 0 0.707105339 -0.7071082 0 0.707105339 -0.7071082 0 0.707105339 -0.7071082 0 0.70710516 -0.707108438 0 0.70710516 -0.707108438 0 0.70710516 -0.707108438 0 0.819156647 -0.573569953 0 0.819156647 -0.573569953 0 0.819156647 -0.573569953 0 0.819156408 -0.573570311 0 0.819156408 -0.573570311 0 0.819156408 -0.573570311 0 0.906309426 -0.422614664 0 0.906309426 -0.422614664 0 0.906309426 -0.422614664 0 0.906308889 -0.422616035 0 0.906308889 -0.422616035 0 0.906308889 -0.422616035 0 0.965923905 -0.258826494 0 0.965923905 -0.258826494 0 0.965923905 -0.258826494 0 0.965924323 -0.258824736 0 0.965924323 -0.258824736 0 0.965924323 -0.258824736 0 0.996195853 -0.0871427804 0 0.996195853 -0.0871427804 0 0.996195853 -0.0871427804 0 0.996195972 -0.0871410891 0 0.996195972 -0.0871410891 0 0.996195972 -0.0871410891 0 0.996195734 0.0871440321 0 0.996195734 0.0871440321 0 0.996195734 0.0871440321 0 0.996195674 0.0871452168 0 0.996195674 0.0871452168 0 0.996195674 0.0871452168 0 0.965928555 0.258808821 0 0.965928555 0.258808821 0 0.965928555 0.258808821 0 0.965928555 0.258808941 0 0.965928555 0.258808941 0 0.965928555 0.258808941 0 0.906299829 0.422635287 0 0.906299829 0.422635287 0 0.906299829 0.422635287 0 0.906300187 0.422634661 0 0.906300187 0.422634661 0 0.906300187 0.422634661 0 0.81916213 0.573562026 0 0.81916213 0.573562026 0 0.81916213 0.573562026 0 0.81916213 0.573562026 0 0.81916213 0.573562026 0 0.81916213 0.573562026 0 0.707096934 0.707116604 0 0.707096934 0.707116604 0 0.707096934 0.707116604 0 0.707096636 0.707116902 0 0.707096636 0.707116902 0 0.707096636 0.707116902 0 0.573573411 0.819154203 0 0.573573411 0.819154203 0 0.573573411 0.819154203 0 0.57357353 0.819154084 0 0.57357353 0.819154084 0 0.57357353 0.819154084 0 0.422623903 0.906305194 0 0.422623903 0.906305194 0 0.422623903 0.906305194 0 0.422624022 0.906305075 0 0.422624022 0.906305075 0 0.422624022 0.906305075 0 0.258822054 0.965924978 0 0.258822054 0.965924978 0 0.258822054 0.965924978 0 0.258822024 0.965925038 0 0.258822024 0.965925038 0 0.258822024 0.965925038 0 0.0871631727 0.996194065 0 0.0871631727 0.996194065 0 0.0871631727 0.996194065 0 0.0871631578 0.996194005 0 0.0871631578 0.996194005 0 0.0871631578 0.996194005 0 -0.0871631727 0.996194065 0 -0.0871631727 0.996194065 0 -0.0871631727 0.996194065 0 -0.0871631578 0.996194005 0 -0.0871631578 0.996194005 0 -0.0871631578 0.996194005 0 -0.258822024 0.965925038 0 -0.258822024 0.965925038 0 -0.258822024 0.965925038 0 -0.258822143 0.965925038 0 -0.258822143 0.965925038 0 -0.258822143 0.965925038 0 -0.422623903 0.906305194 0 -0.422623903 0.906305194 0 -0.422623903 0.906305194 0 -0.422624022 0.906305075 0 -0.422624022 0.906305075 0 -0.422624022 0.906305075 0 -0.573573411 0.819154203 0 -0.573573411 0.819154203 0 -0.573573411 0.819154203 0 -0.57357353 0.819154084 0 -0.57357353 0.819154084 0 -0.57357353 0.819154084 0 -0.707096934 0.707116604 0 -0.707096934 0.707116604 0 -0.707096934 0.707116604 0 -0.707096636 0.707116902 0 -0.707096636 0.707116902 0 -0.707096636 0.707116902 0 -0.81916213 0.573562026 0 -0.81916213 0.573562026 0 -0.81916213 0.573562026 0 -0.819161713 0.573562562 0 -0.819161713 0.573562562 0 -0.819161713 0.573562562 0 -0.906299829 0.422635287 0 -0.906299829 0.422635287 0 -0.906299829 0.422635287 0 -0.906300187 0.422634661 0 -0.906300187 0.422634661 0 -0.906300187 0.422634661 0 -0.965928733 0.258808076 0 -0.965928733 0.258808076 0 -0.965928733 0.258808076 0 -0.965928674 0.258808166 0 -0.965928674 0.258808166 0 -0.965928674 0.258808166 0 -0.996194124 0.0871618986 0 -0.996194124 0.0871618986 0 -0.996194124 0.0871618986 0 -0.996194184 0.087161459 0 -0.996194184 0.087161459 0 -0.996194184 0.087161459 0 -0.996194363 -0.0871590227 0 -0.996194363 -0.0871590227 0 -0.996194363 -0.0871590227 0 -0.996194541 -0.0871581435 0 -0.996194541 -0.0871581435 0 -0.996194541 -0.0871581435 0 -0.965924025 -0.258825719 0 -0.965924025 -0.258825719 0 -0.965924025 -0.258825719 0 -0.965924323 -0.258824736 0 -0.965924323 -0.258824736 0 -0.965924323 -0.258824736 0 -0.906309187 -0.422615379 0 -0.906309187 -0.422615379 0 -0.906309187 -0.422615379 0 -0.906308889 -0.422616035 0 -0.906308889 -0.422616035 0 -0.906308889 -0.422616035 0 -0.819156289 -0.57357049 0 -0.819156289 -0.57357049 0 -0.819156289 -0.57357049 0 -0.819156766 -0.573569715 0 -0.819156766 -0.573569715 0 -0.819156766 -0.573569715 0 -0.707104981 -0.707108676 0 -0.707104981 -0.707108676 0 -0.707104981 -0.707108676 0 -0.707105517 -0.707108021 0 -0.707105517 -0.707108021 0 -0.707105517 -0.707108021 0 -0.573562086 -0.819162071 0 -0.573562086 -0.819162071 0 -0.573562086 -0.819162071 0 -0.573562086 -0.819162071 0 -0.573562086 -0.819162071 0 -0.573562086 -0.819162071 0 -0.422624022 -0.906305075 0 -0.422624022 -0.906305075 0 -0.422624022 -0.906305075 0 -0.422624081 -0.906305134 0 -0.422624081 -0.906305134 0 -0.422624081 -0.906305134 0 -0.25883773 -0.965920806 0 -0.25883773 -0.965920806 0 -0.25883773 -0.965920806 0 -0.25883773 -0.965920806 0 -0.25883773 -0.965920806 0 -0.25883773 -0.965920806 0 -0.0871464908 -0.996195495 0 -0.0871464908 -0.996195495 0 -0.0871464908 -0.996195495 0 -0.0871465802 -0.996195555 0 -0.0871465802 -0.996195555 0 -0.0871465802 -0.996195555 0 0 1 0 0 1 0 0 1 0 0 1 2.06430045e-07 0 1 2.06430045e-07 0 1 2.06430045e-07 0 -1 -2.06431409e-07 0 -1 -2.06431409e-07 0 -1 -2.06431409e-07 0 -1 0 0 -1 0 0 -1 0 -2.7753336e-07 -5.46286856e-08 1 -2.7753336e-07 -5.46286856e-08 1 -2.7753336e-07 -5.46286856e-08 1 0 0 1 0 0 1 0 0 1 0 0 1 0 0 1 0 0 1 -3.75680679e-06 0 1 -3.75680679e-06 0 1 -3.75680679e-06 0 1 7.52279959e-07 0 1 7.52279959e-07 0 1 7.52279959e-07 0 1 3.29877395e-07 0 1 3.29877395e-07 0 1 3.29877395e-07 0 1 -1.83918871e-06 0 1 -1.83918871e-06 0 1 -1.83918871e-06 0 1 0 0 1 0 0 1 0 0 1 -2.22632862e-05 -5.97423877e-07 1 -2.22632862e-05 -5.97423877e-07 1 -2.22632862e-05 -5.97423877e-07 1 2.33661231e-05 -1.07358915e-06 1 2.33661231e-05 -1.07358915e-06 1 2.33661231e-05 -1.07358915e-06 1 0 -4.49396467e-08 1 0 -4.49396467e-08 1 0 -4.49396467e-08 1 3.37826145e-06 -5.51243353e-08 1 3.37826145e-06 -5.51243353e-08 1 3.37826145e-06 -5.51243353e-08 1 -8.94234381e-06 -9.28674183e-07 0.99999994 -8.94234381e-06 -9.28674183e-07 0.99999994 -8.94234381e-06 -9.28674183e-07 0.99999994 -1.7195988e-06 -6.91791087e-08 1 -1.7195988e-06 -6.91791087e-08 1 -1.7195988e-06 -6.91791087e-08 1 9.43297346e-06 -5.21847085e-07 1 9.43297346e-06 -5.21847085e-07 1 9.43297346e-06 -5.21847085e-07 1 -3.50543337e-06 2.58240243e-06 1 -3.50543337e-06 2.58240243e-06 1 -3.50543337e-06 2.58240243e-06 1 -6.17893477e-07 0 1 -6.17893477e-07 0 1 -6.17893477e-07 0 1 6.11936684e-07 0 1 6.11936684e-07 0 1 6.11936684e-07 0 1 -3.19992381e-07 0 1 -3.19992381e-07 0 1 -3.19992381e-07 0 1 1.3122085e-06 0 1 1.3122085e-06 0 1 1.3122085e-06 0 1 -7.64542278e-07 0 1 -7.64542278e-07 0 1 -7.64542278e-07 0 1 0 0 0.99999994 0 0 0.99999994 0 0 0.99999994 -2.83816917e-07 0 0.99999994 -2.83816917e-07 0 0.99999994 -2.83816917e-07 0 0.99999994 0 0 1 0 0 1 0 0 1 0 0 0.99999994 0 0 0.99999994 0 0 0.99999994 0 2.91629232e-09 1 0 2.91629232e-09 1 0 2.91629232e-09 1 -1.06930502e-05 -7.38312593e-08 1 -1.06930502e-05 -7.38312593e-08 1 -1.06930502e-05 -7.38312593e-08 1 0 -6.91792295e-08 1 0 -6.91792295e-08 1 0 -6.91792295e-08 1 -1.34135462e-05 -9.28676286e-07 0.99999994 -1.34135462e-05 -9.28676286e-07 0.99999994 -1.34135462e-05 -9.28676286e-07 0.99999994 0 -1.22166028e-07 0.99999994 0 -1.22166028e-07 0.99999994 0 -1.22166028e-07 0.99999994 1.80369079e-06 -9.66852696e-08 1 1.80369079e-06 -9.66852696e-08 1 1.80369079e-06 -9.66852696e-08 1 0 -8.81400481e-08 1 0 -8.81400481e-08 1 0 -8.81400481e-08 1 3.78502932e-06 0 1 3.78502932e-06 0 1 3.78502932e-06 0 1 2.73519163e-07 0 1 2.73519163e-07 0 1 2.73519163e-07 0 1 0 0 1 0 0 1 0 0 1 -7.64541994e-07 0 1 -7.64541994e-07 0 1 -7.64541994e-07 0 1 0 0 1 0 0 1 0 0 1 0 0 1 0 0 1 0 0 1 4.45376514e-07 0 1 4.45376514e-07 0 1 4.45376514e-07 0 1 8.55140115e-07 0 1 8.55140115e-07 0 1 8.55140115e-07 0 1 -4.45385581e-07 0 1 -4.45385581e-07 0 1 -4.45385581e-07 0 1 0 0 1 0 0 1 0 0 1 -1.15276578e-06 0 1 -1.15276578e-06 0 1 -1.15276578e-06 0 1 0 0 1 0 0 1 0 0 1 -6.28783994e-07 0 1 -6.28783994e-07 0 1 -6.28783994e-07 0 1 0 0 1 0 0 1 0 0 1 4.19185369e-07 0 1 4.19185369e-07 0 1 4.19185369e-07 0 1 4.27564942e-07 0 1 4.27564942e-07 0 1 4.27564942e-07 0 1 -2.09590553e-07 0 1 -2.09590553e-07 0 1 -2.09590553e-07 0 1 0 0 0.99999994 0 0 0.99999994 0 0 0.99999994 0 0 1 0 0 1 0 0 1 0 0 1 0 0 1 0 0 1 0 0 1 0 0 1 0 0 1 1.50316936e-07 0 1 1.50316936e-07 0 1 1.50316936e-07 0 1 0 0 1 0 0 1 0 0 1 2.13783821e-07 0 1 2.13783821e-07 0 1 2.13783821e-07 0 1 0 0 1 0 0 1 0 0 1 0 0 1 0 0 1 0 0 1 -4.19183522e-07 0 1 -4.19183522e-07 0 1 -4.19183522e-07 0 1 -4.2756804e-07 0 1 -4.2756804e-07 0 1 -4.2756804e-07 0 1 -4.19179997e-07 0 1 -4.19179997e-07 0 1 -4.19179997e-07 0 1 8.55131532e-07 0 1 8.55131532e-07 0 1 8.55131532e-07 0 1 -4.19188268e-07 0 1 -4.19188268e-07 0 1 -4.19188268e-07 0 1 0 0 1 0 0 1 0 0 1 -4.19184204e-07 0 0.99999994 -4.19184204e-07 0 0.99999994 -4.19184204e-07 0 0.99999994 8.55129315e-07 0 1 8.55129315e-07 0 1 8.55129315e-07 0 1 -6.28771659e-07 0 1 -6.28771659e-07 0 1 -6.28771659e-07 0 1 0 0 1 0 0 1 0 0 1 4.19184403e-07 0 1 4.19184403e-07 0 1 4.19184403e-07 0 1 0 0 1 0 0 1 0 0 1 -6.28784846e-07 0 1 -6.28784846e-07 0 1 -6.28784846e-07 0 1 0 0 1 0 0 1 0 0 1 5.23983999e-07 0 1 5.23983999e-07 0 1 5.23983999e-07 0 1 0 0 1 0 0 1 0 0 1 4.45385467e-07 0 1 4.45385467e-07 0 1 4.45385467e-07 0 1 -4.45377992e-07 0 1 -4.45377992e-07 0 1 -4.45377992e-07 0 1 -5.5063806e-06 0 1 -5.5063806e-06 0 1 -5.5063806e-06 0 1 4.50698826e-06 2.58240379e-06 1 4.50698826e-06 2.58240379e-06 1 4.50698826e-06 2.58240379e-06 1 -9.43301347e-06 -5.21849302e-07 1 -9.43301347e-06 -5.21849302e-07 1 -9.43301347e-06 -5.21849302e-07 1 -0.0871537626 0.996194899 1.89740419e-07 -0.0871537626 0.996194899 1.89740419e-07 -0.0871537626 0.996194899 1.89740419e-07 -0.0871526897 0.996194959 1.89738103e-07 -0.0871526897 0.996194959 1.89738103e-07 -0.0871526897 0.996194959 1.89738103e-07 -0.258823693 0.965924501 1.89738643e-07 -0.258823693 0.965924501 1.89738643e-07 -0.258823693 0.965924501 1.89738643e-07 -0.258823603 0.96592468 0 -0.258823603 0.96592468 0 -0.258823603 0.96592468 0 -0.422610372 0.906311572 1.89735758e-07 -0.422610372 0.906311572 1.89735758e-07 -0.422610372 0.906311572 1.89735758e-07 -0.422614723 0.906309426 9.48688808e-08 -0.422614723 0.906309426 9.48688808e-08 -0.422614723 0.906309426 9.48688808e-08 -0.573583245 0.819147229 0 -0.573583245 0.819147229 0 -0.573583245 0.819147229 0 -0.573577404 0.819151461 1.89736298e-07 -0.573577404 0.819151461 1.89736298e-07 -0.573577404 0.819151461 1.89736298e-07 -0.707106888 0.70710659 0 -0.707106888 0.70710659 0 -0.707106888 0.70710659 0 -0.707106531 0.707107127 0 -0.707106531 0.707107127 0 -0.707106531 0.707107127 0 -0.819153666 0.573574126 0 -0.819153666 0.573574126 0 -0.819153666 0.573574126 0 -0.819147527 0.573582888 4.74341988e-08 -0.819147527 0.573582888 4.74341988e-08 -0.819147527 0.573582888 4.74341988e-08 -0.906312525 0.422608078 0 -0.906312525 0.422608078 0 -0.906312525 0.422608078 0 -0.906302869 0.42262888 2.37169555e-08 -0.906302869 0.42262888 2.37169555e-08 -0.906302869 0.42262888 2.37169555e-08 -0.965925515 0.258820385 0 -0.965925515 0.258820385 0 -0.965925515 0.258820385 0 -0.965925217 0.258821428 1.18585994e-08 -0.965925217 0.258821428 1.18585994e-08 -0.965925217 0.258821428 1.18585994e-08 -0.996195018 0.087151736 4.44697212e-09 -0.996195018 0.087151736 4.44697212e-09 -0.996195018 0.087151736 4.44697212e-09 -0.996193886 0.0871649534 2.96464453e-09 -0.996193886 0.0871649534 2.96464453e-09 -0.996193886 0.0871649534 2.96464453e-09 -0.996194065 -0.0871637911 -4.44696724e-09 -0.996194065 -0.0871637911 -4.44696724e-09 -0.996194065 -0.0871637911 -4.44696724e-09 -0.996195197 -0.0871505588 -2.96464808e-09 -0.996195197 -0.0871505588 -2.96464808e-09 -0.996195197 -0.0871505588 -2.96464808e-09 -0.965925515 -0.258820355 -2.3717206e-08 -0.965925515 -0.258820355 -2.3717206e-08 -0.965925515 -0.258820355 -2.3717206e-08 -0.965925813 -0.258819312 0 -0.965925813 -0.258819312 0 -0.965925813 -0.258819312 0 -0.906303287 -0.422628045 -4.74339394e-08 -0.906303287 -0.422628045 -4.74339394e-08 -0.906303287 -0.422628045 -4.74339394e-08 -0.906312943 -0.422607124 0 -0.906312943 -0.422607124 0 -0.906312943 -0.422607124 0 -0.819147944 -0.573582292 0 -0.819147944 -0.573582292 0 -0.819147944 -0.573582292 0 -0.819154143 -0.573573411 -4.74345825e-08 -0.819154143 -0.573573411 -4.74345825e-08 -0.819154143 -0.573573411 -4.74345825e-08 -0.707106888 -0.70710659 0 -0.707106888 -0.70710659 0 -0.707106888 -0.70710659 0 -0.707107425 -0.707106173 -9.48682626e-08 -0.707107425 -0.707106173 -9.48682626e-08 -0.707107425 -0.707106173 -9.48682626e-08 -0.573572159 -0.819155037 0 -0.573572159 -0.819155037 0 -0.573572159 -0.819155037 0 -0.57357806 -0.819150925 -9.48696481e-08 -0.57357806 -0.819150925 -9.48696481e-08 -0.57357806 -0.819150925 -9.48696481e-08 -0.422621965 -0.906306088 -1.8973715e-07 -0.422621965 -0.906306088 -1.8973715e-07 -0.422621965 -0.906306088 -1.8973715e-07 -0.422617555 -0.906308115 -9.48675662e-08 -0.422617555 -0.906308115 -9.48675662e-08 -0.422617555 -0.906308115 -9.48675662e-08 -0.25882417 -0.965924442 0 -0.25882417 -0.965924442 0 -0.25882417 -0.965924442 0 -0.258824289 -0.965924442 -1.89738685e-07 -0.258824289 -0.965924442 -1.89738685e-07 -0.258824289 -0.965924442 -1.89738685e-07 -0.0871526971 -0.996194839 0 -0.0871526971 -0.996194839 0 -0.0871526971 -0.996194839 0 -0.0871537775 -0.996194839 0 -0.0871537775 -0.996194839 0 -0.0871537775 -0.996194839 0 -0.996194005 -0.0871642977 -4.79575135e-09 -0.996194005 -0.0871642977 -4.79575135e-09 -0.996194005 -0.0871642977 -4.79575135e-09 -0.996194005 -0.0871642604 -3.19716609e-09 -0.996194005 -0.0871642604 -3.19716609e-09 -0.996194005 -0.0871642604 -3.19716609e-09 -0.965919197 -0.25884378 0 -0.965919197 -0.25884378 0 -0.965919197 -0.25884378 0 -0.965925813 -0.258819163 -2.55771191e-08 -0.965925813 -0.258819163 -2.55771191e-08 -0.965925813 -0.258819163 -2.55771191e-08 -0.906316221 -0.42260015 0 -0.906316221 -0.42260015 0 -0.906316221 -0.42260015 0 -0.906306207 -0.422621518 -2.55773625e-08 -0.906306207 -0.422621518 -2.55773625e-08 -0.906306207 -0.422621518 -2.55773625e-08 -0.819144785 -0.573586881 0 -0.819144785 -0.573586881 0 -0.819144785 -0.573586881 0 -0.819157124 -0.573569059 -5.11553999e-08 -0.819157124 -0.573569059 -5.11553999e-08 -0.819157124 -0.573569059 -5.11553999e-08 -0.707095742 -0.707117856 0 -0.707095742 -0.707117856 0 -0.707095742 -0.707117856 0 -0.707122028 -0.70709151 -1.02310487e-07 -0.707122028 -0.70709151 -1.02310487e-07 -0.707122028 -0.70709151 -1.02310487e-07 -0.573574722 -0.81915319 -1.02309031e-07 -0.573574722 -0.81915319 -1.02309031e-07 -0.573574722 -0.81915319 -1.02309031e-07 -0.573574722 -0.81915319 0 -0.573574722 -0.81915319 0 -0.573574722 -0.81915319 0 -0.422623247 -0.906305492 0 -0.422623247 -0.906305492 0 -0.422623247 -0.906305492 0 -0.422623247 -0.906305492 -2.0462133e-07 -0.422623247 -0.906305492 -2.0462133e-07 -0.422623247 -0.906305492 -2.0462133e-07 -0.258817762 -0.965926111 -2.04617621e-07 -0.258817762 -0.965926111 -2.04617621e-07 -0.258817762 -0.965926111 -2.04617621e-07 -0.258824229 -0.965924501 0 -0.258824229 -0.965924501 0 -0.258824229 -0.965924501 0 -0.087141633 -0.996195972 0 -0.087141633 -0.996195972 0 -0.087141633 -0.996195972 0 -0.08714398 -0.996195734 0 -0.08714398 -0.996195734 0 -0.08714398 -0.996195734 0 0.0871416852 -0.996195972 0 0.0871416852 -0.996195972 0 0.0871416852 -0.996195972 0 0.0871416628 -0.996195972 0 0.0871416628 -0.996195972 0 0.0871416628 -0.996195972 0 0.258817703 -0.96592623 -2.04617649e-07 0.258817703 -0.96592623 -2.04617649e-07 0.258817703 -0.96592623 -2.04617649e-07 0.258817762 -0.965926111 0 0.258817762 -0.965926111 0 0.258817762 -0.965926111 0 0.42260316 -0.90631479 0 0.42260316 -0.90631479 0 0.42260316 -0.90631479 0 0.422623247 -0.906305492 -1.02310665e-07 0.422623247 -0.906305492 -1.02310665e-07 0.422623247 -0.906305492 -1.02310665e-07 0.57358706 -0.819144666 -1.02311233e-07 0.57358706 -0.819144666 -1.02311233e-07 0.57358706 -0.819144666 -1.02311233e-07 0.573574722 -0.81915319 0 0.573574722 -0.81915319 0 0.573574722 -0.81915319 0 0.707095921 -0.707117617 0 0.707095921 -0.707117617 0 0.707095921 -0.707117617 0 0.707121849 -0.707091749 -1.02310523e-07 0.707121849 -0.707091749 -1.02310523e-07 0.707121849 -0.707091749 -1.02310523e-07 0.819157124 -0.573569059 0 0.819157124 -0.573569059 0 0.819157124 -0.573569059 0 0.819144785 -0.573586881 -5.11546538e-08 0.819144785 -0.573586881 -5.11546538e-08 0.819144785 -0.573586881 -5.11546538e-08 0.90631634 -0.422600061 0 0.90631634 -0.422600061 0 0.90631634 -0.422600061 0 0.906296134 -0.422643185 -2.55770889e-08 0.906296134 -0.422643185 -2.55770889e-08 0.906296134 -0.422643185 -2.55770889e-08 0.965919197 -0.25884369 0 0.965919197 -0.25884369 0 0.965919197 -0.25884369 0 0.96593225 -0.258794814 -2.55773003e-08 0.96593225 -0.258794814 -2.55773003e-08 0.96593225 -0.258794814 -2.55773003e-08 0.996194005 -0.0871642604 -3.19716609e-09 0.996194005 -0.0871642604 -3.19716609e-09 0.996194005 -0.0871642604 -3.19716609e-09 0.99619621 -0.0871383026 -4.79576201e-09 0.99619621 -0.0871383026 -4.79576201e-09 0.99619621 -0.0871383026 -4.79576201e-09 0.99619627 0.0871382728 4.79576023e-09 0.99619627 0.0871382728 4.79576023e-09 0.99619627 0.0871382728 4.79576023e-09 0.996194005 0.0871642977 4.79575135e-09 0.996194005 0.0871642977 4.79575135e-09 0.996194005 0.0871642977 4.79575135e-09 0.96593225 0.258794814 1.27886501e-08 0.96593225 0.258794814 1.27886501e-08 0.96593225 0.258794814 1.27886501e-08 0.965919197 0.25884378 0 0.965919197 0.25884378 0 0.965919197 0.25884378 0 0.906296194 0.422643036 0 0.906296194 0.422643036 0 0.906296194 0.422643036 0 0.90631634 0.422600061 5.11552969e-08 0.90631634 0.422600061 5.11552969e-08 0.90631634 0.422600061 5.11552969e-08 0.819144785 0.573586881 0 0.819144785 0.573586881 0 0.819144785 0.573586881 0 0.819157004 0.573569298 0 0.819157004 0.573569298 0 0.819157004 0.573569298 0 0.707122147 0.707091451 1.0231048e-07 0.707122147 0.707091451 1.0231048e-07 0.707122147 0.707091451 1.0231048e-07 0.707095802 0.707117736 0 0.707095802 0.707117736 0 0.707095802 0.707117736 0 0.573574722 0.81915319 2.04618061e-07 0.573574722 0.81915319 2.04618061e-07 0.573574722 0.81915319 2.04618061e-07 0.57358706 0.819144666 0 0.57358706 0.819144666 0 0.57358706 0.819144666 0 0.422623247 0.906305492 0 0.422623247 0.906305492 0 0.422623247 0.906305492 0 0.42260316 0.90631479 2.04611595e-07 0.42260316 0.90631479 2.04611595e-07 0.42260316 0.90631479 2.04611595e-07 0.258817703 0.96592623 2.04617649e-07 0.258817703 0.96592623 2.04617649e-07 0.258817703 0.96592623 2.04617649e-07 0.258817762 0.965926111 0 0.258817762 0.965926111 0 0.258817762 0.965926111 0 0.0871588439 0.996194482 2.04615873e-07 0.0871588439 0.996194482 2.04615873e-07 0.0871588439 0.996194482 2.04615873e-07 0.0871588141 0.996194482 0 0.0871588141 0.996194482 0 0.0871588141 0.996194482 0 -0.0871611089 0.996194243 2.04621202e-07 -0.0871611089 0.996194243 2.04621202e-07 -0.0871611089 0.996194243 2.04621202e-07 -0.0871588141 0.996194482 0 -0.0871588141 0.996194482 0 -0.0871588141 0.996194482 0 -0.258824289 0.965924323 2.04622793e-07 -0.258824289 0.965924323 2.04622793e-07 -0.258824289 0.965924323 2.04622793e-07 -0.258817703 0.96592623 0 -0.258817703 0.96592623 0 -0.258817703 0.96592623 0 -0.422623247 0.906305492 0 -0.422623247 0.906305492 0 -0.422623247 0.906305492 0 -0.422623247 0.906305492 1.02310665e-07 -0.422623247 0.906305492 1.02310665e-07 -0.422623247 0.906305492 1.02310665e-07 -0.573574722 0.81915319 2.04618061e-07 -0.573574722 0.81915319 2.04618061e-07 -0.573574722 0.81915319 2.04618061e-07 -0.573574722 0.81915319 0 -0.573574722 0.81915319 0 -0.573574722 0.81915319 0 -0.707121968 0.707091689 1.02310509e-07 -0.707121968 0.707091689 1.02310509e-07 -0.707121968 0.707091689 1.02310509e-07 -0.707095981 0.707117498 0 -0.707095981 0.707117498 0 -0.707095981 0.707117498 0 -0.819157004 0.573569298 0 -0.819157004 0.573569298 0 -0.819157004 0.573569298 0 -0.819144785 0.573586881 0 -0.819144785 0.573586881 0 -0.819144785 0.573586881 0 -0.906306207 0.422621518 0 -0.906306207 0.422621518 0 -0.906306207 0.422621518 0 -0.90631634 0.422600061 2.55776484e-08 -0.90631634 0.422600061 2.55776484e-08 -0.90631634 0.422600061 2.55776484e-08 -0.965925753 0.258819371 1.27885693e-08 -0.965925753 0.258819371 1.27885693e-08 -0.965925753 0.258819371 1.27885693e-08 -0.965919197 0.25884369 0 -0.965919197 0.25884369 0 -0.965919197 0.25884369 0 -0.996194005 0.0871642977 4.79575135e-09 -0.996194005 0.0871642977 4.79575135e-09 -0.996194005 0.0871642977 4.79575135e-09 -0.996194005 0.0871642604 4.79574913e-09 -0.996194005 0.0871642604 4.79574913e-09 -0.996194005 0.0871642604 4.79574913e-09 -0.0871631801 0.996194065 0 -0.0871631801 0.996194065 0 -0.0871631801 0.996194065 0 -0.0871631503 0.996193945 0 -0.0871631503 0.996193945 0 -0.0871631503 0.996193945 0 -0.258806407 0.96592921 0 -0.258806407 0.96592921 0 -0.258806407 0.96592921 0 -0.258806318 0.96592921 0 -0.258806318 0.96592921 0 -0.258806318 0.96592921 0 -0.422624022 0.906305075 0 -0.422624022 0.906305075 0 -0.422624022 0.906305075 0 -0.422624201 0.906305015 0 -0.422624201 0.906305015 0 -0.422624201 0.906305015 0 -0.573584855 0.819146216 0 -0.573584855 0.819146216 0 -0.573584855 0.819146216 0 -0.573584676 0.819146216 0 -0.573584676 0.819146216 0 -0.573584676 0.819146216 0 -0.707105339 0.7071082 0 -0.707105339 0.7071082 0 -0.707105339 0.7071082 0 -0.707104981 0.707108676 0 -0.707104981 0.707108676 0 -0.707104981 0.707108676 0 -0.81914556 0.573585689 0 -0.81914556 0.573585689 0 -0.81914556 0.573585689 0 -0.819145143 0.573586226 0 -0.819145143 0.573586226 0 -0.819145143 0.573586226 0 -0.906308889 0.422616035 0 -0.906308889 0.422616035 0 -0.906308889 0.422616035 0 -0.906309366 0.422614843 0 -0.906309366 0.422614843 0 -0.906309366 0.422614843 0 -0.965925336 0.258820742 0 -0.965925336 0.258820742 0 -0.965925336 0.258820742 0 -0.965925336 0.258820742 0 -0.965925336 0.258820742 0 -0.965925336 0.258820742 0 -0.996194363 0.0871590227 0 -0.996194363 0.0871590227 0 -0.996194363 0.0871590227 0 -0.996194363 0.0871590525 0 -0.996194363 0.0871590525 0 -0.996194363 0.0871590525 0 -0.996194303 -0.087160483 0 -0.996194303 -0.087160483 0 -0.996194303 -0.087160483 0 -0.996194363 -0.0871601254 0 -0.996194363 -0.0871601254 0 -0.996194363 -0.0871601254 0 -0.965926528 -0.258816451 0 -0.965926528 -0.258816451 0 -0.965926528 -0.258816451 0 -0.965926528 -0.258816451 0 -0.965926528 -0.258816451 0 -0.965926528 -0.258816451 0 -0.906309187 -0.422615379 0 -0.906309187 -0.422615379 0 -0.906309187 -0.422615379 0 -0.906308889 -0.422616035 0 -0.906308889 -0.422616035 0 -0.906308889 -0.422616035 0 -0.819145143 -0.573586226 0 -0.819145143 -0.573586226 0 -0.819145143 -0.573586226 0 -0.819145679 -0.573585451 0 -0.819145679 -0.573585451 0 -0.819145679 -0.573585451 0 -0.707113266 -0.707100153 0 -0.707113266 -0.707100153 0 -0.707113266 -0.707100153 0 -0.707113862 -0.707099736 0 -0.707113862 -0.707099736 0 -0.707113862 -0.707099736 0 -0.57357353 -0.819154084 0 -0.57357353 -0.819154084 0 -0.57357353 -0.819154084 0 -0.573573411 -0.819154203 0 -0.573573411 -0.819154203 0 -0.573573411 -0.819154203 0 -0.422624022 -0.906305075 0 -0.422624022 -0.906305075 0 -0.422624022 -0.906305075 0 -0.422624081 -0.906305134 0 -0.422624081 -0.906305134 0 -0.422624081 -0.906305134 0 -0.258822143 -0.965925038 0 -0.258822143 -0.965925038 0 -0.258822143 -0.965925038 0 -0.258822024 -0.965925038 0 -0.258822024 -0.965925038 0 -0.258822024 -0.965925038 0 -0.0871465579 -0.996195495 0 -0.0871465579 -0.996195495 0 -0.0871465579 -0.996195495 0 -0.0871465206 -0.996195555 0 -0.0871465206 -0.996195555 0 -0.0871465206 -0.996195555 0 0.0871465579 -0.996195495 0 0.0871465579 -0.996195495 0 0.0871465579 -0.996195495 0 0.0871465206 -0.996195555 0 0.0871465206 -0.996195555 0 0.0871465206 -0.996195555 0 0.258822024 -0.965925038 0 0.258822024 -0.965925038 0 0.258822024 -0.965925038 0 0.258822054 -0.965924978 0 0.258822054 -0.965924978 0 0.258822054 -0.965924978 0 0.422624022 -0.906305075 0 0.422624022 -0.906305075 0 0.422624022 -0.906305075 0 0.422624081 -0.906305134 0 0.422624081 -0.906305134 0 0.422624081 -0.906305134 0 0.57357353 -0.819154084 0 0.57357353 -0.819154084 0 0.57357353 -0.819154084 0 0.573573411 -0.819154203 0 0.573573411 -0.819154203 0 0.573573411 -0.819154203 0 0.707113266 -0.707100153 0 0.707113266 -0.707100153 0 0.707113266 -0.707100153 0 0.707113862 -0.707099736 0 0.707113862 -0.707099736 0 0.707113862 -0.707099736 0 0.81914556 -0.573585689 0 0.81914556 -0.573585689 0 0.81914556 -0.573585689 0 0.819145679 -0.573585451 0 0.819145679 -0.573585451 0 0.819145679 -0.573585451 0 0.906309187 -0.422615379 0 0.906309187 -0.422615379 0 0.906309187 -0.422615379 0 0.906308889 -0.422616035 0 0.906308889 -0.422616035 0 0.906308889 -0.422616035 0 0.965926349 -0.258817226 0 0.965926349 -0.258817226 0 0.965926349 -0.258817226 0 0.965926349 -0.258817226 0 0.965926349 -0.258817226 0 0.965926349 -0.258817226 0 0.996195853 -0.0871434286 0 0.996195853 -0.0871434286 0 0.996195853 -0.0871434286 0 0.996195912 -0.0871422514 0 0.996195912 -0.0871422514 0 0.996195912 -0.0871422514 0 0.996196032 0.0871411562 0 0.996196032 0.0871411562 0 0.996196032 0.0871411562 0 0.996195853 0.0871419981 0 0.996195853 0.0871419981 0 0.996195853 0.0871419981 0 0.965925336 0.258820742 0 0.965925336 0.258820742 0 0.965925336 0.258820742 0 0.965925097 0.258821487 0 0.965925097 0.258821487 0 0.965925097 0.258821487 0 0.906308889 0.422616035 0 0.906308889 0.422616035 0 0.906308889 0.422616035 0 0.906309009 0.422615469 0 0.906309009 0.422615469 0 0.906309009 0.422615469 0 0.81914556 0.573585689 0 0.81914556 0.573585689 0 0.81914556 0.573585689 0 0.81914556 0.573585689 0 0.81914556 0.573585689 0 0.81914556 0.573585689 0 0.707105339 0.7071082 0 0.707105339 0.7071082 0 0.707105339 0.7071082 0 0.707104981 0.707108676 0 0.707104981 0.707108676 0 0.707104981 0.707108676 0 0.573584974 0.819146037 0 0.573584974 0.819146037 0 0.573584974 0.819146037 0 0.573584557 0.819146395 0 0.573584557 0.819146395 0 0.573584557 0.819146395 0 0.422624022 0.906305075 0 0.422624022 0.906305075 0 0.422624022 0.906305075 0 0.422624022 0.906305075 0 0.422624022 0.906305075 0 0.422624022 0.906305075 0 0.258806467 0.965929151 0 0.258806467 0.965929151 0 0.258806467 0.965929151 0 0.258806318 0.96592921 0 0.258806318 0.96592921 0 0.258806318 0.96592921 0 0.0871631801 0.996193945 0 0.0871631801 0.996193945 0 0.0871631801 0.996193945 0 0.0871631503 0.996194065 0 0.0871631503 0.996194065 0 0.0871631503 0.996194065 0 -0.99432385 0.106396303 2.19519514e-08 -0.99432385 0.106396303 2.19519514e-08 -0.99432385 0.106396303 2.19519514e-08 -0.0674163327 -0.990274549 -0.121701628 -0.0674163327 -0.990274549 -0.121701628 -0.0674163327 -0.990274549 -0.121701628 -0.102820918 -0.994699955 0 -0.102820918 -0.994699955 0 -0.102820918 -0.994699955 0 -0.0257471297 -0.999668419 0 -0.0257471297 -0.999668419 0 -0.0257471297 -0.999668419 0 0 -0.99898541 0.0450349264 0 -0.99898541 0.0450349264 0 -0.99898541 0.0450349264 0.0257471297 -0.999668419 0 0.0257471297 -0.999668419 0 0.0257471297 -0.999668419 0 0.0679209605 -0.997690797 0 0.0679209605 -0.997690797 0 0.0679209605 -0.997690797 0 0.102741845 -0.993935704 -0.0391919389 0.102741845 -0.993935704 -0.0391919389 0.102741845 -0.993935704 -0.0391919389 0.119185157 -0.992872059 0 0.119185157 -0.992872059 0 0.119185157 -0.992872059 0 0.991655052 -0.128388152 -0.0116958106 0.991655052 -0.128388152 -0.0116958106 0.991655052 -0.128388152 -0.0116958106 0.996731877 -0.0807813406 0 0.996731877 -0.0807813406 0 0.996731877 -0.0807813406 0 0.999668539 -0.0257463343 0 0.999668539 -0.0257463343 0 0.999668539 -0.0257463343 0 0.999668479 -0.0257476661 -5.19642596e-09 0.999668479 -0.0257476661 -5.19642596e-09 0.999668479 -0.0257476661 -5.19642596e-09 0.998482704 0.055066634 0 0.998482704 0.055066634 0 0.998482704 0.055066634 0 0.996045113 0.0770991892 -0.0441569835 0.996045113 0.0770991892 -0.0441569835 0.996045113 0.0770991892 -0.0441569835 0.994324267 0.106392235 4.39039383e-08 0.994324267 0.106392235 4.39039383e-08 0.994324267 0.106392235 4.39039383e-08 0.0421839692 0.998581827 -0.0324790627 0.0421839692 0.998581827 -0.0324790627 0.0421839692 0.998581827 -0.0324790627 0.0514790043 0.998674154 0 0.0514790043 0.998674154 0 0.0514790043 0.998674154 0 -0.0422062837 0.999108911 0 -0.0422062837 0.999108911 0 -0.0422062837 0.999108911 0 -0.0514607318 0.998319805 -0.026633475 -0.0514607318 0.998319805 -0.026633475 -0.0514607318 0.998319805 -0.026633475 -0.995492995 0.0549040586 -0.0773252249 -0.995492995 0.0549040586 -0.0773252249 -0.995492995 0.0549040586 -0.0773252249 -0.997017324 0.0771776736 0 -0.997017324 0.0771776736 0 -0.997017324 0.0771776736 0 -0.999668479 -0.0257503241 -5.19642507e-09 -0.999668479 -0.0257503241 -5.19642507e-09 -0.999668479 -0.0257503241 -5.19642507e-09 -0.999668479 -0.0257489923 0 -0.999668479 -0.0257489923 0 -0.999668479 -0.0257489923 0 -0.996733367 -0.0807624012 0 -0.996733367 -0.0807624012 0 -0.996733367 -0.0807624012 0 -0.991654932 -0.128388137 -0.0117017124 -0.991654932 -0.128388137 -0.0117017124 -0.991654932 -0.128388137 -0.0117017124 -0.991255522 -0.131956413 0 -0.991255522 -0.131956413 0 -0.991255522 -0.131956413 0 -0.620608747 0.78412044 0 -0.620608747 0.78412044 0 -0.620608747 0.78412044 0 -0.536696136 0.843775511 0 -0.536696136 0.843775511 0 -0.536696136 0.843775511 0 -0.536696672 0.843775272 0 -0.536696672 0.843775272 0 -0.536696672 0.843775272 0 -0.447094858 0.894486547 0 -0.447094858 0.894486547 0 -0.447094858 0.894486547 0 -0.44709456 0.894486666 0 -0.44709456 0.894486666 0 -0.44709456 0.894486666 0 -0.352751225 0.935717106 0 -0.352751225 0.935717106 0 -0.352751225 0.935717106 0 -0.352751195 0.935717165 0 -0.352751195 0.935717165 0 -0.352751195 0.935717165 0 -0.254671395 0.967027664 0 -0.254671395 0.967027664 0 -0.254671395 0.967027664 0 -0.254671246 0.967027664 0 -0.254671246 0.967027664 0 -0.254671246 0.967027664 0 -0.153890416 0.988087952 0 -0.153890416 0.988087952 0 -0.153890416 0.988087952 0 -0.153890371 0.988087952 0 -0.153890371 0.988087952 0 -0.153890371 0.988087952 0 -0.0935844779 0.99561137 0 -0.0935844779 0.99561137 0 -0.0935844779 0.99561137 0 -0.0935843587 0.99561125 0 -0.0935843587 0.99561125 0 -0.0935843587 0.99561125 0 -0.994324028 0.106394313 0 -0.994324028 0.106394313 0 -0.994324028 0.106394313 0 -0.983798027 0.179279849 0 -0.983798027 0.179279849 0 -0.983798027 0.179279849 0 -0.983797669 0.179282218 0 -0.983797669 0.179282218 0 -0.983797669 0.179282218 0 -0.960150003 0.279485315 0 -0.960150003 0.279485315 0 -0.960150003 0.279485315 0 -0.960150182 0.27948451 0 -0.960150182 0.27948451 0 -0.960150182 0.27948451 0 -0.926324129 0.376727521 0 -0.926324129 0.376727521 0 -0.926324129 0.376727521 0 -0.926323295 0.376729727 0 -0.926323295 0.376729727 0 -0.926323295 0.376729727 0 -0.882678866 0.469976664 0 -0.882678866 0.469976664 0 -0.882678866 0.469976664 0 -0.882679105 0.469976068 0 -0.882679105 0.469976068 0 -0.882679105 0.469976068 0 -0.829676747 0.558244109 0 -0.829676747 0.558244109 0 -0.829676747 0.558244109 0 -0.82967627 0.558244884 0 -0.82967627 0.558244884 0 -0.82967627 0.558244884 0 -0.767881691 0.640591681 0 -0.767881691 0.640591681 0 -0.767881691 0.640591681 0 -0.76788038 0.64059329 0 -0.76788038 0.64059329 0 -0.76788038 0.64059329 0 -0.700850606 0.713308096 0 -0.700850606 0.713308096 0 -0.700850606 0.713308096 0 -0.697938919 0.716145635 -0.00409661606 -0.697938919 0.716145635 -0.00409661606 -0.697938919 0.716145635 -0.00409661606 -0.663203597 0.748439074 0 -0.663203597 0.748439074 0 -0.663203597 0.748439074 0 -0.620608568 0.784120619 0 -0.620608568 0.784120619 0 -0.620608568 0.784120619 0 -0.991254807 -0.131961763 0 -0.991254807 -0.131961763 0 -0.991254807 -0.131961763 0 -0.973264217 -0.22968854 0 -0.973264217 -0.22968854 0 -0.973264217 -0.22968854 0 -0.973264635 -0.229686975 0 -0.973264635 -0.229686975 0 -0.973264635 -0.229686975 0 -0.944489837 -0.328540862 0 -0.944489837 -0.328540862 0 -0.944489837 -0.328540862 0 -0.944488347 -0.328544915 0 -0.944488347 -0.328544915 0 -0.944488347 -0.328544915 0 -0.905702114 -0.423914641 0 -0.905702114 -0.423914641 0 -0.905702114 -0.423914641 0 -0.905702174 -0.423914611 0 -0.905702174 -0.423914611 0 -0.905702174 -0.423914611 0 -0.8573156 -0.514791071 0 -0.8573156 -0.514791071 0 -0.8573156 -0.514791071 0 -0.857314169 -0.514793515 0 -0.857314169 -0.514793515 0 -0.857314169 -0.514793515 0 -0.799839377 -0.600214005 0 -0.799839377 -0.600214005 0 -0.799839377 -0.600214005 0 -0.799838722 -0.600215018 0 -0.799838722 -0.600215018 0 -0.799838722 -0.600215018 0 -0.733884811 -0.679273963 0 -0.733884811 -0.679273963 0 -0.733884811 -0.679273963 0 -0.733885646 -0.679273069 0 -0.733885646 -0.679273069 0 -0.733885646 -0.679273069 0 -0.660151124 -0.751132727 0 -0.660151124 -0.751132727 0 -0.660151124 -0.751132727 0 -0.660151601 -0.751132488 0 -0.660151601 -0.751132488 0 -0.660151601 -0.751132488 0 -0.619953871 -0.784638345 0 -0.619953871 -0.784638345 0 -0.619953871 -0.784638345 0 -0.579420567 -0.815028131 0.000928704161 -0.579420567 -0.815028131 0.000928704161 -0.579420567 -0.815028131 0.000928704161 -0.578718007 -0.815527737 0 -0.578718007 -0.815527737 0 -0.578718007 -0.815527737 0 -0.492548823 -0.870284796 0 -0.492548823 -0.870284796 0 -0.492548823 -0.870284796 0 -0.492548853 -0.870284796 0 -0.492548853 -0.870284796 0 -0.492548853 -0.870284796 0 -0.400454342 -0.916316688 0 -0.400454342 -0.916316688 0 -0.400454342 -0.916316688 0 -0.400453925 -0.916316867 0 -0.400453925 -0.916316867 0 -0.400453925 -0.916316867 0 -0.304114074 -0.952635646 0 -0.304114074 -0.952635646 0 -0.304114074 -0.952635646 0 -0.304113984 -0.952635646 0 -0.304113984 -0.952635646 0 -0.304113984 -0.952635646 0 -0.204552859 -0.97885561 0 -0.204552859 -0.97885561 0 -0.204552859 -0.97885561 0 -0.204552799 -0.978855491 0 -0.204552799 -0.978855491 0 -0.204552799 -0.978855491 0 -0.119185179 -0.992872059 0 -0.119185179 -0.992872059 0 -0.119185179 -0.992872059 0 -0.119185172 -0.992872059 0 -0.119185172 -0.992872059 0 -0.119185172 -0.992872059 0 0.119185165 -0.992872059 0 0.119185165 -0.992872059 0 0.119185165 -0.992872059 0 0.204552948 -0.97885555 0 0.204552948 -0.97885555 0 0.204552948 -0.97885555 0 0.204552948 -0.97885555 0 0.204552948 -0.97885555 0 0.204552948 -0.97885555 0 0.304114193 -0.952635646 0 0.304114193 -0.952635646 0 0.304114193 -0.952635646 0 0.304114133 -0.952635646 0 0.304114133 -0.952635646 0 0.304114133 -0.952635646 0 0.400453895 -0.916316867 0 0.400453895 -0.916316867 0 0.400453895 -0.916316867 0 0.400454104 -0.916316867 0 0.400454104 -0.916316867 0 0.400454104 -0.916316867 0 0.492549151 -0.870284557 0 0.492549151 -0.870284557 0 0.492549151 -0.870284557 0 0.492549211 -0.870284617 0 0.492549211 -0.870284617 0 0.492549211 -0.870284617 0 0.579421282 -0.81502825 0 0.579421282 -0.81502825 0 0.579421282 -0.81502825 0 0.579420865 -0.815028489 0 0.579420865 -0.815028489 0 0.579420865 -0.815028489 0 0.660150707 -0.751133084 0 0.660150707 -0.751133084 0 0.660150707 -0.751133084 0 0.660150766 -0.751133204 0 0.660150766 -0.751133204 0 0.660150766 -0.751133204 0 0.733886421 -0.679272175 0 0.733886421 -0.679272175 0 0.733886421 -0.679272175 0 0.733885646 -0.679273069 0 0.733885646 -0.679273069 0 0.733885646 -0.679273069 0 0.776382089 -0.630262434 0 0.776382089 -0.630262434 0 0.776382089 -0.630262434 0 0.799790978 -0.600180805 0.0108353328 0.799790978 -0.600180805 0.0108353328 0.799790978 -0.600180805 0.0108353328 0.807797611 -0.589459836 0 0.807797611 -0.589459836 0 0.807797611 -0.589459836 0 0.857314885 -0.514792323 0 0.857314885 -0.514792323 0 0.857314885 -0.514792323 0 0.857314885 -0.514792323 0 0.857314885 -0.514792323 0 0.857314885 -0.514792323 0 0.905702114 -0.423914641 0 0.905702114 -0.423914641 0 0.905702114 -0.423914641 0 0.905702174 -0.423914611 0 0.905702174 -0.423914611 0 0.905702174 -0.423914611 0 0.944489837 -0.328540862 0 0.944489837 -0.328540862 0 0.944489837 -0.328540862 0 0.944488823 -0.328543395 0 0.944488823 -0.328543395 0 0.944488823 -0.328543395 0 0.973263919 -0.22969012 0 0.973263919 -0.22969012 0 0.973263919 -0.22969012 0 0.973264635 -0.229686975 0 0.973264635 -0.229686975 0 0.973264635 -0.229686975 0 0.991254985 -0.131960407 0 0.991254985 -0.131960407 0 0.991254985 -0.131960407 0 0.991255283 -0.131957754 0 0.991255283 -0.131957754 0 0.991255283 -0.131957754 0 0.994324923 0.106386647 0 0.994324923 0.106386647 0 0.994324923 0.106386647 0 0.983797669 0.179282218 0 0.983797669 0.179282218 0 0.983797669 0.179282218 0 0.983797967 0.179280609 0 0.983797967 0.179280609 0 0.983797967 0.179280609 0 0.960149825 0.27948606 0 0.960149825 0.27948606 0 0.960149825 0.27948606 0 0.960148871 0.27948913 0 0.960148871 0.27948913 0 0.960148871 0.27948913 0 0.926324546 0.376726478 0 0.926324546 0.376726478 0 0.926324546 0.376726478 0 0.926324427 0.376726836 0 0.926324427 0.376726836 0 0.926324427 0.376726836 0 0.882679105 0.469976068 0 0.882679105 0.469976068 0 0.882679105 0.469976068 0 0.882679105 0.469976068 0 0.882679105 0.469976068 0 0.882679105 0.469976068 0 0.829677045 0.558243692 0 0.829677045 0.558243692 0 0.829677045 0.558243692 0 0.829677045 0.558243692 0 0.829677045 0.558243692 0 0.829677045 0.558243692 0 0.76788038 0.640593231 0 0.76788038 0.640593231 0 0.76788038 0.640593231 0 0.767881155 0.640592277 0 0.767881155 0.640592277 0 0.767881155 0.640592277 0 0.697943926 0.71615243 0 0.697943926 0.71615243 0 0.697943926 0.71615243 0 0.697943926 0.716152489 0 0.697943926 0.716152489 0 0.697943926 0.716152489 0 0.640307903 0.768118382 0 0.640307903 0.768118382 0 0.640307903 0.768118382 0 0.620547175 0.784042656 0.0140842386 0.620547175 0.784042656 0.0140842386 0.620547175 0.784042656 0.0140842386 0.599918127 0.800061464 0 0.599918127 0.800061464 0 0.599918127 0.800061464 0 0.536696255 0.843775451 0 0.536696255 0.843775451 0 0.536696255 0.843775451 0 0.536696255 0.843775451 0 0.536696255 0.843775451 0 0.536696255 0.843775451 0 0.447094977 0.894486487 0 0.447094977 0.894486487 0 0.447094977 0.894486487 0 0.447094619 0.894486666 0 0.447094619 0.894486666 0 0.447094619 0.894486666 0 0.352751344 0.935717165 0 0.352751344 0.935717165 0 0.352751344 0.935717165 0 0.352751166 0.935717225 0 0.352751166 0.935717225 0 0.352751166 0.935717225 0 0.254671454 0.967027664 0 0.254671454 0.967027664 0 0.254671454 0.967027664 0 0.254671216 0.967027664 0 0.254671216 0.967027664 0 0.254671216 0.967027664 0 0.153890401 0.988087952 0 0.153890401 0.988087952 0 0.153890401 0.988087952 0 0.153890386 0.988087952 0 0.153890386 0.988087952 0 0.153890386 0.988087952 0 0.0935848951 0.99561125 0 0.0935848951 0.99561125 0 0.0935848951 0.99561125 0 0.093584761 0.99561125 0 0.093584761 0.99561125 0 0.093584761 0.99561125 0 2.30202481e-14 -4.37112142e-08 0.99999994 2.30202481e-14 -4.37112142e-08 0.99999994 2.30202481e-14 -4.37112142e-08 0.99999994 9.16085784e-15 -4.37113989e-08 1 9.16085784e-15 -4.37113989e-08 1 9.16085784e-15 -4.37113989e-08 1 -1.7482409e-13 -4.37109193e-08 1 -1.7482409e-13 -4.37109193e-08 1 -1.7482409e-13 -4.37109193e-08 1 1.93090308e-15 -4.3711367e-08 1 1.93090308e-15 -4.3711367e-08 1 1.93090308e-15 -4.3711367e-08 1 -1.19019879e-13 -4.3711978e-08 0.99999994 -1.19019879e-13 -4.3711978e-08 0.99999994 -1.19019879e-13 -4.3711978e-08 0.99999994 -3.92578595e-14 -4.37108376e-08 1 -3.92578595e-14 -4.37108376e-08 1 -3.92578595e-14 -4.37108376e-08 1 7.27713042e-14 -4.37116832e-08 1 7.27713042e-14 -4.37116832e-08 1 7.27713042e-14 -4.37116832e-08 1 -3.25906057e-14 -4.37114345e-08 1 -3.25906057e-14 -4.37114345e-08 1 -3.25906057e-14 -4.37114345e-08 1 6.02964673e-14 -4.37115446e-08 1 6.02964673e-14 -4.37115446e-08 1 6.02964673e-14 -4.37115446e-08 1 -7.0806181e-14 -4.37112035e-08 1 -7.0806181e-14 -4.37112035e-08 1 -7.0806181e-14 -4.37112035e-08 1 9.74387671e-14 -4.37115837e-08 1 9.74387671e-14 -4.37115837e-08 1 9.74387671e-14 -4.37115837e-08 1 -2.26315277e-13 -4.37116014e-08 1 -2.26315277e-13 -4.37116014e-08 1 -2.26315277e-13 -4.37116014e-08 1 8.43329109e-14 -4.37114345e-08 1 8.43329109e-14 -4.37114345e-08 1 8.43329109e-14 -4.37114345e-08 1 1.06296756e-14 -4.37115517e-08 1 1.06296756e-14 -4.37115517e-08 1 1.06296756e-14 -4.37115517e-08 1 -1.16166681e-14 -4.37114913e-08 1 -1.16166681e-14 -4.37114913e-08 1 -1.16166681e-14 -4.37114913e-08 1 -6.89101283e-14 -4.37116228e-08 0.99999994 -6.89101283e-14 -4.37116228e-08 0.99999994 -6.89101283e-14 -4.37116228e-08 0.99999994 -4.34539015e-14 -4.37115624e-08 1 -4.34539015e-14 -4.37115624e-08 1 -4.34539015e-14 -4.37115624e-08 1 1.14274353e-13 -4.37112924e-08 1 1.14274353e-13 -4.37112924e-08 1 1.14274353e-13 -4.37112924e-08 1 5.53867899e-14 -4.37115872e-08 1 5.53867899e-14 -4.37115872e-08 1 5.53867899e-14 -4.37115872e-08 1 -3.43016055e-14 -4.37116334e-08 1 -3.43016055e-14 -4.37116334e-08 1 -3.43016055e-14 -4.37116334e-08 1 0 -4.37113137e-08 1 0 -4.37113137e-08 1 0 -4.37113137e-08 1 -1.07586696e-13 -4.37111822e-08 1 -1.07586696e-13 -4.37111822e-08 1 -1.07586696e-13 -4.37111822e-08 1 0 -4.37113954e-08 1 0 -4.37113954e-08 1 0 -4.37113954e-08 1 9.1610557e-14 -4.37111822e-08 1 9.1610557e-14 -4.37111822e-08 1 9.1610557e-14 -4.37111822e-08 1 2.13948827e-13 -4.37140244e-08 1 2.13948827e-13 -4.37140244e-08 1 2.13948827e-13 -4.37140244e-08 1 -9.8218051e-14 -4.37075052e-08 1 -9.8218051e-14 -4.37075052e-08 1 -9.8218051e-14 -4.37075052e-08 1 0 -4.37113457e-08 1 0 -4.37113457e-08 1 0 -4.37113457e-08 1 -1.02642104e-13 -4.37104291e-08 1 -1.02642104e-13 -4.37104291e-08 1 -1.02642104e-13 -4.37104291e-08 1 0 -4.37115339e-08 1 0 -4.37115339e-08 1 0 -4.37115339e-08 1 -7.52336941e-13 -4.37318413e-08 1 -7.52336941e-13 -4.37318413e-08 1 -7.52336941e-13 -4.37318413e-08 1 2.60233543e-14 -4.37113243e-08 1 2.60233543e-14 -4.37113243e-08 1 2.60233543e-14 -4.37113243e-08 1 -8.21159411e-14 -4.37103154e-08 1 -8.21159411e-14 -4.37103154e-08 1 -8.21159411e-14 -4.37103154e-08 1 1.96704618e-13 -4.37124861e-08 1 1.96704618e-13 -4.37124861e-08 1 1.96704618e-13 -4.37124861e-08 1 -1.21779323e-13 -4.37119567e-08 1 -1.21779323e-13 -4.37119567e-08 1 -1.21779323e-13 -4.37119567e-08 1 -3.76154213e-13 -4.37181455e-08 1 -3.76154213e-13 -4.37181455e-08 1 -3.76154213e-13 -4.37181455e-08 1 1.0122814e-12 -4.36981651e-08 1 1.0122814e-12 -4.36981651e-08 1 1.0122814e-12 -4.36981651e-08 1 0 -4.37100915e-08 1 0 -4.37100915e-08 1 0 -4.37100915e-08 1 -1.1759788e-13 -4.37150547e-08 1 -1.1759788e-13 -4.37150547e-08 1 -1.1759788e-13 -4.37150547e-08 1 0 -4.37099352e-08 0.99999994 0 -4.37099352e-08 0.99999994 0 -4.37099352e-08 0.99999994 1.2828604e-13 -4.3709619e-08 1 1.2828604e-13 -4.3709619e-08 1 1.2828604e-13 -4.3709619e-08 1 -1.9600009e-13 -4.37133494e-08 1 -1.9600009e-13 -4.37133494e-08 1 -1.9600009e-13 -4.37133494e-08 1 1.06978635e-13 -4.37123262e-08 1 1.06978635e-13 -4.37123262e-08 1 1.06978635e-13 -4.37123262e-08 1 -7.85696242e-14 -4.37111112e-08 1 -7.85696242e-14 -4.37111112e-08 1 -7.85696242e-14 -4.37111112e-08 1 1.82672697e-13 -4.3710898e-08 0.99999994 1.82672697e-13 -4.3710898e-08 0.99999994 1.82672697e-13 -4.3710898e-08 0.99999994 -1.65429312e-14 -4.37113883e-08 1 -1.65429312e-14 -4.37113883e-08 1 -1.65429312e-14 -4.37113883e-08 1 0 -4.37108092e-08 1 0 -4.37108092e-08 1 0 -4.37108092e-08 1 0 -4.37113847e-08 1 0 -4.37113847e-08 1 0 -4.37113847e-08 1 1.72130851e-14 -4.37113918e-08 1 1.72130851e-14 -4.37113918e-08 1 1.72130851e-14 -4.37113918e-08 1 0 -4.37113812e-08 1 0 -4.37113812e-08 1 0 -4.37113812e-08 1 -3.44312605e-13 -4.37108305e-08 1 -3.44312605e-13 -4.37108305e-08 1 -3.44312605e-13 -4.37108305e-08 1 -1.84101324e-13 -4.37115446e-08 1 -1.84101324e-13 -4.37115446e-08 1 -1.84101324e-13 -4.37115446e-08 1 0 -4.37121344e-08 1 0 -4.37121344e-08 1 0 -4.37121344e-08 1 1.48293866e-13 -4.37115766e-08 1 1.48293866e-13 -4.37115766e-08 1 1.48293866e-13 -4.37115766e-08 1 -4.58452937e-13 -4.37103438e-08 1 -4.58452937e-13 -4.37103438e-08 1 -4.58452937e-13 -4.37103438e-08 1 3.35899223e-13 -4.37119105e-08 1 3.35899223e-13 -4.37119105e-08 1 3.35899223e-13 -4.37119105e-08 1 -1.7053069e-13 -4.37115766e-08 1 -1.7053069e-13 -4.37115766e-08 1 -1.7053069e-13 -4.37115766e-08 1 -7.87651669e-14 -4.3711438e-08 1 -7.87651669e-14 -4.3711438e-08 1 -7.87651669e-14 -4.3711438e-08 1 0 -4.37109122e-08 0.99999994 0 -4.37109122e-08 0.99999994 0 -4.37109122e-08 0.99999994 3.78589819e-13 -4.37121059e-08 1 3.78589819e-13 -4.37121059e-08 1 3.78589819e-13 -4.37121059e-08 1 -1.23383224e-13 -4.37113457e-08 1 -1.23383224e-13 -4.37113457e-08 1 -1.23383224e-13 -4.37113457e-08 1 7.9921272e-14 -4.37113066e-08 0.99999994 7.9921272e-14 -4.37113066e-08 0.99999994 7.9921272e-14 -4.37113066e-08 0.99999994 0 -4.37122765e-08 1 0 -4.37122765e-08 1 0 -4.37122765e-08 1 0 -4.37114274e-08 1 0 -4.37114274e-08 1 0 -4.37114274e-08 1 5.23349701e-13 -4.37120846e-08 1 5.23349701e-13 -4.37120846e-08 1 5.23349701e-13 -4.37120846e-08 1 6.63428188e-14 -4.37115588e-08 1 6.63428188e-14 -4.37115588e-08 1 6.63428188e-14 -4.37115588e-08 1 -1.79917507e-12 -4.37118572e-08 1 -1.79917507e-12 -4.37118572e-08 1 -1.79917507e-12 -4.37118572e-08 1 8.70896183e-13 -4.37114842e-08 1 8.70896183e-13 -4.37114842e-08 1 8.70896183e-13 -4.37114842e-08 1 -8.12802625e-13 -4.3710898e-08 1 -8.12802625e-13 -4.3710898e-08 1 -8.12802625e-13 -4.3710898e-08 1 7.20429792e-13 -4.37113563e-08 1 7.20429792e-13 -4.37113563e-08 1 7.20429792e-13 -4.37113563e-08 1 -7.06443584e-13 -4.37103118e-08 1 -7.06443584e-13 -4.37103118e-08 1 -7.06443584e-13 -4.37103118e-08 1 -1.00952612e-13 -4.371147e-08 1 -1.00952612e-13 -4.371147e-08 1 -1.00952612e-13 -4.371147e-08 1 -3.08339156e-13 -4.37108234e-08 1 -3.08339156e-13 -4.37108234e-08 1 -3.08339156e-13 -4.37108234e-08 1 1.12518913e-12 -4.37113492e-08 1 1.12518913e-12 -4.37113492e-08 1 1.12518913e-12 -4.37113492e-08 1 -5.84495017e-13 -4.37116014e-08 0.99999994 -5.84495017e-13 -4.37116014e-08 0.99999994 -5.84495017e-13 -4.37116014e-08 0.99999994 -1.00212557e-12 -4.37107666e-08 1 -1.00212557e-12 -4.37107666e-08 1 -1.00212557e-12 -4.37107666e-08 1 1.29987882e-12 -4.37129763e-08 1 1.29987882e-12 -4.37129763e-08 1 1.29987882e-12 -4.37129763e-08 1 8.47151193e-15 -4.37112213e-08 1 8.47151193e-15 -4.37112213e-08 1 8.47151193e-15 -4.37112213e-08 1 7.55215728e-14 -4.37113563e-08 1 7.55215728e-14 -4.37113563e-08 1 7.55215728e-14 -4.37113563e-08 1 0 -4.37114203e-08 1 0 -4.37114203e-08 1 0 -4.37114203e-08 1 0 -4.37113457e-08 1 0 -4.37113457e-08 1 0 -4.37113457e-08 1 -6.86506448e-14 -4.37114451e-08 1 -6.86506448e-14 -4.37114451e-08 1 -6.86506448e-14 -4.37114451e-08 1 0 -4.37110295e-08 1 0 -4.37110295e-08 1 0 -4.37110295e-08 1 0 -4.37115979e-08 1 0 -4.37115979e-08 1 0 -4.37115979e-08 1 0 -4.37111609e-08 1 0 -4.37111609e-08 1 0 -4.37111609e-08 1 7.90620485e-14 -4.37112249e-08 1 7.90620485e-14 -4.37112249e-08 1 7.90620485e-14 -4.37112249e-08 1 0 -4.37114025e-08 1 0 -4.37114025e-08 1 0 -4.37114025e-08 1 0 -4.37114274e-08 1 0 -4.37114274e-08 1 0 -4.37114274e-08 1 0 -4.37113421e-08 1 0 -4.37113421e-08 1 0 -4.37113421e-08 1 2.94315421e-14 -4.37116014e-08 0.99999994 2.94315421e-14 -4.37116014e-08 0.99999994 2.94315421e-14 -4.37116014e-08 0.99999994 0 -4.37114274e-08 1 0 -4.37114274e-08 1 0 -4.37114274e-08 1 0 -4.37112853e-08 1 0 -4.37112853e-08 1 0 -4.37112853e-08 1 -6.89104671e-14 -4.37115837e-08 0.99999994 -6.89104671e-14 -4.37115837e-08 0.99999994 -6.89104671e-14 -4.37115837e-08 0.99999994 7.08063911e-14 -4.37111787e-08 0.99999994 7.08063911e-14 -4.37111787e-08 0.99999994 7.08063911e-14 -4.37111787e-08 0.99999994 -5.08875982e-13 -4.3711303e-08 1 -5.08875982e-13 -4.3711303e-08 1 -5.08875982e-13 -4.3711303e-08 1 4.29119658e-13 -4.37117897e-08 1 4.29119658e-13 -4.37117897e-08 1 4.29119658e-13 -4.37117897e-08 1 -7.90620485e-14 -4.37112462e-08 1 -7.90620485e-14 -4.37112462e-08 1 -7.90620485e-14 -4.37112462e-08 1 0 -4.37107204e-08 1 0 -4.37107204e-08 1 0 -4.37107204e-08 1 -7.08064995e-14 -4.37112604e-08 1 -7.08064995e-14 -4.37112604e-08 1 -7.08064995e-14 -4.37112604e-08 1 6.89103722e-14 -4.37115411e-08 1 6.89103722e-14 -4.37115411e-08 1 6.89103722e-14 -4.37115411e-08 1 0 -4.37114096e-08 0.99999994 0 -4.37114096e-08 0.99999994 0 -4.37114096e-08 0.99999994 5.45785273e-14 -4.3711271e-08 1 5.45785273e-14 -4.3711271e-08 1 5.45785273e-14 -4.3711271e-08 1 3.38374204e-15 -4.37114096e-08 1 3.38374204e-15 -4.37114096e-08 1 3.38374204e-15 -4.37114096e-08 1 0 -4.3711065e-08 1 0 -4.3711065e-08 1 0 -4.3711065e-08 1 2.41065086e-14 -4.37112533e-08 1 2.41065086e-14 -4.37112533e-08 1 2.41065086e-14 -4.37112533e-08 1 -6.34605053e-13 -4.37121521e-08 1 -6.34605053e-13 -4.37121521e-08 1 -6.34605053e-13 -4.37121521e-08 1 2.73247459e-14 -4.37113741e-08 1 2.73247459e-14 -4.37113741e-08 1 2.73247459e-14 -4.37113741e-08 1 -4.82132136e-14 -4.37114238e-08 1 -4.82132136e-14 -4.37114238e-08 1 -4.82132136e-14 -4.37114238e-08 1 -2.94315421e-14 -4.37116014e-08 0.99999994 -2.94315421e-14 -4.37116014e-08 0.99999994 -2.94315421e-14 -4.37116014e-08 0.99999994 0 -4.37113421e-08 1 0 -4.37113421e-08 1 0 -4.37113421e-08 1 2.62772313e-12 -4.37111893e-08 1 2.62772313e-12 -4.37111893e-08 1 2.62772313e-12 -4.37111893e-08 1 -1.5735746e-12 -4.37103367e-08 1 -1.5735746e-12 -4.37103367e-08 1 -1.5735746e-12 -4.37103367e-08 1 -1.46131609e-12 -4.37112213e-08 1 -1.46131609e-12 -4.37112213e-08 1 -1.46131609e-12 -4.37112213e-08 1 0 -4.37140137e-08 1 0 -4.37140137e-08 1 0 -4.37140137e-08 1 0 -4.37106493e-08 0.99999994 0 -4.37106493e-08 0.99999994 0 -4.37106493e-08 0.99999994 -1.2544913e-12 -4.37149446e-08 1 -1.2544913e-12 -4.37149446e-08 1 -1.2544913e-12 -4.37149446e-08 1 2.05221885e-12 -4.37053345e-08 1 2.05221885e-12 -4.37053345e-08 1 2.05221885e-12 -4.37053345e-08 1 -4.05032908e-12 -4.37238086e-08 0.99999994 -4.05032908e-12 -4.37238086e-08 0.99999994 -4.05032908e-12 -4.37238086e-08 0.99999994 3.00851228e-12 -4.37046594e-08 1 3.00851228e-12 -4.37046594e-08 1 3.00851228e-12 -4.37046594e-08 1 0 -4.37112391e-08 1 0 -4.37112391e-08 1 0 -4.37112391e-08 1 -2.94847371e-12 -4.3711875e-08 0.99999994 -2.94847371e-12 -4.3711875e-08 0.99999994 -2.94847371e-12 -4.3711875e-08 0.99999994 1.57359531e-12 -4.37107417e-08 1 1.57359531e-12 -4.37107417e-08 1 1.57359531e-12 -4.37107417e-08 1 1.94837354e-12 -4.37102976e-08 1 1.94837354e-12 -4.37102976e-08 1 1.94837354e-12 -4.37102976e-08 1 -1.20316196e-11 -4.37010996e-08 1 -1.20316196e-11 -4.37010996e-08 1 -1.20316196e-11 -4.37010996e-08 1 8.0984568e-12 -4.37162306e-08 0.99999994 8.0984568e-12 -4.37162306e-08 0.99999994 8.0984568e-12 -4.37162306e-08 0.99999994 0 -4.37025136e-08 1 0 -4.37025136e-08 1 0 -4.37025136e-08 1 0 -4.37153922e-08 0.99999994 0 -4.37153922e-08 0.99999994 0 -4.37153922e-08 0.99999994 0 -4.37107026e-08 0.99999994 0 -4.37107026e-08 0.99999994 0 -4.37107026e-08 0.99999994 0 -4.37127419e-08 1 0 -4.37127419e-08 1 0 -4.37127419e-08 1 -3.34478742e-14 -4.37114061e-08 1 -3.34478742e-14 -4.37114061e-08 1 -3.34478742e-14 -4.37114061e-08 1 -8.59047178e-15 -4.37113492e-08 1 -8.59047178e-15 -4.37113492e-08 1 -8.59047178e-15 -4.37113492e-08 1 3.4325319e-14 -4.37114451e-08 1 3.4325319e-14 -4.37114451e-08 1 3.4325319e-14 -4.37114451e-08 1 2.85738738e-14 -4.37101413e-08 1 2.85738738e-14 -4.37101413e-08 1 2.85738738e-14 -4.37101413e-08 1 0 -4.37120491e-08 1 0 -4.37120491e-08 1 0 -4.37120491e-08 1 0 -4.37114274e-08 1 0 -4.37114274e-08 1 0 -4.37114274e-08 1 -7.99198964e-14 -4.37106067e-08 0.99999994 -7.99198964e-14 -4.37106067e-08 0.99999994 -7.99198964e-14 -4.37106067e-08 0.99999994 0 -4.37122125e-08 1 0 -4.37122125e-08 1 0 -4.37122125e-08 1 -7.0918461e-13 -4.3711875e-08 1 -7.0918461e-13 -4.3711875e-08 1 -7.0918461e-13 -4.3711875e-08 1 0 -4.37107204e-08 1 0 -4.37107204e-08 1 0 -4.37107204e-08 1 -6.905578e-13 -4.37120242e-08 1 -6.905578e-13 -4.37120242e-08 1 -6.905578e-13 -4.37120242e-08 1 1.0021311e-12 -4.37113634e-08 1 1.0021311e-12 -4.37113634e-08 1 1.0021311e-12 -4.37113634e-08 1 1.13355603e-12 -4.37116192e-08 1 1.13355603e-12 -4.37116192e-08 1 1.13355603e-12 -4.37116192e-08 1 -1.61743557e-12 -4.371093e-08 1 -1.61743557e-12 -4.371093e-08 1 -1.61743557e-12 -4.371093e-08 1 1.36811366e-13 -4.37114593e-08 1 1.36811366e-13 -4.37114593e-08 1 1.36811366e-13 -4.37114593e-08 1 -7.05384861e-13 -4.37114984e-08 1 -7.05384861e-13 -4.37114984e-08 1 -7.05384861e-13 -4.37114984e-08 1 7.0643941e-13 -4.37105285e-08 1 7.0643941e-13 -4.37105285e-08 1 7.0643941e-13 -4.37105285e-08 1 7.615358e-13 -4.37106316e-08 1 7.615358e-13 -4.37106316e-08 1 7.615358e-13 -4.37106316e-08 1 6.4049921e-13 -4.3711669e-08 0.99999994 6.4049921e-13 -4.3711669e-08 0.99999994 6.4049921e-13 -4.3711669e-08 0.99999994 -1.59451716e-13 -4.37113954e-08 1 -1.59451716e-13 -4.37113954e-08 1 -1.59451716e-13 -4.37113954e-08 1 3.46452684e-13 -4.37120491e-08 1 3.46452684e-13 -4.37120491e-08 1 3.46452684e-13 -4.37120491e-08 1 0 -4.37105037e-08 1 0 -4.37105037e-08 1 0 -4.37105037e-08 1 0 -4.37124932e-08 1 0 -4.37124932e-08 1 0 -4.37124932e-08 1 3.44312605e-13 -4.37108305e-08 1 3.44312605e-13 -4.37108305e-08 1 3.44312605e-13 -4.37108305e-08 1 -3.35895428e-13 -4.37114167e-08 1 -3.35895428e-13 -4.37114167e-08 1 -3.35895428e-13 -4.37114167e-08 1 2.46765173e-13 -4.37112426e-08 1 2.46765173e-13 -4.37112426e-08 1 2.46765173e-13 -4.37112426e-08 1 -3.78589819e-13 -4.37122338e-08 1 -3.78589819e-13 -4.37122338e-08 1 -3.78589819e-13 -4.37122338e-08 1 0 -4.37115091e-08 1 0 -4.37115091e-08 1 0 -4.37115091e-08 1 3.15817278e-13 -4.37101022e-08 1 3.15817278e-13 -4.37101022e-08 1 3.15817278e-13 -4.37101022e-08 1 1.70532642e-13 -4.37122907e-08 1 1.70532642e-13 -4.37122907e-08 1 1.70532642e-13 -4.37122907e-08 1 -5.21954929e-13 -4.3711637e-08 1 -5.21954929e-13 -4.3711637e-08 1 -5.21954929e-13 -4.3711637e-08 1 5.33852639e-13 -4.37107879e-08 1 5.33852639e-13 -4.37107879e-08 1 5.33852639e-13 -4.37107879e-08 1 1.84101324e-13 -4.37111787e-08 1 1.84101324e-13 -4.37111787e-08 1 1.84101324e-13 -4.37111787e-08 1 -1.55108538e-13 -4.3711708e-08 1 -1.55108538e-13 -4.3711708e-08 1 -1.55108538e-13 -4.3711708e-08 1 -3.09644481e-14 -4.37118288e-08 0.99999994 -3.09644481e-14 -4.37118288e-08 0.99999994 -3.09644481e-14 -4.37118288e-08 0.99999994 0 -4.37109762e-08 1 0 -4.37109762e-08 1 0 -4.37109762e-08 1 1.01559122e-13 -4.37120207e-08 1 1.01559122e-13 -4.37120207e-08 1 1.01559122e-13 -4.37120207e-08 1 -2.5056663e-13 -4.37118146e-08 1 -2.5056663e-13 -4.37118146e-08 1 -2.5056663e-13 -4.37118146e-08 1 0 -4.3711033e-08 1 0 -4.3711033e-08 1 0 -4.3711033e-08 1 7.15914077e-14 -4.3711637e-08 1 7.15914077e-14 -4.3711637e-08 1 7.15914077e-14 -4.3711637e-08 1 -4.90621134e-14 -4.37114487e-08 1 -4.90621134e-14 -4.37114487e-08 1 -4.90621134e-14 -4.37114487e-08 1 2.51913047e-13 -4.37108199e-08 0.99999994 2.51913047e-13 -4.37108199e-08 0.99999994 2.51913047e-13 -4.37108199e-08 0.99999994 -1.16495355e-13 -4.37116192e-08 1 -1.16495355e-13 -4.37116192e-08 1 -1.16495355e-13 -4.37116192e-08 1 0 -4.37130367e-08 1 0 -4.37130367e-08 1 0 -4.37130367e-08 1 0 -4.3711303e-08 1 0 -4.3711303e-08 1 0 -4.3711303e-08 1 0 -4.37112853e-08 1 0 -4.37112853e-08 1 0 -4.37112853e-08 1 -1.21211855e-14 -4.37113954e-08 1 -1.21211855e-14 -4.37113954e-08 1 -1.21211855e-14 -4.37113954e-08 1 0 -4.37113989e-08 1 0 -4.37113989e-08 1 0 -4.37113989e-08 1 -1.34316691e-14 -4.37113847e-08 1 -1.34316691e-14 -4.37113847e-08 1 -1.34316691e-14 -4.37113847e-08 1 -1.19124843e-13 -4.37107168e-08 1 -1.19124843e-13 -4.37107168e-08 1 -1.19124843e-13 -4.37107168e-08 1 3.38940488e-15 -4.37113634e-08 1 3.38940488e-15 -4.37113634e-08 1 3.38940488e-15 -4.37113634e-08 1 -5.8735433e-14 -4.37114949e-08 1 -5.8735433e-14 -4.37114949e-08 1 -5.8735433e-14 -4.37114949e-08 1 1.22388341e-14 -4.37113883e-08 1 1.22388341e-14 -4.37113883e-08 1 1.22388341e-14 -4.37113883e-08 1 -1.14317708e-13 -4.37115837e-08 1 -1.14317708e-13 -4.37115837e-08 1 -1.14317708e-13 -4.37115837e-08 1 7.074903e-14 -4.37110153e-08 0.99999994 7.074903e-14 -4.37110153e-08 0.99999994 7.074903e-14 -4.37110153e-08 0.99999994 -7.17183406e-14 -4.37116903e-08 1 -7.17183406e-14 -4.37116903e-08 1 -7.17183406e-14 -4.37116903e-08 1 -2.52776294e-15 -4.37114025e-08 1 -2.52776294e-15 -4.37114025e-08 1 -2.52776294e-15 -4.37114025e-08 1 5.93418408e-14 -4.37115233e-08 1 5.93418408e-14 -4.37115233e-08 1 5.93418408e-14 -4.37115233e-08 1 2.55786034e-13 -4.37112284e-08 1 2.55786034e-13 -4.37112284e-08 1 2.55786034e-13 -4.37112284e-08 1 -8.23468762e-14 -4.37110401e-08 1 -8.23468762e-14 -4.37110401e-08 1 -8.23468762e-14 -4.37110401e-08 1 0 -4.37115091e-08 1 0 -4.37115091e-08 1 0 -4.37115091e-08 1 -1.87147241e-13 -4.37115766e-08 1 -1.87147241e-13 -4.37115766e-08 1 -1.87147241e-13 -4.37115766e-08 1 1.87761292e-13 -4.37109513e-08 0.99999994 1.87761292e-13 -4.37109513e-08 0.99999994 1.87761292e-13 -4.37109513e-08 0.99999994 0 -4.3711772e-08 1 0 -4.3711772e-08 1 0 -4.3711772e-08 1 -2.42902474e-15 -4.37113705e-08 0.99999994 -2.42902474e-15 -4.37113705e-08 0.99999994 -2.42902474e-15 -4.37113705e-08 0.99999994 0 -4.37118892e-08 1 0 -4.37118892e-08 1 0 -4.37118892e-08 1 -5.88298534e-14 -4.37110508e-08 0.99999994 -5.88298534e-14 -4.37110508e-08 0.99999994 -5.88298534e-14 -4.37110508e-08 0.99999994 0 -4.37111218e-08 1 0 -4.37111218e-08 1 0 -4.37111218e-08 1 1.63554744e-13 -4.37110437e-08 1 1.63554744e-13 -4.37110437e-08 1 1.63554744e-13 -4.37110437e-08 1 -5.53865967e-14 -4.37117684e-08 1 -5.53865967e-14 -4.37117684e-08 1 -5.53865967e-14 -4.37117684e-08 1 -2.41342489e-14 -4.37111787e-08 1 -2.41342489e-14 -4.37111787e-08 1 -2.41342489e-14 -4.37111787e-08 1 3.11865117e-16 -4.37114238e-08 1 3.11865117e-16 -4.37114238e-08 1 3.11865117e-16 -4.37114238e-08 1 2.21304484e-14 -4.37113528e-08 1 2.21304484e-14 -4.37113528e-08 1 2.21304484e-14 -4.37113528e-08 1 0 -4.37114416e-08 1 0 -4.37114416e-08 1 0 -4.37114416e-08 1 0 -4.37115197e-08 0.99999994 0 -4.37115197e-08 0.99999994 0 -4.37115197e-08 0.99999994 -2.69775809e-14 -4.37115588e-08 1 -2.69775809e-14 -4.37115588e-08 1 -2.69775809e-14 -4.37115588e-08 1 7.23164289e-15 -4.37111325e-08 1 7.23164289e-15 -4.37111325e-08 1 7.23164289e-15 -4.37111325e-08 1 6.67867903e-15 -4.3711367e-08 1 6.67867903e-15 -4.3711367e-08 1 6.67867903e-15 -4.3711367e-08 1 -2.63352538e-15 -4.37114451e-08 1 -2.63352538e-15 -4.37114451e-08 1 -2.63352538e-15 -4.37114451e-08 1 0 -4.37114167e-08 1 0 -4.37114167e-08 1 0 -4.37114167e-08 1 1.16780051e-15 -4.37113705e-08 1 1.16780051e-15 -4.37113705e-08 1 1.16780051e-15 -4.37113705e-08 1 5.88098906e-14 -4.37117436e-08 1 5.88098906e-14 -4.37117436e-08 1 5.88098906e-14 -4.37117436e-08 1 0 -4.37113918e-08 1 0 -4.37113918e-08 1 0 -4.37113918e-08 1 0 -4.37113705e-08 1 0 -4.37113705e-08 1 0 -4.37113705e-08 1 -9.51357845e-15 -4.37116014e-08 0.99999994 -9.51357845e-15 -4.37116014e-08 0.99999994 -9.51357845e-15 -4.37116014e-08 0.99999994 -6.03919414e-15 -4.37112426e-08 1 -6.03919414e-15 -4.37112426e-08 1 -6.03919414e-15 -4.37112426e-08 1 1.56792439e-13 -4.37099708e-08 1 1.56792439e-13 -4.37099708e-08 1 1.56792439e-13 -4.37099708e-08 1 0 -4.3711502e-08 1 0 -4.3711502e-08 1 0 -4.3711502e-08 1 -1.14470055e-15 -4.37113705e-08 1 -1.14470055e-15 -4.37113705e-08 1 -1.14470055e-15 -4.37113705e-08 1 -9.50759543e-16 -4.37114203e-08 1 -9.50759543e-16 -4.37114203e-08 1 -9.50759543e-16 -4.37114203e-08 1 -2.60481981e-16 -4.37114096e-08 1 -2.60481981e-16 -4.37114096e-08 1 -2.60481981e-16 -4.37114096e-08 1 0 -4.37113812e-08 1 0 -4.37113812e-08 1 0 -4.37113812e-08 1 -9.46194102e-17 -4.37114167e-08 1 -9.46194102e-17 -4.37114167e-08 1 -9.46194102e-17 -4.37114167e-08 1 0 -4.37113812e-08 1 0 -4.37113812e-08 1 0 -4.37113812e-08 1 0 -4.37113883e-08 1 0 -4.37113883e-08 1 0 -4.37113883e-08 1 0 -4.37114309e-08 1 0 -4.37114309e-08 1 0 -4.37114309e-08 1 0 -4.37113918e-08 1 0 -4.37113918e-08 1 0 -4.37113918e-08 1 0 -4.3711367e-08 1 0 -4.3711367e-08 1 0 -4.3711367e-08 1 0 -4.37115553e-08 1 0 -4.37115553e-08 1 0 -4.37115553e-08 1 7.85683774e-14 -4.37097896e-08 0.99999994 7.85683774e-14 -4.37097896e-08 0.99999994 7.85683774e-14 -4.37097896e-08 0.99999994 -5.34894123e-14 -4.37124044e-08 0.99999994 -5.34894123e-14 -4.37124044e-08 0.99999994 -5.34894123e-14 -4.37124044e-08 0.99999994 -1.2828024e-13 -4.37107204e-08 1 -1.2828024e-13 -4.37107204e-08 1 -1.2828024e-13 -4.37107204e-08 1 0 -4.37138183e-08 1 0 -4.37138183e-08 1 0 -4.37138183e-08 1 0 -4.37112746e-08 1 0 -4.37112746e-08 1 0 -4.37112746e-08 1 0 -4.37118537e-08 1 0 -4.37118537e-08 1 0 -4.37118537e-08 1 -3.14277657e-13 -4.37122516e-08 1 -3.14277657e-13 -4.37122516e-08 1 -3.14277657e-13 -4.37122516e-08 1 2.94192567e-13 -4.37095267e-08 1 2.94192567e-13 -4.37095267e-08 1 2.94192567e-13 -4.37095267e-08 1 0 -4.3713559e-08 1 0 -4.3713559e-08 1 0 -4.3713559e-08 1 2.57262016e-14 -4.37112178e-08 0.99999994 2.57262016e-14 -4.37112178e-08 0.99999994 2.57262016e-14 -4.37112178e-08 0.99999994 0 -4.37114309e-08 1 0 -4.37114309e-08 1 0 -4.37114309e-08 1 -2.60233661e-14 -4.37109264e-08 1 -2.60233661e-14 -4.37109264e-08 1 -2.60233661e-14 -4.37109264e-08 1 -1.53965179e-13 -4.37117613e-08 0.99999994 -1.53965179e-13 -4.37117613e-08 0.99999994 -1.53965179e-13 -4.37117613e-08 0.99999994 1.59822825e-13 -4.37108056e-08 0.99999994 1.59822825e-13 -4.37108056e-08 0.99999994 1.59822825e-13 -4.37108056e-08 0.99999994 0 -4.37098855e-08 1 0 -4.37098855e-08 1 0 -4.37098855e-08 1 5.06149267e-13 -4.37151009e-08 1 5.06149267e-13 -4.37151009e-08 1 5.06149267e-13 -4.37151009e-08 1 -7.52232478e-13 -4.37137331e-08 1 -7.52232478e-13 -4.37137331e-08 1 -7.52232478e-13 -4.37137331e-08 1 0 -4.37113989e-08 1 0 -4.37113989e-08 1 0 -4.37113989e-08 1 2.02550074e-14 -4.37113847e-08 1 2.02550074e-14 -4.37113847e-08 1 2.02550074e-14 -4.37113847e-08 1 0 -4.37114238e-08 1 0 -4.37114238e-08 1 0 -4.37114238e-08 1 3.31159904e-13 -4.37111218e-08 1 3.31159904e-13 -4.37111218e-08 1 3.31159904e-13 -4.37111218e-08 1 -6.70378873e-14 -4.37115197e-08 0.99999994 -6.70378873e-14 -4.37115197e-08 0.99999994 -6.70378873e-14 -4.37115197e-08 0.99999994 0 -4.37111574e-08 1 0 -4.37111574e-08 1 0 -4.37111574e-08 1 3.12748417e-13 -4.37122765e-08 1 3.12748417e-13 -4.37122765e-08 1 3.12748417e-13 -4.37122765e-08 1 -4.72381357e-13 -4.37111183e-08 0.99999994 -4.72381357e-13 -4.37111183e-08 0.99999994 -4.72381357e-13 -4.37111183e-08 0.99999994 7.22690787e-13 -4.37112284e-08 1 7.22690787e-13 -4.37112284e-08 1 7.22690787e-13 -4.37112284e-08 1 -2.0732221e-13 -4.37122125e-08 1 -2.0732221e-13 -4.37122125e-08 1 -2.0732221e-13 -4.37122125e-08 1 -1.8396485e-13 -4.37111538e-08 1 -1.8396485e-13 -4.37111538e-08 1 -1.8396485e-13 -4.37111538e-08 1 0 -4.3711168e-08 1 0 -4.3711168e-08 1 0 -4.3711168e-08 1 1.50691607e-13 -4.3710692e-08 1 1.50691607e-13 -4.3710692e-08 1 1.50691607e-13 -4.3710692e-08 1 -9.15781462e-14 -4.37115233e-08 1 -9.15781462e-14 -4.37115233e-08 1 -9.15781462e-14 -4.37115233e-08 1 -6.9533226e-14 -4.37108802e-08 1 -6.9533226e-14 -4.37108802e-08 1 -6.9533226e-14 -4.37108802e-08 1 1.33456275e-13 -4.37118679e-08 0.99999994 1.33456275e-13 -4.37118679e-08 0.99999994 1.33456275e-13 -4.37118679e-08 0.99999994 -6.3526788e-13 -4.37115126e-08 1 -6.3526788e-13 -4.37115126e-08 1 -6.3526788e-13 -4.37115126e-08 1 2.44165907e-13 -4.3710827e-08 1 2.44165907e-13 -4.3710827e-08 1 2.44165907e-13 -4.3710827e-08 1 -1.43793004e-13 -4.37113492e-08 1 -1.43793004e-13 -4.37113492e-08 1 -1.43793004e-13 -4.37113492e-08 1 -3.01234704e-13 -4.37113314e-08 1 -3.01234704e-13 -4.37113314e-08 1 -3.01234704e-13 -4.37113314e-08 1 9.84887627e-13 -4.37117116e-08 1 9.84887627e-13 -4.37117116e-08 1 9.84887627e-13 -4.37117116e-08 1 -8.60673403e-13 -4.37110188e-08 1 -8.60673403e-13 -4.37110188e-08 1 -8.60673403e-13 -4.37110188e-08 1 2.33624589e-13 -4.37110579e-08 1 2.33624589e-13 -4.37110579e-08 1 2.33624589e-13 -4.37110579e-08 1 0 -4.37116832e-08 1 0 -4.37116832e-08 1 0 -4.37116832e-08 1 4.93566125e-13 -4.37106138e-08 1 4.93566125e-13 -4.37106138e-08 1 4.93566125e-13 -4.37106138e-08 1 -6.30250409e-13 -4.37112782e-08 1 -6.30250409e-13 -4.37112782e-08 1 -6.30250409e-13 -4.37112782e-08 1 2.1984194e-12 -4.37133707e-08 1 2.1984194e-12 -4.37133707e-08 1 2.1984194e-12 -4.37133707e-08 1 0 -4.37105498e-08 1 0 -4.37105498e-08 1 0 -4.37105498e-08 1 -8.12437249e-13 -4.37118075e-08 1 -8.12437249e-13 -4.37118075e-08 1 -8.12437249e-13 -4.37118075e-08 1 9.30686626e-13 -4.3711772e-08 1 9.30686626e-13 -4.3711772e-08 1 9.30686626e-13 -4.3711772e-08 1 0 -4.37111787e-08 1 0 -4.37111787e-08 1 0 -4.37111787e-08 1 -8.80779661e-13 -4.37103864e-08 0.99999994 -8.80779661e-13 -4.37103864e-08 0.99999994 -8.80779661e-13 -4.37103864e-08 0.99999994 3.67035585e-13 -4.37128698e-08 0.99999994 3.67035585e-13 -4.37128698e-08 0.99999994 3.67035585e-13 -4.37128698e-08 0.99999994 5.72725081e-13 -4.37109513e-08 1 5.72725081e-13 -4.37109513e-08 1 5.72725081e-13 -4.37109513e-08 1 -3.24975019e-13 -4.37117791e-08 1 -3.24975019e-13 -4.37117791e-08 1 -3.24975019e-13 -4.37117791e-08 1 -1.18102753e-13 -4.37111147e-08 1 -1.18102753e-13 -4.37111147e-08 1 -1.18102753e-13 -4.37111147e-08 1 0 -4.37115766e-08 1 0 -4.37115766e-08 1 0 -4.37115766e-08 1 -1.56448801e-13 -4.37106209e-08 1 -1.56448801e-13 -4.37106209e-08 1 -1.56448801e-13 -4.37106209e-08 1 7.3945258e-14 -4.37114096e-08 1 7.3945258e-14 -4.37114096e-08 1 7.3945258e-14 -4.37114096e-08 1 -2.30519136e-13 -4.3712884e-08 0.99999994 -2.30519136e-13 -4.3712884e-08 0.99999994 -2.30519136e-13 -4.3712884e-08 0.99999994 -5.57627729e-13 -4.37105818e-08 1 -5.57627729e-13 -4.37105818e-08 1 -5.57627729e-13 -4.37105818e-08 1 1.17851638e-12 -4.37111716e-08 1 1.17851638e-12 -4.37111716e-08 1 1.17851638e-12 -4.37111716e-08 1 -3.17687432e-14 -4.3711438e-08 1 -3.17687432e-14 -4.3711438e-08 1 -3.17687432e-14 -4.3711438e-08 1 0 -4.37114558e-08 1 0 -4.37114558e-08 1 0 -4.37114558e-08 1 0 -4.3711367e-08 1 0 -4.3711367e-08 1 0 -4.3711367e-08 1 0 -4.37113847e-08 1 0 -4.37113847e-08 1 0 -4.37113847e-08 1 5.28139883e-14 -4.3711367e-08 1 5.28139883e-14 -4.3711367e-08 1 5.28139883e-14 -4.3711367e-08 1 2.22626923e-14 -4.37108589e-08 1 2.22626923e-14 -4.37108589e-08 1 2.22626923e-14 -4.37108589e-08 1 0 -4.37117365e-08 0.99999994 0 -4.37117365e-08 0.99999994 0 -4.37117365e-08 0.99999994 6.51137943e-14 -4.37112071e-08 1 6.51137943e-14 -4.37112071e-08 1 6.51137943e-14 -4.37112071e-08 1 -3.40714802e-14 -4.3711097e-08 1 -3.40714802e-14 -4.3711097e-08 1 -3.40714802e-14 -4.3711097e-08 1 0 -4.37115446e-08 1 0 -4.37115446e-08 1 0 -4.37115446e-08 1 5.79724392e-14 -4.37113918e-08 1 5.79724392e-14 -4.37113918e-08 1 5.79724392e-14 -4.37113918e-08 1 0 -4.37113954e-08 1 0 -4.37113954e-08 1 0 -4.37113954e-08 1 -4.75401511e-13 -4.37110934e-08 1 -4.75401511e-13 -4.37110934e-08 1 -4.75401511e-13 -4.37110934e-08 1 3.75289128e-13 -4.3711669e-08 1 3.75289128e-13 -4.3711669e-08 1 3.75289128e-13 -4.3711669e-08 1 0 -4.37114949e-08 1 0 -4.37114949e-08 1 0 -4.37114949e-08 1 3.10043366e-14 -4.37112924e-08 1 3.10043366e-14 -4.37112924e-08 1 3.10043366e-14 -4.37112924e-08 1 -5.95620761e-14 -4.37111716e-08 1 -5.95620761e-14 -4.37111716e-08 1 -5.95620761e-14 -4.37111716e-08 1 0 -4.37109939e-08 1 0 -4.37109939e-08 1 0 -4.37109939e-08 1 0 -4.37103296e-08 0.99999994 0 -4.37103296e-08 0.99999994 0 -4.37103296e-08 0.99999994 -3.10042959e-14 -4.37112533e-08 0.99999994 -3.10042959e-14 -4.37112533e-08 0.99999994 -3.10042959e-14 -4.37112533e-08 0.99999994 5.21165379e-14 -4.37109371e-08 0.99999994 5.21165379e-14 -4.37109371e-08 0.99999994 5.21165379e-14 -4.37109371e-08 0.99999994 -2.51411522e-12 -4.37096226e-08 1 -2.51411522e-12 -4.37096226e-08 1 -2.51411522e-12 -4.37096226e-08 1 -6.90647929e-12 -4.37128342e-08 0.99999994 -6.90647929e-12 -4.37128342e-08 0.99999994 -6.90647929e-12 -4.37128342e-08 0.99999994 0 -4.37113741e-08 1 0 -4.37113741e-08 1 0 -4.37113741e-08 1 0 -4.37112639e-08 1 0 -4.37112639e-08 1 0 -4.37112639e-08 1 -1.52121967e-14 -4.37114913e-08 0.99999994 -1.52121967e-14 -4.37114913e-08 0.99999994 -1.52121967e-14 -4.37114913e-08 0.99999994 0 -4.3709548e-08 1 0 -4.3709548e-08 1 0 -4.3709548e-08 1 -5.27031674e-12 -4.37116761e-08 1 -5.27031674e-12 -4.37116761e-08 1 -5.27031674e-12 -4.37116761e-08 1 0 -4.37119176e-08 1 0 -4.37119176e-08 1 0 -4.37119176e-08 1 1.54453186e-12 -4.37107346e-08 1 1.54453186e-12 -4.37107346e-08 1 1.54453186e-12 -4.37107346e-08 1 -1.10026138e-12 -4.37114487e-08 1 -1.10026138e-12 -4.37114487e-08 1 -1.10026138e-12 -4.37114487e-08 1 1.41635922e-12 -4.3711502e-08 1 1.41635922e-12 -4.3711502e-08 1 1.41635922e-12 -4.3711502e-08 1 -1.35614588e-12 -4.37114629e-08 1 -1.35614588e-12 -4.37114629e-08 1 -1.35614588e-12 -4.37114629e-08 1 0 -4.37114132e-08 1 0 -4.37114132e-08 1 0 -4.37114132e-08 1 1.42102335e-12 -4.37114096e-08 1 1.42102335e-12 -4.37114096e-08 1 1.42102335e-12 -4.37114096e-08 1 -4.70476305e-13 -4.37110117e-08 1 -4.70476305e-13 -4.37110117e-08 1 -4.70476305e-13 -4.37110117e-08 1 4.70645712e-13 -4.371228e-08 1 4.70645712e-13 -4.371228e-08 1 4.70645712e-13 -4.371228e-08 1 0 -4.37094698e-08 1 0 -4.37094698e-08 1 0 -4.37094698e-08 1 1.18025099e-12 -4.37136478e-08 1 1.18025099e-12 -4.37136478e-08 1 1.18025099e-12 -4.37136478e-08 1 -4.87115285e-13 -4.37104077e-08 1 -4.87115285e-13 -4.37104077e-08 1 -4.87115285e-13 -4.37104077e-08 1 0 -4.37086172e-08 0.99999994 0 -4.37086172e-08 0.99999994 0 -4.37086172e-08 0.99999994 -1.88572552e-12 -4.37120242e-08 1 -1.88572552e-12 -4.37120242e-08 1 -1.88572552e-12 -4.37120242e-08 1 4.51584543e-13 -4.37114096e-08 1 4.51584543e-13 -4.37114096e-08 1 4.51584543e-13 -4.37114096e-08 1 0 -4.37118217e-08 1 0 -4.37118217e-08 1 0 -4.37118217e-08 1 2.63296702e-14 -4.37113776e-08 1 2.63296702e-14 -4.37113776e-08 1 2.63296702e-14 -4.37113776e-08 1 -6.87387322e-13 -4.37114736e-08 1 -6.87387322e-13 -4.37114736e-08 1 -6.87387322e-13 -4.37114736e-08 1 8.652914e-13 -4.37114167e-08 1 8.652914e-13 -4.37114167e-08 1 8.652914e-13 -4.37114167e-08 1 -1.37933675e-12 -4.37111751e-08 1 -1.37933675e-12 -4.37111751e-08 1 -1.37933675e-12 -4.37111751e-08 1 -4.87791014e-13 -4.37110756e-08 1 -4.87791014e-13 -4.37110756e-08 1 -4.87791014e-13 -4.37110756e-08 1 5.41775663e-13 -4.37116192e-08 0.99999994 5.41775663e-13 -4.37116192e-08 0.99999994 5.41775663e-13 -4.37116192e-08 0.99999994 -3.67062541e-14 -4.37113954e-08 1 -3.67062541e-14 -4.37113954e-08 1 -3.67062541e-14 -4.37113954e-08 1 3.26721174e-14 -4.37114451e-08 0.99999994 3.26721174e-14 -4.37114451e-08 0.99999994 3.26721174e-14 -4.37114451e-08 0.99999994 1.82620398e-13 -4.37106351e-08 0.99999994 1.82620398e-13 -4.37106351e-08 0.99999994 1.82620398e-13 -4.37106351e-08 0.99999994 0 -4.37112426e-08 0.99999994 0 -4.37112426e-08 0.99999994 0 -4.37112426e-08 0.99999994 -2.0525723e-12 -4.37151719e-08 1 -2.0525723e-12 -4.37151719e-08 1 -2.0525723e-12 -4.37151719e-08 1 2.02433925e-12 -4.37080132e-08 1 2.02433925e-12 -4.37080132e-08 1 2.02433925e-12 -4.37080132e-08 1 -6.01945533e-12 -4.37170478e-08 1 -6.01945533e-12 -4.37170478e-08 1 -6.01945533e-12 -4.37170478e-08 1 0 -4.37114309e-08 1 0 -4.37114309e-08 1 0 -4.37114309e-08 1 4.19079729e-13 -4.37113741e-08 1 4.19079729e-13 -4.37113741e-08 1 4.19079729e-13 -4.37113741e-08 1 0 -4.37113634e-08 0.99999994 0 -4.37113634e-08 0.99999994 0 -4.37113634e-08 0.99999994 3.35035087e-13 -4.37113954e-08 1 3.35035087e-13 -4.37113954e-08 1 3.35035087e-13 -4.37113954e-08 1 0 -4.37113741e-08 1 0 -4.37113741e-08 1 0 -4.37113741e-08 1 -3.33060321e-13 -4.37113741e-08 1 -3.33060321e-13 -4.37113741e-08 1 -3.33060321e-13 -4.37113741e-08 1 9.96287579e-13 -4.37113847e-08 1 9.96287579e-13 -4.37113847e-08 1 9.96287579e-13 -4.37113847e-08 1 -1.06693354e-12 -4.37113492e-08 0.99999994 -1.06693354e-12 -4.37113492e-08 0.99999994 -1.06693354e-12 -4.37113492e-08 0.99999994 0 -4.37149623e-08 0.99999994 0 -4.37149623e-08 0.99999994 0 -4.37149623e-08 0.99999994 2.0525723e-12 -4.37142731e-08 1 2.0525723e-12 -4.37142731e-08 1 2.0525723e-12 -4.37142731e-08 1 2.50871849e-12 -4.37120669e-08 0.99999994 2.50871849e-12 -4.37120669e-08 0.99999994 2.50871849e-12 -4.37120669e-08 0.99999994 0 -4.37113883e-08 1 0 -4.37113883e-08 1 0 -4.37113883e-08 1 0 -4.37114345e-08 1 0 -4.37114345e-08 1 0 -4.37114345e-08 1 1.34844393e-14 -4.37113599e-08 1 1.34844393e-14 -4.37113599e-08 1 1.34844393e-14 -4.37113599e-08 1 0 -4.37109193e-08 1 0 -4.37109193e-08 1 0 -4.37109193e-08 1 1.50016769e-14 -4.37113954e-08 0.99999994 1.50016769e-14 -4.37113954e-08 0.99999994 1.50016769e-14 -4.37113954e-08 0.99999994 -5.28139713e-14 -4.37113776e-08 1 -5.28139713e-14 -4.37113776e-08 1 -5.28139713e-14 -4.37113776e-08 1 0 -4.37114132e-08 1 0 -4.37114132e-08 1 0 -4.37114132e-08 1 -1.13731962e-12 -4.37117436e-08 1 -1.13731962e-12 -4.37117436e-08 1 -1.13731962e-12 -4.37117436e-08 1 0 -4.37126602e-08 0.99999994 0 -4.37126602e-08 0.99999994 0 -4.37126602e-08 0.99999994 0 -4.37112284e-08 1 0 -4.37112284e-08 1 0 -4.37112284e-08 1 8.60673403e-13 -4.37118821e-08 1 8.60673403e-13 -4.37118821e-08 1 8.60673403e-13 -4.37118821e-08 1 0 -4.37105427e-08 1 0 -4.37105427e-08 1 0 -4.37105427e-08 1 1.04389164e-12 -4.37113954e-08 1 1.04389164e-12 -4.37113954e-08 1 1.04389164e-12 -4.37113954e-08 1 -5.33871721e-13 -4.37118146e-08 0.99999994 -5.33871721e-13 -4.37118146e-08 0.99999994 -5.33871721e-13 -4.37118146e-08 0.99999994 0 -4.37107879e-08 1 0 -4.37107879e-08 1 0 -4.37107879e-08 1 -9.30676109e-13 -4.37115624e-08 1 -9.30676109e-13 -4.37115624e-08 1 -9.30676109e-13 -4.37115624e-08 1 8.12461968e-13 -4.37111041e-08 1 8.12461968e-13 -4.37111041e-08 1 8.12461968e-13 -4.37111041e-08 1 0 -4.37112213e-08 1 0 -4.37112213e-08 1 0 -4.37112213e-08 1 4.39630374e-13 -4.37118146e-08 1 4.39630374e-13 -4.37118146e-08 1 4.39630374e-13 -4.37118146e-08 1 -1.30687982e-13 -4.37114451e-08 1 -1.30687982e-13 -4.37114451e-08 1 -1.30687982e-13 -4.37114451e-08 1 0 -4.37127774e-08 1 0 -4.37127774e-08 1 0 -4.37127774e-08 1 -1.37408379e-12 -4.37102941e-08 1 -1.37408379e-12 -4.37102941e-08 1 -1.37408379e-12 -4.37102941e-08 1 0 -4.37113989e-08 1 0 -4.37113989e-08 1 0 -4.37113989e-08 1 2.98381263e-12 -4.37114984e-08 0.99999994 2.98381263e-12 -4.37114984e-08 0.99999994 2.98381263e-12 -4.37114984e-08 0.99999994 -1.54584743e-12 -4.371147e-08 1 -1.54584743e-12 -4.371147e-08 1 -1.54584743e-12 -4.371147e-08 1 0 -4.37123475e-08 1 0 -4.37123475e-08 1 0 -4.37123475e-08 1 1.38337489e-13 -4.37103829e-08 1 1.38337489e-13 -4.37103829e-08 1 1.38337489e-13 -4.37103829e-08 1 0 -4.37114558e-08 1 0 -4.37114558e-08 1 0 -4.37114558e-08 1 3.24977675e-13 -4.37127881e-08 0.99999994 3.24977675e-13 -4.37127881e-08 0.99999994 3.24977675e-13 -4.37127881e-08 0.99999994 -3.93746152e-13 -4.37102265e-08 1 -3.93746152e-13 -4.37102265e-08 1 -3.93746152e-13 -4.37102265e-08 1 0 -4.37107524e-08 1 0 -4.37107524e-08 1 0 -4.37107524e-08 1 0 -4.37114096e-08 1 0 -4.37114096e-08 1 0 -4.37114096e-08 1 -2.44163928e-13 -4.37101448e-08 1 -2.44163928e-13 -4.37101448e-08 1 -2.44163928e-13 -4.37101448e-08 1 6.35288209e-13 -4.37124363e-08 1 6.35288209e-13 -4.37124363e-08 1 6.35288209e-13 -4.37124363e-08 1 -2.48946019e-13 -4.37114345e-08 1 -2.48946019e-13 -4.37114345e-08 1 -2.48946019e-13 -4.37114345e-08 1 1.8396733e-13 -4.37111218e-08 1 1.8396733e-13 -4.37111218e-08 1 1.8396733e-13 -4.37111218e-08 1 -2.98173724e-14 -4.37113741e-08 1 -2.98173724e-14 -4.37113741e-08 1 -2.98173724e-14 -4.37113741e-08 1 7.20430768e-13 -4.37110899e-08 0.99999994 7.20430768e-13 -4.37110899e-08 0.99999994 7.20430768e-13 -4.37110899e-08 0.99999994 -4.7454228e-13 -4.37110401e-08 1 -4.7454228e-13 -4.37110401e-08 1 -4.7454228e-13 -4.37110401e-08 1 0 -4.37105143e-08 1 0 -4.37105143e-08 1 0 -4.37105143e-08 1 5.57629518e-13 -4.37109051e-08 1 5.57629518e-13 -4.37109051e-08 1 5.57629518e-13 -4.37109051e-08 1 -7.86305699e-14 -4.37114416e-08 1 -7.86305699e-14 -4.37114416e-08 1 -7.86305699e-14 -4.37114416e-08 1 9.27239107e-14 -4.37121841e-08 1 9.27239107e-14 -4.37121841e-08 1 9.27239107e-14 -4.37121841e-08 1 1.56452081e-13 -4.37114593e-08 1 1.56452081e-13 -4.37114593e-08 1 1.56452081e-13 -4.37114593e-08 1 1.34075585e-13 -4.37115908e-08 0.99999994 1.34075585e-13 -4.37115908e-08 0.99999994 1.34075585e-13 -4.37115908e-08 0.99999994 -1.33456275e-13 -4.37119354e-08 0.99999994 -1.33456275e-13 -4.37119354e-08 0.99999994 -1.33456275e-13 -4.37119354e-08 0.99999994 0 -4.37114629e-08 1 0 -4.37114629e-08 1 0 -4.37114629e-08 1 3.93990531e-13 -4.37113705e-08 1 3.93990531e-13 -4.37113705e-08 1 3.93990531e-13 -4.37113705e-08 1 -1.50694046e-13 -4.3711065e-08 1 -1.50694046e-13 -4.3711065e-08 1 -1.50694046e-13 -4.3711065e-08 1 3.20293058e-15 -4.37114061e-08 0.99999994 3.20293058e-15 -4.37114061e-08 0.99999994 3.20293058e-15 -4.37114061e-08 0.99999994 -3.60433991e-15 -4.37113599e-08 1 -3.60433991e-15 -4.37113599e-08 1 -3.60433991e-15 -4.37113599e-08 1 -5.35633414e-14 -4.37124719e-08 1 -5.35633414e-14 -4.37124719e-08 1 -5.35633414e-14 -4.37124719e-08 1 1.30990013e-13 -4.37122836e-08 1 1.30990013e-13 -4.37122836e-08 1 1.30990013e-13 -4.37122836e-08 1 0 -4.37120207e-08 1 0 -4.37120207e-08 1 0 -4.37120207e-08 1 0 -4.37103687e-08 1 0 -4.37103687e-08 1 0 -4.37103687e-08 1 5.21945822e-13 -4.37113954e-08 1 5.21945822e-13 -4.37113954e-08 1 5.21945822e-13 -4.37113954e-08 1 0 -4.37109833e-08 1 0 -4.37109833e-08 1 0 -4.37109833e-08 1 -7.15906352e-14 -4.37120953e-08 1 -7.15906352e-14 -4.37120953e-08 1 -7.15906352e-14 -4.37120953e-08 1 0 -4.37109833e-08 1 0 -4.37109833e-08 1 0 -4.37109833e-08 1 -5.3386218e-13 -4.37115659e-08 1 -5.3386218e-13 -4.37115659e-08 1 -5.3386218e-13 -4.37115659e-08 1 2.50570533e-13 -4.3711708e-08 1 2.50570533e-13 -4.3711708e-08 1 2.50570533e-13 -4.3711708e-08 1 0 -4.37113279e-08 1 0 -4.37113279e-08 1 0 -4.37113279e-08 1 -1.57444655e-13 -4.3712145e-08 0.99999994 -1.57444655e-13 -4.3712145e-08 0.99999994 -1.57444655e-13 -4.3712145e-08 0.99999994 -4.36857785e-14 -4.37106067e-08 1 -4.36857785e-14 -4.37106067e-08 1 -4.36857785e-14 -4.37106067e-08 1 -3.06934179e-14 -4.37108767e-08 1 -3.06934179e-14 -4.37108767e-08 1 -3.06934179e-14 -4.37108767e-08 1 -3.40380122e-13 -4.37115304e-08 1 -3.40380122e-13 -4.37115304e-08 1 -3.40380122e-13 -4.37115304e-08 1 8.0692404e-14 -4.37114593e-08 1 8.0692404e-14 -4.37114593e-08 1 8.0692404e-14 -4.37114593e-08 1 3.17243736e-13 -4.37112746e-08 1 3.17243736e-13 -4.37112746e-08 1 3.17243736e-13 -4.37112746e-08 1 -3.1724341e-13 -4.37112249e-08 1 -3.1724341e-13 -4.37112249e-08 1 -3.1724341e-13 -4.37112249e-08 1 -8.06923227e-14 -4.37114203e-08 1 -8.06923227e-14 -4.37114203e-08 1 -8.06923227e-14 -4.37114203e-08 1 2.97833454e-13 -4.37116405e-08 1 2.97833454e-13 -4.37116405e-08 1 2.97833454e-13 -4.37116405e-08 1 -3.3017429e-14 -4.37114522e-08 1 -3.3017429e-14 -4.37114522e-08 1 -3.3017429e-14 -4.37114522e-08 1 2.65512371e-14 -4.37114061e-08 1 2.65512371e-14 -4.37114061e-08 1 2.65512371e-14 -4.37114061e-08 1 -3.40373807e-13 -4.37108376e-08 1 -3.40373807e-13 -4.37108376e-08 1 -3.40373807e-13 -4.37108376e-08 1 1.00865862e-13 -4.3711669e-08 0.99999994 1.00865862e-13 -4.3711669e-08 0.99999994 1.00865862e-13 -4.3711669e-08 0.99999994 -3.73664045e-13 -4.37112213e-08 1 -3.73664045e-13 -4.37112213e-08 1 -3.73664045e-13 -4.37112213e-08 1 1.78396956e-13 -4.37111822e-08 1 1.78396956e-13 -4.37111822e-08 1 1.78396956e-13 -4.37111822e-08 1 0 -4.37113954e-08 1 0 -4.37113954e-08 1 0 -4.37113954e-08 1 -1.78397038e-13 -4.37111538e-08 1 -1.78397038e-13 -4.37111538e-08 1 -1.78397038e-13 -4.37111538e-08 1 2.86086069e-13 -4.37112462e-08 1 2.86086069e-13 -4.37112462e-08 1 2.86086069e-13 -4.37112462e-08 1 0 -4.37113208e-08 0.99999994 0 -4.37113208e-08 0.99999994 0 -4.37113208e-08 0.99999994 0 -4.37124541e-08 1 0 -4.37124541e-08 1 0 -4.37124541e-08 1 7.89016408e-14 -4.37122125e-08 1 7.89016408e-14 -4.37122125e-08 1 7.89016408e-14 -4.37122125e-08 1 -8.46729303e-14 -4.37114345e-08 1 -8.46729303e-14 -4.37114345e-08 1 -8.46729303e-14 -4.37114345e-08 1 -2.94176808e-15 -4.37113279e-08 1 -2.94176808e-15 -4.37113279e-08 1 -2.94176808e-15 -4.37113279e-08 1 1.48907647e-14 -4.37118928e-08 1 1.48907647e-14 -4.37118928e-08 1 1.48907647e-14 -4.37118928e-08 1 0 -4.37116974e-08 1 0 -4.37116974e-08 1 0 -4.37116974e-08 1 1.35477418e-13 -4.37116867e-08 1 1.35477418e-13 -4.37116867e-08 1 1.35477418e-13 -4.37116867e-08 1 -7.89014782e-14 -4.37121095e-08 0.99999994 -7.89014782e-14 -4.37121095e-08 0.99999994 -7.89014782e-14 -4.37121095e-08 0.99999994 4.94866125e-14 -4.37120313e-08 1 4.94866125e-14 -4.37120313e-08 1 4.94866125e-14 -4.37120313e-08 1 0 -4.37106635e-08 0.99999994 0 -4.37106635e-08 0.99999994 0 -4.37106635e-08 0.99999994 1.15910333e-13 -4.37118288e-08 1 1.15910333e-13 -4.37118288e-08 1 1.15910333e-13 -4.37118288e-08 1 -1.42181883e-14 -4.3711065e-08 1 -1.42181883e-14 -4.3711065e-08 1 -1.42181883e-14 -4.3711065e-08 1 2.31488738e-13 -4.37115553e-08 1 2.31488738e-13 -4.37115553e-08 1 2.31488738e-13 -4.37115553e-08 1 1.42180511e-14 -4.37107772e-08 1 1.42180511e-14 -4.37107772e-08 1 1.42180511e-14 -4.37107772e-08 1 -1.15909777e-13 -4.37115339e-08 1 -1.15909777e-13 -4.37115339e-08 1 -1.15909777e-13 -4.37115339e-08 1 1.4027527e-13 -4.37098784e-08 1 1.4027527e-13 -4.37098784e-08 1 1.4027527e-13 -4.37098784e-08 1 -4.80218404e-13 -4.37119922e-08 1 -4.80218404e-13 -4.37119922e-08 1 -4.80218404e-13 -4.37119922e-08 1 0 -4.3711438e-08 1 0 -4.3711438e-08 1 0 -4.3711438e-08 1 4.80219488e-13 -4.37121379e-08 1 4.80219488e-13 -4.37121379e-08 1 4.80219488e-13 -4.37121379e-08 1 -1.05205829e-13 -4.37096332e-08 1 -1.05205829e-13 -4.37096332e-08 1 -1.05205829e-13 -4.37096332e-08 1 -1.97037997e-13 -4.37113172e-08 1 -1.97037997e-13 -4.37113172e-08 1 -1.97037997e-13 -4.37113172e-08 1 0 -4.37112071e-08 1 0 -4.37112071e-08 1 0 -4.37112071e-08 1 -5.32775626e-14 -4.37114238e-08 1 -5.32775626e-14 -4.37114238e-08 1 -5.32775626e-14 -4.37114238e-08 1 2.492975e-14 -4.37114167e-08 1 2.492975e-14 -4.37114167e-08 1 2.492975e-14 -4.37114167e-08 1 0 -4.3711367e-08 1 0 -4.3711367e-08 1 0 -4.3711367e-08 1 7.93109068e-14 -4.37113243e-08 1 7.93109068e-14 -4.37113243e-08 1 7.93109068e-14 -4.37113243e-08 1 -1.00235148e-13 -4.37114451e-08 1 -1.00235148e-13 -4.37114451e-08 1 -1.00235148e-13 -4.37114451e-08 1 2.42079468e-13 -4.37114842e-08 1 2.42079468e-13 -4.37114842e-08 1 2.42079468e-13 -4.37114842e-08 1 -1.04040264e-13 -4.37114629e-08 1 -1.04040264e-13 -4.37114629e-08 1 -1.04040264e-13 -4.37114629e-08 1 -4.70738086e-14 -4.37112497e-08 1 -4.70738086e-14 -4.37112497e-08 1 -4.70738086e-14 -4.37112497e-08 1 1.1873529e-13 -4.37116832e-08 1 1.1873529e-13 -4.37116832e-08 1 1.1873529e-13 -4.37116832e-08 1 -2.53221543e-13 -4.37116832e-08 1 -2.53221543e-13 -4.37116832e-08 1 -2.53221543e-13 -4.37116832e-08 1 0 -4.37113812e-08 1 0 -4.37113812e-08 1 0 -4.37113812e-08 1 -3.75616794e-14 -4.37113812e-08 0.99999994 -3.75616794e-14 -4.37113812e-08 0.99999994 -3.75616794e-14 -4.37113812e-08 0.99999994 1.58862737e-13 -4.37113066e-08 1 1.58862737e-13 -4.37113066e-08 1 1.58862737e-13 -4.37113066e-08 1 0 -4.37112924e-08 1 0 -4.37112924e-08 1 0 -4.37112924e-08 1 3.53031847e-14 -4.37113101e-08 1 3.53031847e-14 -4.37113101e-08 1 3.53031847e-14 -4.37113101e-08 1 1.28880766e-13 -4.37114274e-08 1 1.28880766e-13 -4.37114274e-08 1 1.28880766e-13 -4.37114274e-08 1 0 -4.37112853e-08 1 0 -4.37112853e-08 1 0 -4.37112853e-08 1 5.85018348e-14 -4.37112675e-08 1 5.85018348e-14 -4.37112675e-08 1 5.85018348e-14 -4.37112675e-08 1 0 -4.37110401e-08 1 0 -4.37110401e-08 1 0 -4.37110401e-08 1 -1.53469885e-14 -4.37119958e-08 0.99999994 -1.53469885e-14 -4.37119958e-08 0.99999994 -1.53469885e-14 -4.37119958e-08 0.99999994 -2.96837004e-14 -4.37110224e-08 1 -2.96837004e-14 -4.37110224e-08 1 -2.96837004e-14 -4.37110224e-08 1 0 -4.37117684e-08 1 0 -4.37117684e-08 1 0 -4.37117684e-08 1 3.53025931e-13 -4.37109868e-08 1 3.53025931e-13 -4.37109868e-08 1 3.53025931e-13 -4.37109868e-08 1 -1.2888063e-13 -4.37113989e-08 1 -1.2888063e-13 -4.37113989e-08 1 -1.2888063e-13 -4.37113989e-08 1 0 -4.3711669e-08 1 0 -4.3711669e-08 1 0 -4.3711669e-08 1 -1.32954967e-13 -4.37113457e-08 1 -1.32954967e-13 -4.37113457e-08 1 -1.32954967e-13 -4.37113457e-08 1 0 -4.37113883e-08 1 0 -4.37113883e-08 1 0 -4.37113883e-08 1 1.32954967e-13 -4.37113989e-08 1 1.32954967e-13 -4.37113989e-08 1 1.32954967e-13 -4.37113989e-08 1 1.51804283e-13 -4.37116903e-08 1 1.51804283e-13 -4.37116903e-08 1 1.51804283e-13 -4.37116903e-08 1 5.32767969e-14 -4.37112746e-08 1 5.32767969e-14 -4.37112746e-08 1 5.32767969e-14 -4.37112746e-08 1 -1.07710932e-13 -4.37112497e-08 1 -1.07710932e-13 -4.37112497e-08 1 -1.07710932e-13 -4.37112497e-08 1 9.34163025e-14 -4.37109833e-08 1 9.34163025e-14 -4.37109833e-08 1 9.34163025e-14 -4.37109833e-08 1 1.04041863e-13 -4.37118679e-08 1 1.04041863e-13 -4.37118679e-08 1 1.04041863e-13 -4.37118679e-08 1 -2.12448047e-13 -4.37114238e-08 1 -2.12448047e-13 -4.37114238e-08 1 -2.12448047e-13 -4.37114238e-08 1 1.58621705e-13 -4.37113847e-08 1 1.58621705e-13 -4.37113847e-08 1 1.58621705e-13 -4.37113847e-08 1 -1.58863415e-13 -4.37110899e-08 1 -1.58863415e-13 -4.37110899e-08 1 -1.58863415e-13 -4.37110899e-08 1 0 -4.37113918e-08 1 0 -4.37113918e-08 1 0 -4.37113918e-08 1 5.82964192e-14 -4.3711502e-08 1 5.82964192e-14 -4.3711502e-08 1 5.82964192e-14 -4.3711502e-08 1 -5.75506668e-15 -4.37118572e-08 0.99999994 -5.75506668e-15 -4.37118572e-08 0.99999994 -5.75506668e-15 -4.37118572e-08 0.99999994 -7.93108526e-14 -4.37113847e-08 1 -7.93108526e-14 -4.37113847e-08 1 -7.93108526e-14 -4.37113847e-08 1 3.34116076e-14 -4.37112853e-08 1 3.34116076e-14 -4.37112853e-08 1 3.34116076e-14 -4.37112853e-08 1 -2.49301295e-14 -4.37118146e-08 1 -2.49301295e-14 -4.37118146e-08 1 -2.49301295e-14 -4.37118146e-08 1 0 -4.37113812e-08 1 0 -4.37113812e-08 1 0 -4.37113812e-08 1 -8.8087171e-14 -4.37117862e-08 1 -8.8087171e-14 -4.37117862e-08 1 -8.8087171e-14 -4.37117862e-08 1 1.00235297e-13 -4.37111112e-08 1 1.00235297e-13 -4.37111112e-08 1 1.00235297e-13 -4.37111112e-08 1 0 -4.37110366e-08 1 0 -4.37110366e-08 1 0 -4.37110366e-08 1 2.45318793e-13 -4.37118857e-08 1 2.45318793e-13 -4.37118857e-08 1 2.45318793e-13 -4.37118857e-08 1 0 -4.3711772e-08 1 0 -4.3711772e-08 1 0 -4.3711772e-08 1 1.35476266e-13 -4.37104504e-08 1 1.35476266e-13 -4.37104504e-08 1 1.35476266e-13 -4.37104504e-08 1 -1.52366035e-13 -4.37120882e-08 0.99999994 -1.52366035e-13 -4.37120882e-08 0.99999994 -1.52366035e-13 -4.37120882e-08 0.99999994 0 -4.37112284e-08 1 0 -4.37112284e-08 1 0 -4.37112284e-08 1 -2.70952531e-13 -4.37106031e-08 1 -2.70952531e-13 -4.37106031e-08 1 -2.70952531e-13 -4.37106031e-08 1 4.15456921e-13 -4.3711907e-08 1 4.15456921e-13 -4.3711907e-08 1 4.15456921e-13 -4.3711907e-08 1 -2.42018916e-13 -4.37106777e-08 1 -2.42018916e-13 -4.37106777e-08 1 -2.42018916e-13 -4.37106777e-08 1 -2.80563089e-13 -4.37117293e-08 1 -2.80563089e-13 -4.37117293e-08 1 -2.80563089e-13 -4.37117293e-08 1 3.46925695e-13 -4.37139569e-08 0.99999994 3.46925695e-13 -4.37139569e-08 0.99999994 3.46925695e-13 -4.37139569e-08 0.99999994 1.3306016e-14 -4.37114345e-08 1 1.3306016e-14 -4.37114345e-08 1 1.3306016e-14 -4.37114345e-08 1 1.03263596e-13 -4.37138006e-08 1 1.03263596e-13 -4.37138006e-08 1 1.03263596e-13 -4.37138006e-08 1 -1.60008793e-13 -4.37112107e-08 0.99999994 -1.60008793e-13 -4.37112107e-08 0.99999994 -1.60008793e-13 -4.37112107e-08 0.99999994 1.15909466e-13 -4.37113137e-08 1 1.15909466e-13 -4.37113137e-08 1 1.15909466e-13 -4.37113137e-08 1 5.3318365e-15 -4.37116299e-08 0.99999994 5.3318365e-15 -4.37116299e-08 0.99999994 5.3318365e-15 -4.37116299e-08 0.99999994 0 -4.37113812e-08 1 0 -4.37113812e-08 1 0 -4.37113812e-08 1 -1.87761265e-13 -4.3711367e-08 0.99999994 -1.87761265e-13 -4.3711367e-08 0.99999994 -1.87761265e-13 -4.3711367e-08 0.99999994 1.87148243e-13 -4.37109158e-08 1 1.87148243e-13 -4.37109158e-08 1 1.87148243e-13 -4.37109158e-08 1 2.45549485e-13 -4.37122267e-08 1 2.45549485e-13 -4.37122267e-08 1 2.45549485e-13 -4.37122267e-08 1 -1.53869688e-13 -4.37109051e-08 1 -1.53869688e-13 -4.37109051e-08 1 -1.53869688e-13 -4.37109051e-08 1 0 -4.37114167e-08 1 0 -4.37114167e-08 1 0 -4.37114167e-08 1 1.49992405e-13 -4.37110934e-08 1 1.49992405e-13 -4.37110934e-08 1 1.49992405e-13 -4.37110934e-08 1 -2.34601157e-13 -4.37115588e-08 0.99999994 -2.34601157e-13 -4.37115588e-08 0.99999994 -2.34601157e-13 -4.37115588e-08 0.99999994 -3.22769995e-13 -4.37115304e-08 1 -3.22769995e-13 -4.37115304e-08 1 -3.22769995e-13 -4.37115304e-08 1 -1.63674485e-15 -4.37113883e-08 1 -1.63674485e-15 -4.37113883e-08 1 -1.63674485e-15 -4.37113883e-08 1 0 -4.37113812e-08 1 0 -4.37113812e-08 1 0 -4.37113812e-08 1 0 -4.37114061e-08 1 0 -4.37114061e-08 1 0 -4.37114061e-08 1 5.05598964e-15 -4.37113847e-08 1 5.05598964e-15 -4.37113847e-08 1 5.05598964e-15 -4.37113847e-08 1 1.9339236e-14 -4.37113918e-08 1 1.9339236e-14 -4.37113918e-08 1 1.9339236e-14 -4.37113918e-08 1 -4.04202957e-13 -4.37107914e-08 0.99999994 -4.04202957e-13 -4.37107914e-08 0.99999994 -4.04202957e-13 -4.37107914e-08 0.99999994 0 -4.37113918e-08 1 0 -4.37113918e-08 1 0 -4.37113918e-08 1 0 -4.37113847e-08 1 0 -4.37113847e-08 1 0 -4.37113847e-08 1 0 -4.37113918e-08 1 0 -4.37113918e-08 1 0 -4.37113918e-08 1 0 -4.37113918e-08 1 0 -4.37113918e-08 1 0 -4.37113918e-08 1 0 -4.37113918e-08 1 0 -4.37113918e-08 1 0 -4.37113918e-08 1 0 -4.37113847e-08 1 0 -4.37113847e-08 1 0 -4.37113847e-08 1 1.36714425e-13 -4.37114593e-08 1 1.36714425e-13 -4.37114593e-08 1 1.36714425e-13 -4.37114593e-08 1 1.07710153e-13 -4.37113634e-08 1 1.07710153e-13 -4.37113634e-08 1 1.07710153e-13 -4.37113634e-08 1 1.65216e-15 -4.37113954e-08 1 1.65216e-15 -4.37113954e-08 1 1.65216e-15 -4.37113954e-08 1 0 -4.37113883e-08 1 0 -4.37113883e-08 1 0 -4.37113883e-08 1 0 -4.37113883e-08 1 0 -4.37113883e-08 1 0 -4.37113883e-08 1 -1.65216032e-15 -4.37113918e-08 1 -1.65216032e-15 -4.37113918e-08 1 -1.65216032e-15 -4.37113918e-08 1 0 -4.37110934e-08 1 0 -4.37110934e-08 1 0 -4.37110934e-08 1 -7.42101489e-15 -4.37115517e-08 0.99999994 -7.42101489e-15 -4.37115517e-08 0.99999994 -7.42101489e-15 -4.37115517e-08 0.99999994 -2.36022478e-14 -4.3711335e-08 1 -2.36022478e-14 -4.3711335e-08 1 -2.36022478e-14 -4.3711335e-08 1 0 -4.37113741e-08 1 0 -4.37113741e-08 1 0 -4.37113741e-08 1 0 -4.37113847e-08 1 0 -4.37113847e-08 1 0 -4.37113847e-08 1 0 -4.37113457e-08 1 0 -4.37113457e-08 1 0 -4.37113457e-08 1 1.16497239e-13 -4.37120349e-08 1 1.16497239e-13 -4.37120349e-08 1 1.16497239e-13 -4.37120349e-08 1 3.06936652e-14 -4.37115482e-08 0.99999994 3.06936652e-14 -4.37115482e-08 0.99999994 3.06936652e-14 -4.37115482e-08 0.99999994 0 -4.37113883e-08 1 0 -4.37113883e-08 1 0 -4.37113883e-08 1 0 -4.37113989e-08 1 0 -4.37113989e-08 1 0 -4.37113989e-08 1 0 -4.37113847e-08 1 0 -4.37113847e-08 1 0 -4.37113847e-08 1 0 -4.37113883e-08 1 0 -4.37113883e-08 1 0 -4.37113883e-08 1 0 -4.3711438e-08 1 0 -4.3711438e-08 1 0 -4.3711438e-08 1 -7.65437247e-15 -4.3711367e-08 1 -7.65437247e-15 -4.3711367e-08 1 -7.65437247e-15 -4.3711367e-08 1 -2.58334275e-14 -4.37113847e-08 0.99999994 -2.58334275e-14 -4.37113847e-08 0.99999994 -2.58334275e-14 -4.37113847e-08 0.99999994 0 -4.37112142e-08 1 0 -4.37112142e-08 1 0 -4.37112142e-08 1 -9.00210099e-15 -4.37113918e-08 1 -9.00210099e-15 -4.37113918e-08 1 -9.00210099e-15 -4.37113918e-08 1 0 -4.37113918e-08 1 0 -4.37113918e-08 1 0 -4.37113918e-08 1 0 -4.37113883e-08 1 0 -4.37113883e-08 1 0 -4.37113883e-08 1 0 -4.37113776e-08 1 0 -4.37113776e-08 1 0 -4.37113776e-08 1 0 -4.37114025e-08 1 0 -4.37114025e-08 1 0 -4.37114025e-08 1 2.47819767e-14 -4.37114025e-08 1 2.47819767e-14 -4.37114025e-08 1 2.47819767e-14 -4.37114025e-08 1 3.93726664e-14 -4.37113776e-08 1 3.93726664e-14 -4.37113776e-08 1 3.93726664e-14 -4.37113776e-08 1 1.55111777e-13 -4.37118679e-08 1 1.55111777e-13 -4.37118679e-08 1 1.55111777e-13 -4.37118679e-08 1 0 0 -1 0 0 -1 0 0 -1 0 3.40120536e-08 -0.99999994 0 3.40120536e-08 -0.99999994 0 3.40120536e-08 -0.99999994 -2.05399886e-07 0 -1 -2.05399886e-07 0 -1 -2.05399886e-07 0 -1 7.4926993e-06 9.00793822e-08 -1 7.4926993e-06 9.00793822e-08 -1 7.4926993e-06 9.00793822e-08 -1 -9.33783554e-07 0 -1 -9.33783554e-07 0 -1 -9.33783554e-07 0 -1 0 0 -1 0 0 -1 0 0 -1 -2.34481988e-07 0 -1 -2.34481988e-07 0 -1 -2.34481988e-07 0 -1 2.95232576e-06 0 -1 2.95232576e-06 0 -1 2.95232576e-06 0 -1 -1.01185513e-07 0 -0.99999994 -1.01185513e-07 0 -0.99999994 -1.01185513e-07 0 -0.99999994 0 0 -0.99999994 0 0 -0.99999994 0 0 -0.99999994 1.86756711e-06 0 -1 1.86756711e-06 0 -1 1.86756711e-06 0 -1 0 0 -1 0 0 -1 0 0 -1 1.34903098e-06 0 -0.99999994 1.34903098e-06 0 -0.99999994 1.34903098e-06 0 -0.99999994 0 0 -0.99999994 0 0 -0.99999994 0 0 -0.99999994 -1.28020747e-06 0 -0.99999994 -1.28020747e-06 0 -0.99999994 -1.28020747e-06 0 -0.99999994 6.10225243e-07 0 -1 6.10225243e-07 0 -1 6.10225243e-07 0 -1 0 7.18362543e-08 -1 0 7.18362543e-08 -1 0 7.18362543e-08 -1 -2.60541295e-08 6.36864641e-08 -1 -2.60541295e-08 6.36864641e-08 -1 -2.60541295e-08 6.36864641e-08 -1 -1.30001439e-07 3.43818662e-09 -1 -1.30001439e-07 3.43818662e-09 -1 -1.30001439e-07 3.43818662e-09 -1 0 0 -1 0 0 -1 0 0 -1 0 0 -1 0 0 -1 0 0 -1 0 0 -0.99999994 0 0 -0.99999994 0 0 -0.99999994 -1.82511855e-07 0 -1 -1.82511855e-07 0 -1 -1.82511855e-07 0 -1 0 0 -1 0 0 -1 0 0 -1 1.60962514e-07 0 -1 1.60962514e-07 0 -1 1.60962514e-07 0 -1 5.31230917e-08 0 -1 5.31230917e-08 0 -1 5.31230917e-08 0 -1 -5.54549956e-07 5.66003382e-06 -1 -5.54549956e-07 5.66003382e-06 -1 -5.54549956e-07 5.66003382e-06 -1 2.47152798e-06 0 -1 2.47152798e-06 0 -1 2.47152798e-06 0 -1 -1.45296144e-06 0 -0.99999994 -1.45296144e-06 0 -0.99999994 -1.45296144e-06 0 -0.99999994 -5.96255418e-08 0 -1 -5.96255418e-08 0 -1 -5.96255418e-08 0 -1 0 0 -1 0 0 -1 0 0 -1 -2.60094851e-07 0 -1 -2.60094851e-07 0 -1 -2.60094851e-07 0 -1 -2.08627739e-07 0 -1 -2.08627739e-07 0 -1 -2.08627739e-07 0 -1 -1.50222331e-06 0 -1 -1.50222331e-06 0 -1 -1.50222331e-06 0 -1 1.36547476e-06 0 -1 1.36547476e-06 0 -1 1.36547476e-06 0 -1 -3.33064207e-07 0 -0.99999994 -3.33064207e-07 0 -0.99999994 -3.33064207e-07 0 -0.99999994 0 7.00301612e-08 -1 0 7.00301612e-08 -1 0 7.00301612e-08 -1 0 0 -1 0 0 -1 0 0 -1 6.2155658e-07 3.89715296e-06 -1 6.2155658e-07 3.89715296e-06 -1 6.2155658e-07 3.89715296e-06 -1 0 4.762625e-07 -1 0 4.762625e-07 -1 0 4.762625e-07 -1 0 0 -1 0 0 -1 0 0 -1 -3.85504848e-07 0 -1 -3.85504848e-07 0 -1 -3.85504848e-07 0 -1 0 0 -1 0 0 -1 0 0 -1 -8.77020682e-07 0 -1 -8.77020682e-07 0 -1 -8.77020682e-07 0 -1 3.26630868e-07 0 -1 3.26630868e-07 0 -1 3.26630868e-07 0 -1 5.91800017e-07 0 -1 5.91800017e-07 0 -1 5.91800017e-07 0 -1 -2.81177279e-07 0 -0.99999994 -2.81177279e-07 0 -0.99999994 -2.81177279e-07 0 -0.99999994 0 6.31986268e-07 -0.99999994 0 6.31986268e-07 -0.99999994 0 6.31986268e-07 -0.99999994 0 2.9921793e-08 -1 0 2.9921793e-08 -1 0 2.9921793e-08 -1 3.25734874e-07 4.91432068e-08 -1 3.25734874e-07 4.91432068e-08 -1 3.25734874e-07 4.91432068e-08 -1 5.02371165e-07 9.51067989e-08 -0.99999994 5.02371165e-07 9.51067989e-08 -0.99999994 5.02371165e-07 9.51067989e-08 -0.99999994 1.46917614e-07 1.2889366e-07 -1 1.46917614e-07 1.2889366e-07 -1 1.46917614e-07 1.2889366e-07 -1 3.74535773e-07 1.81764378e-07 -1 3.74535773e-07 1.81764378e-07 -1 3.74535773e-07 1.81764378e-07 -1 -1.73847741e-06 3.81286696e-07 -1 -1.73847741e-06 3.81286696e-07 -1 -1.73847741e-06 3.81286696e-07 -1 -1.25559154e-06 3.16944153e-07 -1 -1.25559154e-06 3.16944153e-07 -1 -1.25559154e-06 3.16944153e-07 -1 -1.73850765e-06 2.66979612e-07 -1 -1.73850765e-06 2.66979612e-07 -1 -1.73850765e-06 2.66979612e-07 -1 3.92550965e-06 2.22081269e-07 -1 3.92550965e-06 2.22081269e-07 -1 3.92550965e-06 2.22081269e-07 -1 -4.97239716e-06 1.72297547e-07 -1 -4.97239716e-06 1.72297547e-07 -1 -4.97239716e-06 1.72297547e-07 -1 -8.69817825e-07 2.12689059e-07 -1 -8.69817825e-07 2.12689059e-07 -1 -8.69817825e-07 2.12689059e-07 -1 2.51824645e-06 0 -1 2.51824645e-06 0 -1 2.51824645e-06 0 -1 0 0 -1 0 0 -1 0 0 -1 -2.77796289e-06 0 -0.99999994 -2.77796289e-06 0 -0.99999994 -2.77796289e-06 0 -0.99999994 3.89810054e-07 0 -1 3.89810054e-07 0 -1 3.89810054e-07 0 -1 0 0 -1 0 0 -1 0 0 -1 -3.88919233e-07 0 -1 -3.88919233e-07 0 -1 -3.88919233e-07 0 -1 0 0 -1 0 0 -1 0 0 -1 0 1.17175979e-07 -1 0 1.17175979e-07 -1 0 1.17175979e-07 -1 -1.32805482e-07 3.15315738e-08 -1 -1.32805482e-07 3.15315738e-08 -1 -1.32805482e-07 3.15315738e-08 -1 0 3.54601113e-08 -1 0 3.54601113e-08 -1 0 3.54601113e-08 -1 -2.6014975e-06 3.35354251e-08 -1 -2.6014975e-06 3.35354251e-08 -1 -2.6014975e-06 3.35354251e-08 -1 -6.39334303e-07 3.62676822e-08 -0.99999994 -6.39334303e-07 3.62676822e-08 -0.99999994 -6.39334303e-07 3.62676822e-08 -0.99999994 0 4.3263281e-08 -1 0 4.3263281e-08 -1 0 4.3263281e-08 -1 1.31950139e-06 0 -0.99999994 1.31950139e-06 0 -0.99999994 1.31950139e-06 0 -0.99999994 0 0 -1 0 0 -1 0 0 -1 0 4.43040697e-08 -1 0 4.43040697e-08 -1 0 4.43040697e-08 -1 4.86117472e-07 4.35383498e-08 -1 4.86117472e-07 4.35383498e-08 -1 4.86117472e-07 4.35383498e-08 -1 -5.11250562e-07 3.28848984e-08 -0.99999994 -5.11250562e-07 3.28848984e-08 -0.99999994 -5.11250562e-07 3.28848984e-08 -0.99999994 1.19710455e-06 6.79131702e-08 -1 1.19710455e-06 6.79131702e-08 -1 1.19710455e-06 6.79131702e-08 -1 -1.70628553e-07 9.55359525e-08 -1 -1.70628553e-07 9.55359525e-08 -1 -1.70628553e-07 9.55359525e-08 -1 1.00087948e-06 0 -1 1.00087948e-06 0 -1 1.00087948e-06 0 -1 -8.75535306e-07 0 -1 -8.75535306e-07 0 -1 -8.75535306e-07 0 -1 0 0 -1 0 0 -1 0 0 -1 -3.05970303e-07 0 -1 -3.05970303e-07 0 -1 -3.05970303e-07 0 -1 3.19993177e-07 0 -0.99999994 3.19993177e-07 0 -0.99999994 3.19993177e-07 0 -0.99999994 0 0 -1 0 0 -1 0 0 -1 3.07733217e-06 0 -1 3.07733217e-06 0 -1 3.07733217e-06 0 -1 -2.77532621e-07 0 -1 -2.77532621e-07 0 -1 -2.77532621e-07 0 -1 -1.87844796e-06 0 -1 -1.87844796e-06 0 -1 -1.87844796e-06 0 -1 -1.12844043e-06 0 -1 -1.12844043e-06 0 -1 -1.12844043e-06 0 -1 0 3.61869574e-08 -1 0 3.61869574e-08 -1 0 3.61869574e-08 -1 -1.77840377e-07 0 -1 -1.77840377e-07 0 -1 -1.77840377e-07 0 -1 -4.27897419e-07 0 -1 -4.27897419e-07 0 -1 -4.27897419e-07 0 -1 0 1.0677887e-07 -1 0 1.0677887e-07 -1 0 1.0677887e-07 -1 -2.89111881e-06 9.00045265e-08 -1 -2.89111881e-06 9.00045265e-08 -1 -2.89111881e-06 9.00045265e-08 -1 6.17273486e-07 3.09909467e-08 -1 6.17273486e-07 3.09909467e-08 -1 6.17273486e-07 3.09909467e-08 -1 -2.89262516e-06 5.24449959e-08 -0.99999994 -2.89262516e-06 5.24449959e-08 -0.99999994 -2.89262516e-06 5.24449959e-08 -0.99999994 4.47702718e-07 3.50403937e-08 -1 4.47702718e-07 3.50403937e-08 -1 4.47702718e-07 3.50403937e-08 -1 -1.71543931e-07 3.66038577e-08 -1 -1.71543931e-07 3.66038577e-08 -1 -1.71543931e-07 3.66038577e-08 -1 -1.29356363e-06 4.22055457e-08 -1 -1.29356363e-06 4.22055457e-08 -1 -1.29356363e-06 4.22055457e-08 -1 4.02991191e-06 5.52675594e-08 -1 4.02991191e-06 5.52675594e-08 -1 4.02991191e-06 5.52675594e-08 -1 0 6.2866242e-08 -1 0 6.2866242e-08 -1 0 6.2866242e-08 -1 0 5.81118762e-08 -1 0 5.81118762e-08 -1 0 5.81118762e-08 -1 1.73850151e-06 2.66978674e-07 -1 1.73850151e-06 2.66978674e-07 -1 1.73850151e-06 2.66978674e-07 -1 3.19411265e-06 0 -1 3.19411265e-06 0 -1 3.19411265e-06 0 -1 -6.13793077e-07 0 -1 -6.13793077e-07 0 -1 -6.13793077e-07 0 -1 0 0 -1 0 0 -1 0 0 -1 -1.43030093e-06 0 -1 -1.43030093e-06 0 -1 -1.43030093e-06 0 -1 2.38024745e-06 0 -1 2.38024745e-06 0 -1 2.38024745e-06 0 -1 -3.4833738e-06 0 -1 -3.4833738e-06 0 -1 -3.4833738e-06 0 -1 1.14330241e-07 0 -1 1.14330241e-07 0 -1 1.14330241e-07 0 -1 2.01609032e-06 0 -0.99999994 2.01609032e-06 0 -0.99999994 2.01609032e-06 0 -0.99999994 0 0 -1 0 0 -1 0 0 -1 -2.6816727e-07 0 -1 -2.6816727e-07 0 -1 -2.6816727e-07 0 -1 0 9.09379949e-08 -1 0 9.09379949e-08 -1 0 9.09379949e-08 -1 1.24308838e-06 1.72296041e-07 -0.99999994 1.24308838e-06 1.72296041e-07 -0.99999994 1.24308838e-06 1.72296041e-07 -0.99999994 4.90690638e-07 2.22082136e-07 -1 4.90690638e-07 2.22082136e-07 -1 4.90690638e-07 2.22082136e-07 -1 0 3.16948388e-07 -1 0 3.16948388e-07 -1 0 3.16948388e-07 -1 4.34617846e-07 3.81285389e-07 -1 4.34617846e-07 3.81285389e-07 -1 4.34617846e-07 3.81285389e-07 -1 1.22673146e-06 4.76271879e-07 -1 1.22673146e-06 4.76271879e-07 -1 1.22673146e-06 4.76271879e-07 -1 -8.44182978e-07 1.260575e-07 -0.99999994 -8.44182978e-07 1.260575e-07 -0.99999994 -8.44182978e-07 1.260575e-07 -0.99999994 0 3.98560083e-08 -1 0 3.98560083e-08 -1 0 3.98560083e-08 -1 5.36449306e-07 2.47831675e-08 -1 5.36449306e-07 2.47831675e-08 -1 5.36449306e-07 2.47831675e-08 -1 -2.20242967e-07 9.05159254e-08 -1 -2.20242967e-07 9.05159254e-08 -1 -2.20242967e-07 9.05159254e-08 -1 0 0 -0.99999994 0 0 -0.99999994 0 0 -0.99999994 0 0 -1 0 0 -1 0 0 -1 2.96259088e-07 0 -1 2.96259088e-07 0 -1 2.96259088e-07 0 -1 0 0 -1 0 0 -1 0 0 -1 0 0 -1 0 0 -1 0 0 -1 -2.71404019e-07 0 -1 -2.71404019e-07 0 -1 -2.71404019e-07 0 -1 -1.45515958e-06 0 -0.99999994 -1.45515958e-06 0 -0.99999994 -1.45515958e-06 0 -0.99999994 0 0 -1 0 0 -1 0 0 -1 4.13985799e-06 0 -1 4.13985799e-06 0 -1 4.13985799e-06 0 -1 -1.6747706e-06 0 -1 -1.6747706e-06 0 -1 -1.6747706e-06 0 -1 0 9.51265378e-08 -1 0 9.51265378e-08 -1 0 9.51265378e-08 -1 4.82607561e-07 7.30921954e-08 -1 4.82607561e-07 7.30921954e-08 -1 4.82607561e-07 7.30921954e-08 -1 -6.31815965e-07 5.54425519e-08 -1 -6.31815965e-07 5.54425519e-08 -1 -6.31815965e-07 5.54425519e-08 -1 0 3.89738534e-06 -0.99999994 0 3.89738534e-06 -0.99999994 0 3.89738534e-06 -0.99999994 -8.52500818e-07 0 -1 -8.52500818e-07 0 -1 -8.52500818e-07 0 -1 0 0 -1 0 0 -1 0 0 -1 -8.4542819e-07 0 -1 -8.4542819e-07 0 -1 -8.4542819e-07 0 -1 4.28164299e-07 3.94605513e-06 -1 4.28164299e-07 3.94605513e-06 -1 4.28164299e-07 3.94605513e-06 -1 -1.35473897e-07 7.09988726e-08 -1 -1.35473897e-07 7.09988726e-08 -1 -1.35473897e-07 7.09988726e-08 -1 -6.54705943e-08 1.39249138e-07 -0.99999994 -6.54705943e-08 1.39249138e-07 -0.99999994 -6.54705943e-08 1.39249138e-07 -0.99999994 -5.98605112e-08 0 -1 -5.98605112e-08 0 -1 -5.98605112e-08 0 -1 0 0 -1 0 0 -1 0 0 -1 0 0 -1 0 0 -1 0 0 -1 -9.56668611e-09 0 -1 -9.56668611e-09 0 -1 -9.56668611e-09 0 -1 0 0 -1 0 0 -1 0 0 -1 0 0 -1 0 0 -1 0 0 -1 0 0 -1 0 0 -1 0 0 -1 0 0 -1 0 0 -1 0 0 -1 0 0 -1 0 0 -1 0 0 -1 0 0 -1 0 0 -1 0 0 -1 0 0 -1 0 0 -1 0 0 -1 4.93926287e-08 -4.66842387e-08 -1 4.93926287e-08 -4.66842387e-08 -1 4.93926287e-08 -4.66842387e-08 -1 0 2.04700989e-09 -1 0 2.04700989e-09 -1 0 2.04700989e-09 -1 0 0 -0.99999994 0 0 -0.99999994 0 0 -0.99999994 0 0 -0.99999994 0 0 -0.99999994 0 0 -0.99999994 0 0 -1 0 0 -1 0 0 -1 0 2.65209366e-07 -1 0 2.65209366e-07 -1 0 2.65209366e-07 -1 0 5.59531124e-08 -0.99999994 0 5.59531124e-08 -0.99999994 0 5.59531124e-08 -0.99999994 2.35969264e-06 0 -1 2.35969264e-06 0 -1 2.35969264e-06 0 -1 -1.91275461e-07 0 -1 -1.91275461e-07 0 -1 -1.91275461e-07 0 -1 3.15579359e-06 0 -1 3.15579359e-06 0 -1 3.15579359e-06 0 -1 -6.11420774e-07 0 -1 -6.11420774e-07 0 -1 -6.11420774e-07 0 -1 6.13783811e-07 0 -1 6.13783811e-07 0 -1 6.13783811e-07 0 -1 -3.19409219e-06 0 -1 -3.19409219e-06 0 -1 -3.19409219e-06 0 -1 1.45514139e-06 0 -1 1.45514139e-06 0 -1 1.45514139e-06 0 -1 1.67197683e-07 0 -1 1.67197683e-07 0 -1 1.67197683e-07 0 -1 -4.84374084e-07 0 -1 -4.84374084e-07 0 -1 -4.84374084e-07 0 -1 0 0 -1 0 0 -1 0 0 -1 -1.24539827e-06 0 -1 -1.24539827e-06 0 -1 -1.24539827e-06 0 -1 -7.42893889e-08 0 -0.99999994 -7.42893889e-08 0 -0.99999994 -7.42893889e-08 0 -0.99999994 0 0 -1 0 0 -1 0 0 -1 -2.96260481e-07 0 -1 -2.96260481e-07 0 -1 -2.96260481e-07 0 -1 2.68169856e-07 0 -1 2.68169856e-07 0 -1 2.68169856e-07 0 -1 -5.00412e-07 1.69276049e-07 -1 -5.00412e-07 1.69276049e-07 -1 -5.00412e-07 1.69276049e-07 -1 0 0 -1 0 0 -1 0 0 -1 7.3292756e-07 0 -1 7.3292756e-07 0 -1 7.3292756e-07 0 -1 -2.16334684e-06 0 -1 -2.16334684e-06 0 -1 -2.16334684e-06 0 -1 0 3.98537701e-08 -1 0 3.98537701e-08 -1 0 3.98537701e-08 -1 6.31815965e-07 5.54425519e-08 -1 6.31815965e-07 5.54425519e-08 -1 6.31815965e-07 5.54425519e-08 -1 -4.82608357e-07 7.30952507e-08 -1 -4.82608357e-07 7.30952507e-08 -1 -4.82608357e-07 7.30952507e-08 -1 0 9.51258698e-08 -1 0 9.51258698e-08 -1 0 9.51258698e-08 -1 8.44143585e-07 1.26051617e-07 -1 8.44143585e-07 1.26051617e-07 -1 8.44143585e-07 1.26051617e-07 -1 -4.28174872e-07 3.94614972e-06 -1 -4.28174872e-07 3.94614972e-06 -1 -4.28174872e-07 3.94614972e-06 -1 0 0 -1 0 0 -1 0 0 -1 0 0 -1 0 0 -1 0 0 -1 0 9.88905384e-08 -1 0 9.88905384e-08 -1 0 9.88905384e-08 -1 1.51388531e-06 8.82999629e-09 -0.99999994 1.51388531e-06 8.82999629e-09 -0.99999994 1.51388531e-06 8.82999629e-09 -0.99999994 -5.36443167e-07 2.47828833e-08 -1 -5.36443167e-07 2.47828833e-08 -1 -5.36443167e-07 2.47828833e-08 -1 0 0 -1 0 0 -1 0 0 -1 3.10786021e-07 3.89724028e-06 -1 3.10786021e-07 3.89724028e-06 -1 3.10786021e-07 3.89724028e-06 -1 -1.22673612e-06 4.76273698e-07 -0.99999994 -1.22673612e-06 4.76273698e-07 -0.99999994 -1.22673612e-06 4.76273698e-07 -0.99999994 0 3.8127871e-07 -1 0 3.8127871e-07 -1 0 3.8127871e-07 -1 4.18531926e-07 3.16951599e-07 -1 4.18531926e-07 3.16951599e-07 -1 4.18531926e-07 3.16951599e-07 -1 -1.30388071e-06 2.66972989e-07 -1 -1.30388071e-06 2.66972989e-07 -1 -1.30388071e-06 2.66972989e-07 -1 0 2.22085248e-07 -1 0 2.22085248e-07 -1 0 2.22085248e-07 -1 -1.24317648e-06 1.72298769e-07 -1 -1.24317648e-06 1.72298769e-07 -1 -1.24317648e-06 1.72298769e-07 -1 0 9.09573643e-08 -1 0 9.09573643e-08 -1 0 9.09573643e-08 -1 0 3.82335337e-08 -1 0 3.82335337e-08 -1 0 3.82335337e-08 -1 0 2.88402848e-08 -1 0 2.88402848e-08 -1 0 2.88402848e-08 -1 0 5.39723324e-08 -1 0 5.39723324e-08 -1 0 5.39723324e-08 -1 -4.24052615e-07 3.31893659e-08 -1 -4.24052615e-07 3.31893659e-08 -1 -4.24052615e-07 3.31893659e-08 -1 0 3.67997721e-08 -1 0 3.67997721e-08 -1 0 3.67997721e-08 -1 -3.54197005e-06 9.73270247e-08 -1 -3.54197005e-06 9.73270247e-08 -1 -3.54197005e-06 9.73270247e-08 -1 2.79711003e-07 1.078255e-07 -0.99999994 2.79711003e-07 1.078255e-07 -0.99999994 2.79711003e-07 1.078255e-07 -0.99999994 7.61030151e-07 1.07380401e-07 -1 7.61030151e-07 1.07380401e-07 -1 7.61030151e-07 1.07380401e-07 -1 1.09327095e-06 0 -1 1.09327095e-06 0 -1 1.09327095e-06 0 -1 0 0 -1 0 0 -1 0 0 -1 9.45700265e-07 7.39297334e-08 -1 9.45700265e-07 7.39297334e-08 -1 9.45700265e-07 7.39297334e-08 -1 0 3.62671067e-08 -1 0 3.62671067e-08 -1 0 3.62671067e-08 -1 0 3.92992341e-08 -1 0 3.92992341e-08 -1 0 3.92992341e-08 -1 6.64027198e-08 3.15315667e-08 -1 6.64027198e-08 3.15315667e-08 -1 6.64027198e-08 3.15315667e-08 -1 0 1.17175915e-07 -1 0 1.17175915e-07 -1 0 1.17175915e-07 -1 0 4.34400782e-08 -1 0 4.34400782e-08 -1 0 4.34400782e-08 -1 5.62353762e-07 0 -0.99999994 5.62353762e-07 0 -0.99999994 5.62353762e-07 0 -0.99999994 1.73852573e-06 3.81284025e-07 -1 1.73852573e-06 3.81284025e-07 -1 1.73852573e-06 3.81284025e-07 -1 -1.51559243e-06 2.67451105e-06 -1 -1.51559243e-06 2.67451105e-06 -1 -1.51559243e-06 2.67451105e-06 -1 3.1620533e-07 7.6728135e-08 -1 3.1620533e-07 7.6728135e-08 -1 3.1620533e-07 7.6728135e-08 -1 -4.91027663e-07 6.15390121e-08 -1 -4.91027663e-07 6.15390121e-08 -1 -4.91027663e-07 6.15390121e-08 -1 1.73620765e-06 0 -1 1.73620765e-06 0 -1 1.73620765e-06 0 -1 -2.58834689e-06 0 -1 -2.58834689e-06 0 -1 -2.58834689e-06 0 -1 5.91728212e-06 0 -0.99999994 5.91728212e-06 0 -0.99999994 5.91728212e-06 0 -0.99999994 -4.35900802e-06 0 -1 -4.35900802e-06 0 -1 -4.35900802e-06 0 -1 4.97265046e-06 1.72296851e-07 -1 4.97265046e-06 1.72296851e-07 -1 4.97265046e-06 1.72296851e-07 -1 0 9.09578048e-08 -0.99999994 0 9.09578048e-08 -0.99999994 0 9.09578048e-08 -0.99999994 -3.9254478e-06 2.22085248e-07 -1 -3.9254478e-06 2.22085248e-07 -1 -3.9254478e-06 2.22085248e-07 -1 1.7385197e-06 2.66974837e-07 -1 1.7385197e-06 2.66974837e-07 -1 1.7385197e-06 2.66974837e-07 -1 1.25557904e-06 3.16947364e-07 -1 1.25557904e-06 3.16947364e-07 -1 1.25557904e-06 3.16947364e-07 -1 1.71675003e-06 0 -1 1.71675003e-06 0 -1 1.71675003e-06 0 -1 -2.8757845e-06 0 -1 -2.8757845e-06 0 -1 -2.8757845e-06 0 -1 0 0 -1 0 0 -1 0 0 -1 0 0 -1 0 0 -1 0 0 -1 -1.61859043e-06 0 -1 -1.61859043e-06 0 -1 -1.61859043e-06 0 -1 1.45423073e-07 0 -1 1.45423073e-07 0 -1 1.45423073e-07 0 -1 0 4.76268127e-07 -1 0 4.76268127e-07 -1 0 4.76268127e-07 -1 -6.21550384e-07 3.89710476e-06 -1 -6.21550384e-07 3.89710476e-06 -1 -6.21550384e-07 3.89710476e-06 -1 2.68489231e-07 0 -0.99999994 2.68489231e-07 0 -0.99999994 2.68489231e-07 0 -0.99999994 -3.385112e-07 0 -1 -3.385112e-07 0 -1 -3.385112e-07 0 -1 2.17752699e-07 0 -1 2.17752699e-07 0 -1 2.17752699e-07 0 -1 0 4.94207626e-08 -1 0 4.94207626e-08 -1 0 4.94207626e-08 -1 7.58467934e-07 3.88245702e-08 -1 7.58467934e-07 3.88245702e-08 -1 7.58467934e-07 3.88245702e-08 -1 -7.26687261e-08 1.37274611e-07 -1 -7.26687261e-08 1.37274611e-07 -1 -7.26687261e-08 1.37274611e-07 -1 0 0 -1 0 0 -1 0 0 -1 0 0 -0.99999994 0 0 -0.99999994 0 0 -0.99999994 -1.18357764e-06 0 -1 -1.18357764e-06 0 -1 -1.18357764e-06 0 -1 0 0 -1 0 0 -1 0 0 -1 1.55074048e-07 0 -0.99999994 1.55074048e-07 0 -0.99999994 1.55074048e-07 0 -0.99999994 -2.90068624e-06 0 -1 -2.90068624e-06 0 -1 -2.90068624e-06 0 -1 -3.89811277e-07 0 -1 -3.89811277e-07 0 -1 -3.89811277e-07 0 -1 0 0 -1 0 0 -1 0 0 -1 -1.36546362e-06 0 -1 -1.36546362e-06 0 -1 -1.36546362e-06 0 -1 3.01556526e-07 0 -1 3.01556526e-07 0 -1 3.01556526e-07 0 -1 4.21153374e-07 0 -1 4.21153374e-07 0 -1 4.21153374e-07 0 -1 2.60091298e-07 0 -1 2.60091298e-07 0 -1 2.60091298e-07 0 -1 0 0 -1 0 0 -1 0 0 -1 2.6611292e-06 6.5647427e-08 -1 2.6611292e-06 6.5647427e-08 -1 2.6611292e-06 6.5647427e-08 -1 0 6.59977317e-08 -1 0 6.59977317e-08 -1 0 6.59977317e-08 -1 0 4.87905609e-08 -1 0 4.87905609e-08 -1 0 4.87905609e-08 -1 0 5.53652502e-09 -1 0 5.53652502e-09 -1 0 5.53652502e-09 -1 0 9.35054434e-09 -0.99999994 0 9.35054434e-09 -0.99999994 0 9.35054434e-09 -0.99999994 0 0 -1 0 0 -1 0 0 -1 8.85487381e-08 0 -1 8.85487381e-08 0 -1 8.85487381e-08 0 -1 0 0 -1 0 0 -1 0 0 -1 3.39569084e-08 0 -1 3.39569084e-08 0 -1 3.39569084e-08 0 -1 0 0 -1 0 0 -1 0 0 -1 0 0 -1 0 0 -1 0 0 -1 0 0 -1 0 0 -1 0 0 -1 -3.63380117e-08 0 -1 -3.63380117e-08 0 -1 -3.63380117e-08 0 -1 5.59952547e-08 2.54379728e-07 -1 5.59952547e-08 2.54379728e-07 -1 5.59952547e-08 2.54379728e-07 -1 0 9.00799435e-08 -1 0 9.00799435e-08 -1 0 9.00799435e-08 -1 -1.73624608e-06 9.06551207e-08 -1 -1.73624608e-06 9.06551207e-08 -1 -1.73624608e-06 9.06551207e-08 -1 0 9.19836722e-08 -1 0 9.19836722e-08 -1 0 9.19836722e-08 -1 -1.25817814e-06 9.38195157e-08 -1 -1.25817814e-06 9.38195157e-08 -1 -1.25817814e-06 9.38195157e-08 -1 3.20464414e-06 9.6141747e-08 -1 3.20464414e-06 9.6141747e-08 -1 3.20464414e-06 9.6141747e-08 -1 0 9.38195726e-08 -1 0 9.38195726e-08 -1 0 9.38195726e-08 -1 -3.72901968e-06 9.61411573e-08 -1 -3.72901968e-06 9.61411573e-08 -1 -3.72901968e-06 9.61411573e-08 -1 0 9.19836367e-08 -1 0 9.19836367e-08 -1 0 9.19836367e-08 -1 1.7362413e-06 9.06551989e-08 -1 1.7362413e-06 9.06551989e-08 -1 1.7362413e-06 9.06551989e-08 -1 0 9.18248801e-08 -1 0 9.18248801e-08 -1 0 9.18248801e-08 -1 4.47136955e-07 1.56382498e-08 -1 4.47136955e-07 1.56382498e-08 -1 4.47136955e-07 1.56382498e-08 -1 -1.20888535e-08 7.25818339e-08 -1 -1.20888535e-08 7.25818339e-08 -1 -1.20888535e-08 7.25818339e-08 -1 2.78431003e-07 0 -1 2.78431003e-07 0 -1 2.78431003e-07 0 -1 -8.86441711e-08 0 -1 -8.86441711e-08 0 -1 -8.86441711e-08 0 -1 -3.604227e-06 9.90375213e-08 -1 -3.604227e-06 9.90375213e-08 -1 -3.604227e-06 9.90375213e-08 -1 6.08695984e-07 1.02696639e-07 -1 6.08695984e-07 1.02696639e-07 -1 6.08695984e-07 1.02696639e-07 -1 0 1.05027738e-07 -1 0 1.05027738e-07 -1 0 1.05027738e-07 -1 -6.08701498e-07 1.02697619e-07 -1 -6.08701498e-07 1.02697619e-07 -1 -6.08701498e-07 1.02697619e-07 -1 2.84395537e-06 9.90373437e-08 -1 2.84395537e-06 9.90373437e-08 -1 2.84395537e-06 9.90373437e-08 -1 0 0 -1 0 0 -1 0 0 -1 -2.64749724e-06 0 -1 -2.64749724e-06 0 -1 -2.64749724e-06 0 -1 0 0 -0.99999994 0 0 -0.99999994 0 0 -0.99999994 4.23601387e-06 0 -1 4.23601387e-06 0 -1 4.23601387e-06 0 -1 -1.23832262e-06 0 -1 -1.23832262e-06 0 -1 -1.23832262e-06 0 -1 0 0 -1 0 0 -1 0 0 -1 -2.07627522e-07 0 -1 -2.07627522e-07 0 -1 -2.07627522e-07 0 -1 2.01755967e-07 0 -0.99999994 2.01755967e-07 0 -0.99999994 2.01755967e-07 0 -0.99999994 0 0 -1 0 0 -1 0 0 -1 -2.45973894e-07 0 -1 -2.45973894e-07 0 -1 -2.45973894e-07 0 -1 0 0 -0.99999994 0 0 -0.99999994 0 0 -0.99999994 0 0 -0.99999994 0 0 -0.99999994 0 0 -0.99999994 -2.6330423e-07 0 -1 -2.6330423e-07 0 -1 -2.6330423e-07 0 -1 0 0 -1 0 0 -1 0 0 -1 4.03126961e-07 0 -0.99999994 4.03126961e-07 0 -0.99999994 4.03126961e-07 0 -0.99999994 -3.06351524e-07 0 -1 -3.06351524e-07 0 -1 -3.06351524e-07 0 -1 9.05971888e-07 0 -1 9.05971888e-07 0 -1 9.05971888e-07 0 -1 0 0 -1 0 0 -1 0 0 -1 -3.49598167e-07 0 -1 -3.49598167e-07 0 -1 -3.49598167e-07 0 -1 1.2581792e-07 0 -0.99999994 1.2581792e-07 0 -0.99999994 1.2581792e-07 0 -0.99999994 0 4.49320545e-08 -0.99999994 0 4.49320545e-08 -0.99999994 0 4.49320545e-08 -0.99999994 1.19415645e-07 6.28662704e-08 -1 1.19415645e-07 6.28662704e-08 -1 1.19415645e-07 6.28662704e-08 -1 0 4.34160228e-08 -1 0 4.34160228e-08 -1 0 4.34160228e-08 -1 -9.07973572e-08 5.67777896e-08 -0.99999994 -9.07973572e-08 5.67777896e-08 -0.99999994 -9.07973572e-08 5.67777896e-08 -0.99999994 0 3.47614986e-08 -0.99999994 0 3.47614986e-08 -0.99999994 0 3.47614986e-08 -0.99999994 0 3.82341483e-08 -1 0 3.82341483e-08 -1 0 3.82341483e-08 -1 0 0 -1 0 0 -1 0 0 -1 0 0 -1 0 0 -1 0 0 -1 -1.73624372e-07 0 -1 -1.73624372e-07 0 -1 -1.73624372e-07 0 -1 1.42899793e-07 0 -1 1.42899793e-07 0 -1 1.42899793e-07 0 -1 -1.25817976e-07 0 -1 -1.25817976e-07 0 -1 -1.25817976e-07 0 -1 0 0 -1 0 0 -1 0 0 -1 4.50527011e-07 0 -1 4.50527011e-07 0 -1 4.50527011e-07 0 -1 -3.39739159e-07 0 -1 -3.39739159e-07 0 -1 -3.39739159e-07 0 -1 -2.10636631e-06 0 -1 -2.10636631e-06 0 -1 -2.10636631e-06 0 -1 4.91961885e-07 0 -1 4.91961885e-07 0 -1 4.91961885e-07 0 -1 4.92820391e-07 0 -0.99999994 4.92820391e-07 0 -0.99999994 4.92820391e-07 0 -0.99999994 -5.29502813e-07 0 -0.99999994 -5.29502813e-07 0 -0.99999994 -5.29502813e-07 0 -0.99999994 6.19156538e-07 0 -1 6.19156538e-07 0 -1 6.19156538e-07 0 -1 -4.09083412e-07 7.19973627e-08 -1 -4.09083412e-07 7.19973627e-08 -1 -4.09083412e-07 7.19973627e-08 -1 2.08341248e-06 6.48643095e-08 -1 2.08341248e-06 6.48643095e-08 -1 2.08341248e-06 6.48643095e-08 -1 0 3.49904496e-08 -1 0 3.49904496e-08 -1 0 3.49904496e-08 -1 2.36809956e-06 4.29335465e-08 -1 2.36809956e-06 4.29335465e-08 -1 2.36809956e-06 4.29335465e-08 -1 -4.86101101e-07 4.35383534e-08 -1 -4.86101101e-07 4.35383534e-08 -1 -4.86101101e-07 4.35383534e-08 -1 0 0 -0.99999994 0 0 -0.99999994 0 0 -0.99999994 0 0 -0.99999994 0 0 -0.99999994 0 0 -0.99999994 -4.92820959e-07 0 -1 -4.92820959e-07 0 -1 -4.92820959e-07 0 -1 1.96785027e-06 0 -1 1.96785027e-06 0 -1 1.96785027e-06 0 -1 -5.26592146e-07 0 -1 -5.26592146e-07 0 -1 -5.26592146e-07 0 -1 -5.2247151e-07 0 -0.99999994 -5.2247151e-07 0 -0.99999994 -5.2247151e-07 0 -0.99999994 -3.22500387e-06 0 -1 -3.22500387e-06 0 -1 -3.22500387e-06 0 -1 1.83808311e-06 0 -0.99999994 1.83808311e-06 0 -0.99999994 1.83808311e-06 0 -0.99999994 -5.5559799e-06 9.06553268e-08 -1 -5.5559799e-06 9.06553268e-08 -1 -5.5559799e-06 9.06553268e-08 -1 1.00029831e-06 9.19838499e-08 -1 1.00029831e-06 9.19838499e-08 -1 1.00029831e-06 9.19838499e-08 -1 7.54911412e-07 9.38201339e-08 -1 7.54911412e-07 9.38201339e-08 -1 7.54911412e-07 9.38201339e-08 -1 0 9.61418678e-08 -1 0 9.61418678e-08 -1 0 9.61418678e-08 -1 -2.53418557e-06 9.90360931e-08 -1 -2.53418557e-06 9.90360931e-08 -1 -2.53418557e-06 9.90360931e-08 -1 2.46315335e-06 1.02699111e-07 -0.99999994 2.46315335e-06 1.02699111e-07 -0.99999994 2.46315335e-06 1.02699111e-07 -0.99999994 0 9.6142287e-08 -1 0 9.6142287e-08 -1 0 9.6142287e-08 -1 3.60417516e-06 9.90360931e-08 -1 3.60417516e-06 9.90360931e-08 -1 3.60417516e-06 9.90360931e-08 -1 0 9.3820077e-08 -1 0 9.3820077e-08 -1 0 9.3820077e-08 -1 -1.00029729e-06 9.19838854e-08 -1 -1.00029729e-06 9.19838854e-08 -1 -1.00029729e-06 9.19838854e-08 -1 5.20873846e-06 9.06551207e-08 -1 5.20873846e-06 9.06551207e-08 -1 5.20873846e-06 9.06551207e-08 -1 4.52987393e-07 0 -1 4.52987393e-07 0 -1 4.52987393e-07 0 -1 -4.50525846e-07 0 -1 -4.50525846e-07 0 -1 -4.50525846e-07 0 -1 -5.85368234e-08 0 -1 -5.85368234e-08 0 -1 -5.85368234e-08 0 -1 0 0 -1 0 0 -1 0 0 -1 0 0 -0.99999994 0 0 -0.99999994 0 0 -0.99999994 0 0 -0.99999994 0 0 -0.99999994 0 0 -0.99999994 3.49597315e-07 0 -1 3.49597315e-07 0 -1 3.49597315e-07 0 -1 -1.12631511e-07 0 -1 -1.12631511e-07 0 -1 -1.12631511e-07 0 -1 0 0 -1 0 0 -1 0 0 -1 1.2581836e-07 0 -1 1.2581836e-07 0 -1 1.2581836e-07 0 -1 -1.4290022e-07 0 -1 -1.4290022e-07 0 -1 -1.4290022e-07 0 -1 1.77564345e-06 0 -1 1.77564345e-06 0 -1 1.77564345e-06 0 -1 0 0 -1 0 0 -1 0 0 -1 0 0 -1 0 0 -1 0 0 -1 0 0 -1 0 0 -1 0 0 -1 -1.14101567e-05 0 -1 -1.14101567e-05 0 -1 -1.14101567e-05 0 -1 0 0 -1 0 0 -1 0 0 -1 0 0 -1 0 0 -1 0 0 -1 0 0 -1 0 0 -1 0 0 -1 0 0 -1 0 0 -1 0 0 -1 0 0 -1 0 0 -1 0 0 -1 1.20740168e-07 0 -1 1.20740168e-07 0 -1 1.20740168e-07 0 -1 -1.42583062e-07 0 -1 -1.42583062e-07 0 -1 -1.42583062e-07 0 -1 2.22892183e-07 0 -1 2.22892183e-07 0 -1 2.22892183e-07 0 -1 0 0 -1 0 0 -1 0 0 -1 0 0 -1 0 0 -1 0 0 -1 0 0 -1 0 0 -1 0 0 -1 -9.414332e-07 0 -1 -9.414332e-07 0 -1 -9.414332e-07 0 -1 -1.76068761e-06 0 -1 -1.76068761e-06 0 -1 -1.76068761e-06 0 -1 -1.2599638e-07 0 -1 -1.2599638e-07 0 -1 -1.2599638e-07 0 -1 4.64513641e-06 0 -1 4.64513641e-06 0 -1 4.64513641e-06 0 -1 -5.80365759e-06 0 -0.99999994 -5.80365759e-06 0 -0.99999994 -5.80365759e-06 0 -0.99999994 2.66342317e-06 0 -1 2.66342317e-06 0 -1 2.66342317e-06 0 -1 9.35694544e-08 0 -0.99999994 9.35694544e-08 0 -0.99999994 9.35694544e-08 0 -0.99999994 3.82028773e-08 0 -0.99999994 3.82028773e-08 0 -0.99999994 3.82028773e-08 0 -0.99999994 -9.95514569e-08 0 -1 -9.95514569e-08 0 -1 -9.95514569e-08 0 -1 0 0 -1 0 0 -1 0 0 -1 7.64036088e-08 0 -1 7.64036088e-08 0 -1 7.64036088e-08 0 -1 4.6784713e-08 0 -1 4.6784713e-08 0 -1 4.6784713e-08 0 -1 -6.29980619e-08 0 -1 -6.29980619e-08 0 -1 -6.29980619e-08 0 -1 2.54023433e-08 0 -1 2.54023433e-08 0 -1 2.54023433e-08 0 -1 0 0 -0.99999994 0 0 -0.99999994 0 0 -0.99999994 1.62190208e-05 0 -0.99999994 1.62190208e-05 0 -0.99999994 1.62190208e-05 0 -0.99999994 -6.64932543e-07 0 -1 -6.64932543e-07 0 -1 -6.64932543e-07 0 -1 -1.76071524e-06 0 -1 -1.76071524e-06 0 -1 -1.76071524e-06 0 -1 -9.41429221e-07 0 -1 -9.41429221e-07 0 -1 -9.41429221e-07 0 -1 1.10198937e-06 0 -1 1.10198937e-06 0 -1 1.10198937e-06 0 -1 0 0 -1 0 0 -1 0 0 -1 -9.97401457e-07 0 -1 -9.97401457e-07 0 -1 -9.97401457e-07 0 -1 0 0 -1 0 0 -1 0 0 -1 1.08307475e-07 0 -1 1.08307475e-07 0 -1 1.08307475e-07 0 -1 2.54002988e-08 0 -1 2.54002988e-08 0 -1 2.54002988e-08 0 -1 0 3.90211206e-08 -1 0 3.90211206e-08 -1 0 3.90211206e-08 -1 1.77566903e-06 0 -1 1.77566903e-06 0 -1 1.77566903e-06 0 -1 -1.93444544e-06 0 -0.99999994 -1.93444544e-06 0 -0.99999994 -1.93444544e-06 0 -0.99999994 8.7097493e-07 0 -1 8.7097493e-07 0 -1 8.7097493e-07 0 -1 -2.03768906e-07 0 -1 -2.03768906e-07 0 -1 -2.03768906e-07 0 -1 0 0 -1 0 0 -1 0 0 -1 1.93449046e-06 0 -1 1.93449046e-06 0 -1 1.93449046e-06 0 -1 0 4.00537559e-08 -1 0 4.00537559e-08 -1 0 4.00537559e-08 -1 -2.02562887e-06 3.95150792e-08 -1 -2.02562887e-06 3.95150792e-08 -1 -2.02562887e-06 3.95150792e-08 -1 -4.13701713e-08 9.1755453e-08 -1 -4.13701713e-08 9.1755453e-08 -1 -4.13701713e-08 9.1755453e-08 -1 0 6.02804562e-08 -0.99999994 0 6.02804562e-08 -0.99999994 0 6.02804562e-08 -0.99999994 0 6.02805272e-08 -1 0 6.02805272e-08 -1 0 6.02805272e-08 -1 0 0 -1 0 0 -1 0 0 -1 2.03745003e-07 0 -1 2.03745003e-07 0 -1 2.03745003e-07 0 -1 3.81295195e-06 3.95150899e-08 -1 3.81295195e-06 3.95150899e-08 -1 3.81295195e-06 3.95150899e-08 -1 7.08281107e-07 4.0053667e-08 -1 7.08281107e-07 4.0053667e-08 -1 7.08281107e-07 4.0053667e-08 -1 0 4.09717522e-08 -1 0 4.09717522e-08 -1 0 4.09717522e-08 -1 2.34218817e-07 4.13949977e-08 -1 2.34218817e-07 4.13949977e-08 -1 2.34218817e-07 4.13949977e-08 -1 -2.30101804e-07 4.0667345e-08 -1 -2.30101804e-07 4.0667345e-08 -1 -2.30101804e-07 4.0667345e-08 -1 0 0 -1 0 0 -1 0 0 -1 -1.10199642e-06 0 -1 -1.10199642e-06 0 -1 -1.10199642e-06 0 -1 0 3.74781166e-08 -0.99999994 0 3.74781166e-08 -0.99999994 0 3.74781166e-08 -0.99999994 -1.9944207e-06 3.80535674e-08 -0.99999994 -1.9944207e-06 3.80535674e-08 -0.99999994 -1.9944207e-06 3.80535674e-08 -0.99999994 -7.44896681e-07 3.85455934e-08 -1 -7.44896681e-07 3.85455934e-08 -1 -7.44896681e-07 3.85455934e-08 -1 0 0 -1 0 0 -1 0 0 -1 -1.88282081e-06 0 -1 -1.88282081e-06 0 -1 -1.88282081e-06 0 -1 8.80362279e-07 0 -1 8.80362279e-07 0 -1 8.80362279e-07 0 -1 0 0 -1 0 0 -1 0 0 -1 -8.80368475e-07 0 -1 -8.80368475e-07 0 -1 -8.80368475e-07 0 -1 1.88282081e-06 0 -1 1.88282081e-06 0 -1 1.88282081e-06 0 -1 0 0 -1 0 0 -1 0 0 -1 0 0 -1 0 0 -1 0 0 -1 0 3.40120572e-08 -1 0 3.40120572e-08 -1 0 3.40120572e-08 -1 5.8181231e-06 3.37349491e-08 -0.99999994 5.8181231e-06 3.37349491e-08 -0.99999994 5.8181231e-06 3.37349491e-08 -0.99999994 0 3.66043196e-08 -1 0 3.66043196e-08 -1 0 3.66043196e-08 -1 0 3.90211135e-08 -1 0 3.90211135e-08 -1 0 3.90211135e-08 -1 7.4487474e-07 3.85456289e-08 -1 7.4487474e-07 3.85456289e-08 -1 7.4487474e-07 3.85456289e-08 -1 1.9944207e-06 3.80535212e-08 -0.99999994 1.9944207e-06 3.80535212e-08 -0.99999994 1.9944207e-06 3.80535212e-08 -0.99999994 0 3.74781344e-08 -0.99999994 0 3.74781344e-08 -0.99999994 0 3.74781344e-08 -0.99999994 0 3.66043267e-08 -1 0 3.66043267e-08 -1 0 3.66043267e-08 -1 -5.81808945e-06 3.37347537e-08 -1 -5.81808945e-06 3.37347537e-08 -1 -5.81808945e-06 3.37347537e-08 -1 0 3.54600758e-08 -1 0 3.54600758e-08 -1 0 3.54600758e-08 -1 0 4.19506563e-08 -1 0 4.19506563e-08 -1 0 4.19506563e-08 -1 0 3.40120501e-08 -1 0 3.40120501e-08 -1 0 3.40120501e-08 -1 0 3.40120465e-08 -1 0 3.40120465e-08 -1 0 3.40120465e-08 -1 0 3.4012043e-08 -1 0 3.4012043e-08 -1 0 3.4012043e-08 -1 0 3.40120572e-08 -1 0 3.40120572e-08 -1 0 3.40120572e-08 -1 0 0 -1 0 0 -1 0 0 -1 9.67305141e-07 0 -1 9.67305141e-07 0 -1 9.67305141e-07 0 -1 -1.93456526e-06 0 -1 -1.93456526e-06 0 -1 -1.93456526e-06 0 -1 0 3.95371806e-08 -1 0 3.95371806e-08 -1 0 3.95371806e-08 -1 -2.95343239e-06 3.97857924e-08 -0.99999994 -2.95343239e-06 3.97857924e-08 -0.99999994 -2.95343239e-06 3.97857924e-08 -0.99999994 2.44498779e-06 4.00408773e-08 -1 2.44498779e-06 4.00408773e-08 -1 2.44498779e-06 4.00408773e-08 -1 0 0 -1 0 0 -1 0 0 -1 0 0 -1 0 0 -1 0 0 -1 -8.14926864e-07 0 -1 -8.14926864e-07 0 -1 -8.14926864e-07 0 -1 0 0 -1 0 0 -1 0 0 -1 8.15064993e-07 0 -1 8.15064993e-07 0 -1 8.15064993e-07 0 -1 -8.70926442e-07 0 -1 -8.70926442e-07 0 -1 -8.70926442e-07 0 -1 0 0 -1 0 0 -1 0 0 -1 -8.80365405e-07 0 -1 -8.80365405e-07 0 -1 -8.80365405e-07 0 -1 9.4142456e-07 0 -1 9.4142456e-07 0 -1 9.4142456e-07 0 -1 1.30059625e-05 3.84902386e-08 -1 1.30059625e-05 3.84902386e-08 -1 1.30059625e-05 3.84902386e-08 -1 -2.01594503e-06 3.8967908e-08 -0.99999994 -2.01594503e-06 3.8967908e-08 -0.99999994 -2.01594503e-06 3.8967908e-08 -0.99999994 1.54389454e-06 3.92766566e-08 -1 1.54389454e-06 3.92766566e-08 -1 1.54389454e-06 3.92766566e-08 -1 -2.44498733e-06 4.00408418e-08 -1 -2.44498733e-06 4.00408418e-08 -1 -2.44498733e-06 4.00408418e-08 -1 -8.81600954e-06 0 -0.99999994 -8.81600954e-06 0 -0.99999994 -8.81600954e-06 0 -0.99999994 1.47850255e-06 0 -1 1.47850255e-06 0 -1 1.47850255e-06 0 -1 0 0 -1 0 0 -1 0 0 -1 0 4.03157472e-08 -1 0 4.03157472e-08 -1 0 4.03157472e-08 -1 1.59855347e-06 4.06241405e-08 -1 1.59855347e-06 4.06241405e-08 -1 1.59855347e-06 4.06241405e-08 -1 0 4.08032612e-08 -1 0 4.08032612e-08 -1 0 4.08032612e-08 -1 -1.59855529e-06 4.06242151e-08 -1 -1.59855529e-06 4.06242151e-08 -1 -1.59855529e-06 4.06242151e-08 -1 1.78941741e-06 4.0315733e-08 -1 1.78941741e-06 4.0315733e-08 -1 1.78941741e-06 4.0315733e-08 -1 0 0 -1 0 0 -1 0 0 -1 -6.17602325e-08 0 -0.99999994 -6.17602325e-08 0 -0.99999994 -6.17602325e-08 0 -0.99999994 0 3.70072897e-08 -1 0 3.70072897e-08 -1 0 3.70072897e-08 -1 0 3.70072897e-08 -1 0 3.70072897e-08 -1 0 3.70072897e-08 -1 0 3.70072826e-08 -0.99999994 0 3.70072826e-08 -0.99999994 0 3.70072826e-08 -0.99999994 0 3.70072861e-08 -1 0 3.70072861e-08 -1 0 3.70072861e-08 -1 -2.31057265e-06 3.68425326e-08 -0.99999994 -2.31057265e-06 3.68425326e-08 -0.99999994 -2.31057265e-06 3.68425326e-08 -0.99999994 0 0 -1 0 0 -1 0 0 -1 4.40800477e-06 0 -0.99999994 4.40800477e-06 0 -0.99999994 4.40800477e-06 0 -0.99999994 -9.41417454e-07 0 -1 -9.41417454e-07 0 -1 -9.41417454e-07 0 -1 8.80368475e-07 0 -1 8.80368475e-07 0 -1 8.80368475e-07 0 -1 4.24752579e-06 3.97858315e-08 -1 4.24752579e-06 3.97858315e-08 -1 4.24752579e-06 3.97858315e-08 -1 -5.34840979e-07 3.95371451e-08 -1 -5.34840979e-07 3.95371451e-08 -1 -5.34840979e-07 3.95371451e-08 -1 -1.54389431e-06 3.92766921e-08 -1 -1.54389431e-06 3.92766921e-08 -1 -1.54389431e-06 3.92766921e-08 -1 0 3.89678974e-08 -1 0 3.89678974e-08 -1 0 3.89678974e-08 -1 -7.41684789e-06 3.84901462e-08 -1 -7.41684789e-06 3.84901462e-08 -1 -7.41684789e-06 3.84901462e-08 -1 2.31058812e-06 3.68427813e-08 -1 2.31058812e-06 3.68427813e-08 -1 2.31058812e-06 3.68427813e-08 -1 0 9.7184838e-09 -1 0 9.7184838e-09 -1 0 9.7184838e-09 -1 0 8.83171154e-08 -1 0 8.83171154e-08 -1 0 8.83171154e-08 -1 0 6.02805272e-08 -0.99999994 0 6.02805272e-08 -0.99999994 0 6.02805272e-08 -0.99999994 0 4.05810283e-08 -1 0 4.05810283e-08 -1 0 4.05810283e-08 -1 0 4.05810283e-08 -1 0 4.05810283e-08 -1 0 4.05810283e-08 -1 0 4.05810283e-08 -1 0 4.05810283e-08 -1 0 4.05810283e-08 -1 0 4.05810248e-08 -1 0 4.05810248e-08 -1 0 4.05810248e-08 -1 0 4.05810319e-08 -1 0 4.05810319e-08 -1 0 4.05810319e-08 -1 0 4.05810248e-08 -1 0 4.05810248e-08 -1 0 4.05810248e-08 -1 0 4.05810319e-08 -1 0 4.05810319e-08 -1 0 4.05810319e-08 -1 0 4.05810212e-08 -1 0 4.05810212e-08 -1 0 4.05810212e-08 -1 0 4.05810425e-08 -1 0 4.05810425e-08 -1 0 4.05810425e-08 -1 0 4.05810319e-08 -1 0 4.05810319e-08 -1 0 4.05810319e-08 -1 1.17073647e-07 0 -1 1.17073647e-07 0 -1 1.17073647e-07 0 -1 0 0 -1 0 0 -1 0 0 -1 1.37501024e-06 6.01420069e-08 -1 1.37501024e-06 6.01420069e-08 -1 1.37501024e-06 6.01420069e-08 -1 0 6.60090151e-08 -1 0 6.60090151e-08 -1 0 6.60090151e-08 -1 0 5.5953123e-08 -1 0 5.5953123e-08 -1 0 5.5953123e-08 -1 0 6.0280577e-08 -1 0 6.0280577e-08 -1 0 6.0280577e-08 -1 0 6.02805699e-08 -1 0 6.02805699e-08 -1 0 6.02805699e-08 -1 0 6.02805699e-08 -1 0 6.02805699e-08 -1 0 6.02805699e-08 -1 0 6.0280577e-08 -1 0 6.0280577e-08 -1 0 6.0280577e-08 -1 0 6.0280577e-08 -1 0 6.0280577e-08 -1 0 6.0280577e-08 -1 0 6.02805414e-08 -1 0 6.02805414e-08 -1 0 6.02805414e-08 -1 2.93986773e-08 8.8337508e-08 -1 2.93986773e-08 8.8337508e-08 -1 2.93986773e-08 8.8337508e-08 -1 0 5.05573361e-09 -1 0 5.05573361e-09 -1 0 5.05573361e-09 -1 0 3.40120394e-08 -0.99999994 0 3.40120394e-08 -0.99999994 0 3.40120394e-08 -0.99999994 0 4.87905574e-08 -1 0 4.87905574e-08 -1 0 4.87905574e-08 -1 -1.15602958e-08 6.02804704e-08 -1 -1.15602958e-08 6.02804704e-08 -1 -1.15602958e-08 6.02804704e-08 -1 6.29905088e-08 1.64230158e-07 -1 6.29905088e-08 1.64230158e-07 -1 6.29905088e-08 1.64230158e-07 -1 0 6.88740727e-08 -1 0 6.88740727e-08 -1 0 6.88740727e-08 -1 -3.5513176e-06 0 -1 -3.5513176e-06 0 -1 -3.5513176e-06 0 -1 0 0 -0.99999994 0 0 -0.99999994 0 0 -0.99999994 1.21179724e-07 0 -1 1.21179724e-07 0 -1 1.21179724e-07 0 -1 0 0 -1 0 0 -1 0 0 -1 0 0 -1 0 0 -1 0 0 -1 -3.90476998e-07 0 -1 -3.90476998e-07 0 -1 -3.90476998e-07 0 -1 1.76070284e-06 0 -1 1.76070284e-06 0 -1 1.76070284e-06 0 -1 9.41425867e-07 0 -1 9.41425867e-07 0 -1 9.41425867e-07 0 -1 -1.10200097e-06 0 -1 -1.10200097e-06 0 -1 -1.10200097e-06 0 -1 0 0 -1 0 0 -1 0 0 -1 6.64938284e-07 0 -1 6.64938284e-07 0 -1 6.64938284e-07 0 -1 0 0 -1 0 0 -1 0 0 -1 -1.32229687e-07 0 -0.99999994 -1.32229687e-07 0 -0.99999994 -1.32229687e-07 0 -0.99999994 -4.83151155e-08 0 -1 -4.83151155e-08 0 -1 -4.83151155e-08 0 -1 0 0 -1 0 0 -1 0 0 -1 -1.48975019e-07 0 -1 -1.48975019e-07 0 -1 -1.48975019e-07 0 -1 1.30187303e-07 0 -1 1.30187303e-07 0 -1 1.30187303e-07 0 -1 0 0 -1 0 0 -1 0 0 -1 0 0 -1 0 0 -1 0 0 -1 0 0 -1 0 0 -1 0 0 -1 0 0 -1 0 0 -1 0 0 -1 0 0 -1 0 0 -1 0 0 -1 1.73131713e-08 0 -1 1.73131713e-08 0 -1 1.73131713e-08 0 -1 -2.248659e-07 0 -1 -2.248659e-07 0 -1 -2.248659e-07 0 -1 0 0 -1 0 0 -1 0 0 -1 2.83312858e-07 0 -1 2.83312858e-07 0 -1 2.83312858e-07 0 -1 -3.57463819e-07 0 -1 -3.57463819e-07 0 -1 -3.57463819e-07 0 -1 0 0 -1 0 0 -1 0 0 -1 -2.66344887e-06 0 -1 -2.66344887e-06 0 -1 -2.66344887e-06 0 -1 5.80342203e-06 0 -0.99999994 5.80342203e-06 0 -0.99999994 5.80342203e-06 0 -0.99999994 -9.29053658e-06 0 -0.99999994 -9.29053658e-06 0 -0.99999994 -9.29053658e-06 0 -0.99999994 0 0 -1 0 0 -1 0 0 -1 0 0 -1 0 0 -1 0 0 -1 1.14103195e-05 0 -1 1.14103195e-05 0 -1 1.14103195e-05 0 -1 0 0 -1 0 0 -1 0 0 -1 2.60368125e-07 0 -1 2.60368125e-07 0 -1 2.60368125e-07 0 -1 -7.44896411e-08 0 -1 -7.44896411e-08 0 -1 -7.44896411e-08 0 -1 -9.06556537e-08 0 -1 -9.06556537e-08 0 -1 -9.06556537e-08 0 -1 0 0 -1 0 0 -1 0 0 -1 -1.10199392e-06 0 -1 -1.10199392e-06 0 -1 -1.10199392e-06 0 -1 9.41421888e-07 0 -1 9.41421888e-07 0 -1 9.41421888e-07 0 -1 1.21179454e-07 0 -1 1.21179454e-07 0 -1 1.21179454e-07 0 -1 -4.83114562e-08 0 -1 -4.83114562e-08 0 -1 -4.83114562e-08 0 -1 0 0 -1 0 0 -1 0 0 -1 -2.43312952e-05 0 -1 -2.43312952e-05 0 -1 -2.43312952e-05 0 -1 9.97410098e-07 0 -1 9.97410098e-07 0 -1 9.97410098e-07 0 -1 0 3.82328658e-08 -1 0 3.82328658e-08 -1 0 3.82328658e-08 -1 0 3.82335159e-08 -1 0 3.82335159e-08 -1 0 3.82335159e-08 -1 0 3.70072932e-08 -1 0 3.70072932e-08 -1 0 3.70072932e-08 -1 0 3.70072861e-08 -1 0 3.70072861e-08 -1 0 3.70072861e-08 -1 0 3.70072826e-08 -1 0 3.70072826e-08 -1 0 3.70072826e-08 -1 0 3.70072826e-08 -1 0 3.70072826e-08 -1 0 3.70072826e-08 -1 0 3.70072826e-08 -1 0 3.70072826e-08 -1 0 3.70072826e-08 -1 0 3.70072861e-08 -1 0 3.70072861e-08 -1 0 3.70072861e-08 -1 0 0 -0.99999994 0 0 -0.99999994 0 0 -0.99999994 0 0 -0.99999994 0 0 -0.99999994 0 0 -0.99999994 0 0 -1 0 0 -1 0 0 -1 -9.85353736e-08 0 -1 -9.85353736e-08 0 -1 -9.85353736e-08 0 -1 0 3.40120465e-08 -1 0 3.40120465e-08 -1 0 3.40120465e-08 -1 0 4.19506492e-08 -1 0 4.19506492e-08 -1 0 4.19506492e-08 -1 0 4.05810177e-08 -1 0 4.05810177e-08 -1 0 4.05810177e-08 -1 7.08209384e-08 4.05810319e-08 -1 7.08209384e-08 4.05810319e-08 -1 7.08209384e-08 4.05810319e-08 -1 1.7362413e-07 0 -1 1.7362413e-07 0 -1 1.7362413e-07 0 -1 -9.05975583e-07 0 -1 -9.05975583e-07 0 -1 -9.05975583e-07 0 -1 0 0 -1 0 0 -1 0 0 -1 0 0 -1 0 0 -1 0 0 -1 0 4.05810461e-08 -1 0 4.05810461e-08 -1 0 4.05810461e-08 -1 0 4.05810354e-08 -1 0 4.05810354e-08 -1 0 4.05810354e-08 -1 0 3.40120501e-08 -1 0 3.40120501e-08 -1 0 3.40120501e-08 -1 0 3.4012043e-08 -1 0 3.4012043e-08 -1 0 3.4012043e-08 -1 0 6.02804917e-08 -1 0 6.02804917e-08 -1 0 6.02804917e-08 -1 0 6.02805272e-08 -1 0 6.02805272e-08 -1 0 6.02805272e-08 -1 0 1.05027738e-07 -1 0 1.05027738e-07 -1 0 1.05027738e-07 -1 -2.46313107e-06 1.02698131e-07 -1 -2.46313107e-06 1.02698131e-07 -1 -2.46313107e-06 1.02698131e-07 -1 1 4.12863841e-07 0 1 4.12863841e-07 0 1 4.12863841e-07 0 1 -2.0643192e-07 0 1 -2.0643192e-07 0 1 -2.0643192e-07 0 -1 0 0 -1 0 0 -1 0 0 -1 2.0643192e-07 0 -1 2.0643192e-07 0 -1 2.0643192e-07 0 0 0 0.99999994 0 0 0.99999994 0 0 0.99999994 0 0 1 0 0 1 0 0 1 0 0 1 0 0 1 0 0 1 5.62941352e-07 0 1 5.62941352e-07 0 1 5.62941352e-07 0 1 -3.64743414e-07 0 1 -3.64743414e-07 0 1 -3.64743414e-07 0 1 -5.54382098e-07 0 1 -5.54382098e-07 0 1 -5.54382098e-07 0 1 -5.70257548e-08 -1.45326496e-07 1 -5.70257548e-08 -1.45326496e-07 1 -5.70257548e-08 -1.45326496e-07 1 5.54487031e-07 0 1 5.54487031e-07 0 1 5.54487031e-07 0 1 0 0 1 0 0 1 0 0 1 -1.04825322e-05 0 1 -1.04825322e-05 0 1 -1.04825322e-05 0 1 3.5056089e-06 0 0.99999994 3.5056089e-06 0 0.99999994 3.5056089e-06 0 0.99999994 0 0 1 0 0 1 0 0 1 9.17464888e-07 0 1 9.17464888e-07 0 1 9.17464888e-07 0 1 -2.0975267e-06 0 1 -2.0975267e-06 0 1 -2.0975267e-06 0 1 8.51454161e-07 0 1 8.51454161e-07 0 1 8.51454161e-07 0 1 0 0 1 0 0 1 0 0 1 -2.75330399e-06 0 1 -2.75330399e-06 0 1 -2.75330399e-06 0 1 0 0 1 0 0 1 0 0 1 -2.8146053e-07 0 1 -2.8146053e-07 0 1 -2.8146053e-07 0 1 0 0 1 0 0 1 0 0 1 0 0 1 0 0 1 0 0 1 -4.67272258e-07 0 1 -4.67272258e-07 0 1 -4.67272258e-07 0 1 0 0 1 0 0 1 0 0 1 3.6904072e-07 0 1 3.6904072e-07 0 1 3.6904072e-07 0 1 1.34903098e-06 0 0.99999994 1.34903098e-06 0 0.99999994 1.34903098e-06 0 0.99999994 -9.17464888e-07 0 1 -9.17464888e-07 0 1 -9.17464888e-07 0 1 2.06500636e-06 0 1 2.06500636e-06 0 1 2.06500636e-06 0 1 1.09011879e-07 -1.45325856e-07 1 1.09011879e-07 -1.45325856e-07 1 1.09011879e-07 -1.45325856e-07 1 0 5.26476143e-08 1 0 5.26476143e-08 1 0 5.26476143e-08 1 0 -1.0515987e-06 1 0 -1.0515987e-06 1 0 -1.0515987e-06 1 0 0 1 0 0 1 0 0 1 -4.19180878e-07 0 1 -4.19180878e-07 0 1 -4.19180878e-07 0 1 0 0 1 0 0 1 0 0 1 0 0 1 0 0 1 0 0 1 8.55145231e-07 0 1 8.55145231e-07 0 1 8.55145231e-07 0 1 -8.38362098e-07 0 1 -8.38362098e-07 0 1 -8.38362098e-07 0 1 8.55133521e-07 0 1 8.55133521e-07 0 1 8.55133521e-07 0 1 0 0 1 0 0 1 0 0 1 0 0 1 0 0 1 0 0 1 4.19183152e-07 0 1 4.19183152e-07 0 1 4.19183152e-07 0 1 -8.55139376e-07 0 1 -8.55139376e-07 0 1 -8.55139376e-07 0 1 -8.38374774e-07 0 1 -8.38374774e-07 0 1 -8.38374774e-07 0 1 0 0 1 0 0 1 0 0 1 6.28781095e-07 0 1 6.28781095e-07 0 1 6.28781095e-07 0 1 0 0 1 0 0 1 0 0 1 -4.1918176e-07 0 1 -4.1918176e-07 0 1 -4.1918176e-07 0 1 0 0 1 0 0 1 0 0 1 -7.8597111e-08 0 1 -7.8597111e-08 0 1 -7.8597111e-08 0 1 0 0 1 0 0 1 0 0 1 7.85965781e-08 0 1 7.85965781e-08 0 1 7.85965781e-08 0 1 0 0 1 0 0 1 0 0 1 4.19184573e-07 0 1 4.19184573e-07 0 1 4.19184573e-07 0 1 -8.55133521e-07 0 1 -8.55133521e-07 0 1 -8.55133521e-07 0 1 -6.28776888e-07 0 1 -6.28776888e-07 0 1 -6.28776888e-07 0 1 8.55156941e-07 0 1 8.55156941e-07 0 1 8.55156941e-07 0 1 8.38352264e-07 0 1 8.38352264e-07 0 1 8.38352264e-07 0 1 -4.27566761e-07 0 1 -4.27566761e-07 0 1 -4.27566761e-07 0 1 4.1918176e-07 0 1 4.1918176e-07 0 1 4.1918176e-07 0 1 -4.27566761e-07 0 1 -4.27566761e-07 0 1 -4.27566761e-07 0 1 0 0 1 0 0 1 0 0 1 2.1378338e-07 0 1 2.1378338e-07 0 1 2.1378338e-07 0 1 -4.19181049e-07 0 1 -4.19181049e-07 0 1 -4.19181049e-07 0 1 7.01476708e-08 0 1 7.01476708e-08 0 1 7.01476708e-08 0 1 0 0 0.99999994 0 0 0.99999994 0 0 0.99999994 2.13786308e-07 0 1 2.13786308e-07 0 1 2.13786308e-07 0 1 0 0 1 0 0 1 0 0 1 0 -1.05159972e-06 1 0 -1.05159972e-06 1 0 -1.05159972e-06 1 0 0 1 0 0 1 0 0 1 -2.36550676e-07 0 1 -2.36550676e-07 0 1 -2.36550676e-07 0 1 -2.73514587e-07 0 0.99999994 -2.73514587e-07 0 0.99999994 -2.73514587e-07 0 0.99999994 0 0 1 0 0 1 0 0 1 8.37111486e-07 0 1 8.37111486e-07 0 1 8.37111486e-07 0 1 9.75054206e-08 0 1 9.75054206e-08 0 1 9.75054206e-08 0 1 -3.1669569e-07 0 1 -3.1669569e-07 0 1 -3.1669569e-07 0 1 0 0 1 0 0 1 0 0 1 -5.37358005e-07 0 1 -5.37358005e-07 0 1 -5.37358005e-07 0 1 1.67695198e-05 0 1 1.67695198e-05 0 1 1.67695198e-05 0 1 -4.00641011e-06 0 0.99999994 -4.00641011e-06 0 0.99999994 -4.00641011e-06 0 0.99999994 0.996195018 0.0871523023 0 0.996195018 0.0871523023 0 0.996195018 0.0871523023 0 0.996194959 0.0871522054 0 0.996194959 0.0871522054 0 0.996194959 0.0871522054 0 0.965924263 0.258824885 0 0.965924263 0.258824885 0 0.965924263 0.258824885 0 0.965924442 0.25882408 0 0.965924442 0.25882408 0 0.965924442 0.25882408 0 0.906307518 0.422618747 0 0.906307518 0.422618747 0 0.906307518 0.422618747 0 0.906307578 0.422618657 0 0.906307578 0.422618657 0 0.906307578 0.422618657 0 0.819154739 0.573572576 0 0.819154739 0.573572576 0 0.819154739 0.573572576 0 0.819154441 0.573572993 0 0.819154441 0.573572993 0 0.819154441 0.573572993 0 0.707104445 0.707109213 0 0.707104445 0.707109213 0 0.707104445 0.707109213 0 0.707104087 0.707109511 0 0.707104087 0.707109511 0 0.707104087 0.707109511 0 0.57357657 0.819151878 0 0.57357657 0.819151878 0 0.57357657 0.819151878 0 0.573576093 0.819152355 0 0.573576093 0.819152355 0 0.573576093 0.819152355 0 0.422619909 0.906306982 0 0.422619909 0.906306982 0 0.422619909 0.906306982 0 0.422620118 0.906306922 0 0.422620118 0.906306922 0 0.422620118 0.906306922 0 0.258820683 0.965925395 0 0.258820683 0.965925395 0 0.258820683 0.965925395 0 0.258820742 0.965925395 0 0.258820742 0.965925395 0 0.258820742 0.965925395 0 0.0871539935 0.996194959 0 0.0871539935 0.996194959 0 0.0871539935 0.996194959 0 0.0871539786 0.996194839 0 0.0871539786 0.996194839 0 0.0871539786 0.996194839 0 -0.0871539935 0.996194959 0 -0.0871539935 0.996194959 0 -0.0871539935 0.996194959 0 -0.0871539786 0.996194839 0 -0.0871539786 0.996194839 0 -0.0871539786 0.996194839 0 -0.258820713 0.965925395 0 -0.258820713 0.965925395 0 -0.258820713 0.965925395 0 -0.258820653 0.965925395 0 -0.258820653 0.965925395 0 -0.258820653 0.965925395 0 -0.422620058 0.906306922 0 -0.422620058 0.906306922 0 -0.422620058 0.906306922 0 -0.422620118 0.906306922 0 -0.422620118 0.906306922 0 -0.422620118 0.906306922 0 -0.573576272 0.819152236 0 -0.573576272 0.819152236 0 -0.573576272 0.819152236 0 -0.573576272 0.819152236 0 -0.573576272 0.819152236 0 -0.573576272 0.819152236 0 -0.707104445 0.707109213 0 -0.707104445 0.707109213 0 -0.707104445 0.707109213 0 -0.707104087 0.707109511 0 -0.707104087 0.707109511 0 -0.707104087 0.707109511 0 -0.819150448 0.573578656 0 -0.819150448 0.573578656 0 -0.819150448 0.573578656 0 -0.819150567 0.573578596 0 -0.819150567 0.573578596 0 -0.819150567 0.573578596 0 -0.906310499 0.422612548 0 -0.906310499 0.422612548 0 -0.906310499 0.422612548 0 -0.906311154 0.422611177 0 -0.906311154 0.422611177 0 -0.906311154 0.422611177 0 -0.965924382 0.25882417 0 -0.965924382 0.25882417 0 -0.965924382 0.25882417 0 -0.96592474 0.258823395 0 -0.96592474 0.258823395 0 -0.96592474 0.258823395 0 -0.996194899 0.0871530473 0 -0.996194899 0.0871530473 0 -0.996194899 0.0871530473 0 -0.996195138 0.0871514603 0 -0.996195138 0.0871514603 0 -0.996195138 0.0871514603 0 -0.0871624872 0.996194124 0 -0.0871624872 0.996194124 0 -0.0871624872 0.996194124 0 -0.0871624947 0.996194124 0 -0.0871624947 0.996194124 0 -0.0871624947 0.996194124 0 -0.258818179 0.965926051 0 -0.258818179 0.965926051 0 -0.258818179 0.965926051 0 -0.258814722 0.965926945 0 -0.258814722 0.965926945 0 -0.258814722 0.965926945 0 -0.422613323 0.906310022 0 -0.422613323 0.906310022 0 -0.422613323 0.906310022 0 -0.422618717 0.906307578 0 -0.422618717 0.906307578 0 -0.422618717 0.906307578 0 -0.57355696 0.819165707 0 -0.57355696 0.819165707 0 -0.57355696 0.819165707 0 -0.573563635 0.819160938 0 -0.573563635 0.819160938 0 -0.573563635 0.819160938 0 -0.707109869 0.70710367 0 -0.707109869 0.70710367 0 -0.707109869 0.70710367 0 -0.707109988 0.707103431 0 -0.707109988 0.707103431 0 -0.707109988 0.707103431 0 -0.819158792 0.573566794 0 -0.819158792 0.573566794 0 -0.819158792 0.573566794 0 -0.819152474 0.573575854 0 -0.819152474 0.573575854 0 -0.819152474 0.573575854 0 -0.906304181 0.422626019 0 -0.906304181 0.422626019 0 -0.906304181 0.422626019 0 -0.906298995 0.422636956 0 -0.906298995 0.422636956 0 -0.906298995 0.422636956 0 -0.965923071 0.258829266 0 -0.965923071 0.258829266 0 -0.965923071 0.258829266 0 -0.965930164 0.258802742 0 -0.965930164 0.258802742 0 -0.965930164 0.258802742 0 -0.996194661 0.0871571898 0 -0.996194661 0.0871571898 0 -0.996194661 0.0871571898 0 -0.996194601 0.087156564 0 -0.996194601 0.087156564 0 -0.996194601 0.087156564 0 -0.996194482 -0.0871578082 0 -0.996194482 -0.0871578082 0 -0.996194482 -0.0871578082 0 -0.996194482 -0.0871584564 0 -0.996194482 -0.0871584564 0 -0.996194482 -0.0871584564 0 -0.965930104 -0.258803308 0 -0.965930104 -0.258803308 0 -0.965930104 -0.258803308 0 -0.965922952 -0.258829862 0 -0.965922952 -0.258829862 0 -0.965922952 -0.258829862 0 -0.906300008 -0.422634691 0 -0.906300008 -0.422634691 0 -0.906300008 -0.422634691 0 -0.906305194 -0.422623754 0 -0.906305194 -0.422623754 0 -0.906305194 -0.422623754 0 -0.819149911 -0.57357949 0 -0.819149911 -0.57357949 0 -0.819149911 -0.57357949 0 -0.81915611 -0.573570549 0 -0.81915611 -0.573570549 0 -0.81915611 -0.573570549 0 -0.707113445 -0.707100153 0 -0.707113445 -0.707100153 0 -0.707113445 -0.707100153 0 -0.707113147 -0.707100332 0 -0.707113147 -0.707100332 0 -0.707113147 -0.707100332 0 -0.573563516 -0.819161117 0 -0.573563516 -0.819161117 0 -0.573563516 -0.819161117 0 -0.57355684 -0.819165826 0 -0.57355684 -0.819165826 0 -0.57355684 -0.819165826 0 -0.422618657 -0.906307518 0 -0.422618657 -0.906307518 0 -0.422618657 -0.906307518 0 -0.422613204 -0.906310141 0 -0.422613204 -0.906310141 0 -0.422613204 -0.906310141 0 -0.258821636 -0.965925038 0 -0.258821636 -0.965925038 0 -0.258821636 -0.965925038 0 -0.25881809 -0.965926051 0 -0.25881809 -0.965926051 0 -0.25881809 -0.965926051 0 -0.0871624947 -0.996194124 0 -0.0871624947 -0.996194124 0 -0.0871624947 -0.996194124 0 -0.0871624798 -0.996194124 0 -0.0871624798 -0.996194124 0 -0.0871624798 -0.996194124 0 0.0871612802 -0.996194184 0 0.0871612802 -0.996194184 0 0.0871612802 -0.996194184 0 0.0871600658 -0.996194363 0 0.0871600658 -0.996194363 0 0.0871600658 -0.996194363 0 0.258821636 -0.965925038 0 0.258821636 -0.965925038 0 0.258821636 -0.965925038 0 0.258821636 -0.965925097 0 0.258821636 -0.965925097 0 0.258821636 -0.965925097 0 0.422613323 -0.906310022 0 0.422613323 -0.906310022 0 0.422613323 -0.906310022 0 0.422608078 -0.906312525 0 0.422608078 -0.906312525 0 0.422608078 -0.906312525 0 0.573563516 -0.819161117 0 0.573563516 -0.819161117 0 0.573563516 -0.819161117 0 0.573570251 -0.819156408 0 0.573570251 -0.819156408 0 0.573570251 -0.819156408 0 0.707113445 -0.707100153 0 0.707113445 -0.707100153 0 0.707113445 -0.707100153 0 0.707113564 -0.707099974 0 0.707113564 -0.707099974 0 0.707113564 -0.707099974 0 0.819149911 -0.57357949 0 0.819149911 -0.57357949 0 0.819149911 -0.57357949 0 0.819156647 -0.573569894 0 0.819156647 -0.573569894 0 0.819156647 -0.573569894 0 0.906310797 -0.422611892 0 0.906310797 -0.422611892 0 0.906310797 -0.422611892 0 0.90631634 -0.422600031 0 0.90631634 -0.422600031 0 0.90631634 -0.422600031 0 0.965919614 -0.25884226 0 0.965919614 -0.25884226 0 0.965919614 -0.25884226 0 0.965916216 -0.258854687 0 0.965916216 -0.258854687 0 0.965916216 -0.258854687 0 0.996195674 -0.0871440023 0 0.996195674 -0.0871440023 0 0.996195674 -0.0871440023 0 0.996198177 -0.0871158168 0 0.996198177 -0.0871158168 0 0.996198177 -0.0871158168 0 0.996198237 0.0871157572 0 0.996198237 0.0871157572 0 0.996198237 0.0871157572 0 0.996195734 0.0871439651 0 0.996195734 0.0871439651 0 0.996195734 0.0871439651 0 0.965916157 0.258855224 0 0.965916157 0.258855224 0 0.965916157 0.258855224 0 0.965919495 0.258842826 0 0.965919495 0.258842826 0 0.965919495 0.258842826 0 0.90631479 0.42260313 0 0.90631479 0.42260313 0 0.90631479 0.42260313 0 0.906309247 0.422614992 0 0.906309247 0.422614992 0 0.906309247 0.422614992 0 0.819158792 0.573566794 0 0.819158792 0.573566794 0 0.819158792 0.573566794 0 0.819151938 0.57357651 0 0.819151938 0.57357651 0 0.819151938 0.57357651 0 0.707109869 0.70710367 0 0.707109869 0.70710367 0 0.707109869 0.70710367 0 0.70710963 0.707103968 0 0.70710963 0.707103968 0 0.70710963 0.707103968 0 0.573570073 0.819156587 0 0.573570073 0.819156587 0 0.573570073 0.819156587 0 0.573563337 0.819161177 0 0.573563337 0.819161177 0 0.573563337 0.819161177 0 0.422608048 0.906312644 0 0.422608048 0.906312644 0 0.422608048 0.906312644 0 0.422613233 0.906310201 0 0.422613233 0.906310201 0 0.422613233 0.906310201 0 0.258821636 0.965925038 0 0.258821636 0.965925038 0 0.258821636 0.965925038 0 0.25882858 0.96592325 0 0.25882858 0.96592325 0 0.25882858 0.96592325 0 0.0871600732 0.996194363 0 0.0871600732 0.996194363 0 0.0871600732 0.996194363 0 0.0871612802 0.996194184 0 0.0871612802 0.996194184 0 0.0871612802 0.996194184 0 0.996197999 0.0871182382 0 0.996197999 0.0871182382 0 0.996197999 0.0871182382 0 0.996195495 0.0871464238 0 0.996195495 0.0871464238 0 0.996195495 0.0871464238 0 0.96591574 0.258857012 0 0.96591574 0.258857012 0 0.96591574 0.258857012 0 0.965919077 0.258844554 0 0.965919077 0.258844554 0 0.965919077 0.258844554 0 0.906316161 0.422600448 0 0.906316161 0.422600448 0 0.906316161 0.422600448 0 0.906310558 0.42261222 0 0.906310558 0.42261222 0 0.906310558 0.42261222 0 0.819163382 0.573560119 0 0.819163382 0.573560119 0 0.819163382 0.573560119 0 0.819156706 0.573569775 0 0.819156706 0.573569775 0 0.819156706 0.573569775 0 0.707106292 0.707107246 0 0.707106292 0.707107246 0 0.707106292 0.707107246 0 0.707106113 0.707107484 0 0.707106113 0.707107484 0 0.707106113 0.707107484 0 0.573570132 0.819156587 0 0.573570132 0.819156587 0 0.573570132 0.819156587 0 0.573563457 0.819161177 0 0.573563457 0.819161177 0 0.573563457 0.819161177 0 0.422625571 0.906304419 0 0.422625571 0.906304419 0 0.422625571 0.906304419 0 0.422630817 0.906301916 0 0.422630817 0.906301916 0 0.422630817 0.906301916 0 0.258821607 0.965925157 0 0.258821607 0.965925157 0 0.258821607 0.965925157 0 0.258821636 0.965925157 0 0.258821636 0.965925157 0 0.258821636 0.965925157 0 0.0871600807 0.996194363 0 0.0871600807 0.996194363 0 0.0871600807 0.996194363 0 0.0871612802 0.996194184 0 0.0871612802 0.996194184 0 0.0871612802 0.996194184 0 -0.0871624947 0.996194124 0 -0.0871624947 0.996194124 0 -0.0871624947 0.996194124 0 -0.0871624947 0.996194124 0 -0.0871624947 0.996194124 0 -0.0871624947 0.996194124 0 -0.25881812 0.965926051 0 -0.25881812 0.965926051 0 -0.25881812 0.965926051 0 -0.258821666 0.965925038 0 -0.258821666 0.965925038 0 -0.258821666 0.965925038 0 -0.422630847 0.906301856 0 -0.422630847 0.906301856 0 -0.422630847 0.906301856 0 -0.42263636 0.906299353 0 -0.42263636 0.906299353 0 -0.42263636 0.906299353 0 -0.573557019 0.819165707 0 -0.573557019 0.819165707 0 -0.573557019 0.819165707 0 -0.573563755 0.819160938 0 -0.573563755 0.819160938 0 -0.573563755 0.819160938 0 -0.707106292 0.707107246 0 -0.707106292 0.707107246 0 -0.707106292 0.707107246 0 -0.707106531 0.707107008 0 -0.707106531 0.707107008 0 -0.707106531 0.707107008 0 -0.819163382 0.573560119 0 -0.819163382 0.573560119 0 -0.819163382 0.573560119 0 -0.819157183 0.573569059 0 -0.819157183 0.573569059 0 -0.819157183 0.573569059 0 -0.906305432 0.422623247 0 -0.906305432 0.422623247 0 -0.906305432 0.422623247 0 -0.906300306 0.422634184 0 -0.906300306 0.422634184 0 -0.906300306 0.422634184 0 -0.965922594 0.258831024 0 -0.965922594 0.258831024 0 -0.965922594 0.258831024 0 -0.965929747 0.25880447 0 -0.965929747 0.25880447 0 -0.965929747 0.25880447 0 -0.996194303 0.0871596634 0 -0.996194303 0.0871596634 0 -0.996194303 0.0871596634 0 -0.996194363 0.0871590227 0 -0.996194363 0.0871590227 0 -0.996194363 0.0871590227 0 -0.996194661 -0.0871565938 0 -0.996194661 -0.0871565938 0 -0.996194661 -0.0871565938 0 -0.996194541 -0.0871572047 0 -0.996194541 -0.0871572047 0 -0.996194541 -0.0871572047 0 -0.965929568 -0.258805066 0 -0.965929568 -0.258805066 0 -0.965929568 -0.258805066 0 -0.965922534 -0.25883159 0 -0.965922534 -0.25883159 0 -0.965922534 -0.25883159 0 -0.906298876 -0.422637463 0 -0.906298876 -0.422637463 0 -0.906298876 -0.422637463 0 -0.906303942 -0.422626406 0 -0.906303942 -0.422626406 0 -0.906303942 -0.422626406 0 -0.819159269 -0.573566198 0 -0.819159269 -0.573566198 0 -0.819159269 -0.573566198 0 -0.819165587 -0.573557138 0 -0.819165587 -0.573557138 0 -0.819165587 -0.573557138 0 -0.707106292 -0.707107246 0 -0.707106292 -0.707107246 0 -0.707106292 -0.707107246 0 -0.707106113 -0.707107484 0 -0.707106113 -0.707107484 0 -0.707106113 -0.707107484 0 -0.573563576 -0.819161117 0 -0.573563576 -0.819161117 0 -0.573563576 -0.819161117 0 -0.5735569 -0.819165707 0 -0.5735569 -0.819165707 0 -0.5735569 -0.819165707 0 -0.422612846 -0.90631032 0 -0.422612846 -0.90631032 0 -0.422612846 -0.90631032 0 -0.422607392 -0.906312764 0 -0.422607392 -0.906312764 0 -0.422607392 -0.906312764 0 -0.25884822 -0.965918064 0 -0.25884822 -0.965918064 0 -0.25884822 -0.965918064 0 -0.258851677 -0.96591711 0 -0.258851677 -0.96591711 0 -0.258851677 -0.96591711 0 -0.0871271417 -0.996197283 0 -0.0871271417 -0.996197283 0 -0.0871271417 -0.996197283 0 -0.0871271342 -0.996197283 0 -0.0871271342 -0.996197283 0 -0.0871271342 -0.996197283 0 0.0871259272 -0.996197283 0 0.0871259272 -0.996197283 0 0.0871259272 -0.996197283 0 0.0871247202 -0.996197462 0 0.0871247202 -0.996197462 0 0.0871247202 -0.996197462 0 0.25884822 -0.965918064 0 0.25884822 -0.965918064 0 0.25884822 -0.965918064 0 0.258841306 -0.965919912 0 0.258841306 -0.965919912 0 0.258841306 -0.965919912 0 0.422607511 -0.906312823 0 0.422607511 -0.906312823 0 0.422607511 -0.906312823 0 0.422602296 -0.906315207 0 0.422602296 -0.906315207 0 0.422602296 -0.906315207 0 0.573563576 -0.819161117 0 0.573563576 -0.819161117 0 0.573563576 -0.819161117 0 0.573570251 -0.819156289 0 0.573570251 -0.819156289 0 0.573570251 -0.819156289 0 0.707106292 -0.707107246 0 0.707106292 -0.707107246 0 0.707106292 -0.707107246 0 0.707106531 -0.707107008 0 0.707106531 -0.707107008 0 0.707106531 -0.707107008 0 0.819159269 -0.573566198 0 0.819159269 -0.573566198 0 0.819159269 -0.573566198 0 0.819166005 -0.573556364 0 0.819166005 -0.573556364 0 0.819166005 -0.573556364 0 0.906309545 -0.422614604 0 0.906309545 -0.422614604 0 0.906309545 -0.422614604 0 0.906315029 -0.422602683 0 0.906315029 -0.422602683 0 0.906315029 -0.422602683 0 0.965919137 -0.258844018 0 0.965919137 -0.258844018 0 0.965919137 -0.258844018 0 0.965915799 -0.258856446 0 0.965915799 -0.258856446 0 0.965915799 -0.258856446 0 0.996195853 -0.0871427804 0 0.996195853 -0.0871427804 0 0.996195853 -0.0871427804 0 0.996198356 -0.0871145725 0 0.996198356 -0.0871145725 0 0.996198356 -0.0871145725 0 0.0871259272 -0.996197283 0 0.0871259272 -0.996197283 0 0.0871259272 -0.996197283 0 0.0871259198 -0.996197283 0 0.0871259198 -0.996197283 0 0.0871259198 -0.996197283 0 0.25884822 -0.965918064 0 0.25884822 -0.965918064 0 0.25884822 -0.965918064 0 0.25884819 -0.965918005 0 0.25884819 -0.965918005 0 0.25884819 -0.965918005 0 0.422602177 -0.906315267 0 0.422602177 -0.906315267 0 0.422602177 -0.906315267 0 0.422612786 -0.906310439 0 0.422612786 -0.906310439 0 0.422612786 -0.906310439 0 0.573570132 -0.819156587 0 0.573570132 -0.819156587 0 0.573570132 -0.819156587 0 0.57357651 -0.819152057 0 0.57357651 -0.819152057 0 0.57357651 -0.819152057 0 0.707099378 -0.70711422 0 0.707099378 -0.70711422 0 0.707099378 -0.70711422 0 0.707106113 -0.707107484 0 0.707106113 -0.707107484 0 0.707106113 -0.707107484 0 0.819159269 -0.573566198 0 0.819159269 -0.573566198 0 0.819159269 -0.573566198 0 0.819159031 -0.573566437 0 0.819159031 -0.573566437 0 0.819159031 -0.573566437 0 0.906309545 -0.422614604 0 0.906309545 -0.422614604 0 0.906309545 -0.422614604 0 0.906303942 -0.422626406 0 0.906303942 -0.422626406 0 0.906303942 -0.422626406 0 0.965929568 -0.258805066 0 0.965929568 -0.258805066 0 0.965929568 -0.258805066 0 0.965922534 -0.25883159 0 0.965922534 -0.25883159 0 0.965922534 -0.25883159 0 0.996194661 -0.0871565938 0 0.996194661 -0.0871565938 0 0.996194661 -0.0871565938 0 0.996194541 -0.0871572047 0 0.996194541 -0.0871572047 0 0.996194541 -0.0871572047 0 0.996194303 0.0871596634 0 0.996194303 0.0871596634 0 0.996194303 0.0871596634 0 0.996194363 0.0871590227 0 0.996194363 0.0871590227 0 0.996194363 0.0871590227 0 0.965922594 0.258831024 0 0.965922594 0.258831024 0 0.965922594 0.258831024 0 0.965929747 0.25880447 0 0.965929747 0.25880447 0 0.965929747 0.25880447 0 0.906305432 0.422623247 0 0.906305432 0.422623247 0 0.906305432 0.422623247 0 0.906311035 0.422611356 0 0.906311035 0.422611356 0 0.906311035 0.422611356 0 0.819156885 0.573569477 0 0.819156885 0.573569477 0 0.819156885 0.573569477 0 0.819157183 0.573569059 0 0.819157183 0.573569059 0 0.819157183 0.573569059 0 0.707106292 0.707107246 0 0.707106292 0.707107246 0 0.707106292 0.707107246 0 0.707099617 0.707113981 0 0.707099617 0.707113981 0 0.707099617 0.707113981 0 0.573576629 0.819151938 0 0.573576629 0.819151938 0 0.573576629 0.819151938 0 0.573570311 0.819156349 0 0.573570311 0.819156349 0 0.573570311 0.819156349 0 0.422636181 0.906299353 0 0.422636181 0.906299353 0 0.422636181 0.906299353 0 0.422625691 0.9063043 0 0.422625691 0.9063043 0 0.422625691 0.9063043 0 0.25881812 0.965926051 0 0.25881812 0.965926051 0 0.25881812 0.965926051 0 0.258818209 0.965926051 0 0.258818209 0.965926051 0 0.258818209 0.965926051 0 0.0871612802 0.996194184 0 0.0871612802 0.996194184 0 0.0871612802 0.996194184 0 0.0871612802 0.996194184 0 0.0871612802 0.996194184 0 0.0871612802 0.996194184 0 -0.0871612802 0.996194184 0 -0.0871612802 0.996194184 0 -0.0871612802 0.996194184 0 -0.0871612802 0.996194184 0 -0.0871612802 0.996194184 0 -0.0871612802 0.996194184 0 -0.25881812 0.965926051 0 -0.25881812 0.965926051 0 -0.25881812 0.965926051 0 -0.25881815 0.965926051 0 -0.25881815 0.965926051 0 -0.25881815 0.965926051 0 -0.422630847 0.906301856 0 -0.422630847 0.906301856 0 -0.422630847 0.906301856 0 -0.422630817 0.906301916 0 -0.422630817 0.906301916 0 -0.422630817 0.906301916 0 -0.573576629 0.819151938 0 -0.573576629 0.819151938 0 -0.573576629 0.819151938 0 -0.57357645 0.819151998 0 -0.57357645 0.819151998 0 -0.57357645 0.819151998 0 -0.707099378 0.70711422 0 -0.707099378 0.70711422 0 -0.707099378 0.70711422 0 -0.707106113 0.707107484 0 -0.707106113 0.707107484 0 -0.707106113 0.707107484 0 -0.819156885 0.573569477 0 -0.819156885 0.573569477 0 -0.819156885 0.573569477 0 -0.819163263 0.573560417 0 -0.819163263 0.573560417 0 -0.819163263 0.573560417 0 -0.906305432 0.422623247 0 -0.906305432 0.422623247 0 -0.906305432 0.422623247 0 -0.906310558 0.42261222 0 -0.906310558 0.42261222 0 -0.906310558 0.42261222 0 -0.965922594 0.258831024 0 -0.965922594 0.258831024 0 -0.965922594 0.258831024 0 -0.965925992 0.258818597 0 -0.965925992 0.258818597 0 -0.965925992 0.258818597 0 -0.996194303 0.0871596634 0 -0.996194303 0.0871596634 0 -0.996194303 0.0871596634 0 -0.996194303 0.0871602371 0 -0.996194303 0.0871602371 0 -0.996194303 0.0871602371 0 -0.996194661 -0.0871565938 0 -0.996194661 -0.0871565938 0 -0.996194661 -0.0871565938 0 -0.996194661 -0.0871559978 0 -0.996194661 -0.0871559978 0 -0.996194661 -0.0871559978 0 -0.965926051 -0.25881803 0 -0.965926051 -0.25881803 0 -0.965926051 -0.25881803 0 -0.965922832 -0.258830488 0 -0.965922832 -0.258830488 0 -0.965922832 -0.258830488 0 -0.906309545 -0.422614604 0 -0.906309545 -0.422614604 0 -0.906309545 -0.422614604 0 -0.906304479 -0.422625571 0 -0.906304479 -0.422625571 0 -0.906304479 -0.422625571 0 -0.819165826 -0.57355684 0 -0.819165826 -0.57355684 0 -0.819165826 -0.57355684 0 -0.819159567 -0.573565781 0 -0.819159567 -0.573565781 0 -0.819159567 -0.573565781 0 -0.707106292 -0.707107246 0 -0.707106292 -0.707107246 0 -0.707106292 -0.707107246 0 -0.707099617 -0.707113981 0 -0.707099617 -0.707113981 0 -0.707099617 -0.707113981 0 -0.573576629 -0.819151938 0 -0.573576629 -0.819151938 0 -0.573576629 -0.819151938 0 -0.573576808 -0.819151759 0 -0.573576808 -0.819151759 0 -0.573576808 -0.819151759 0 -0.422607511 -0.906312823 0 -0.422607511 -0.906312823 0 -0.422607511 -0.906312823 0 -0.42260763 -0.906312704 0 -0.42260763 -0.906312704 0 -0.42260763 -0.906312704 0 -0.258844733 -0.965918958 0 -0.258844733 -0.965918958 0 -0.258844733 -0.965918958 0 -0.258837789 -0.965920806 0 -0.258837789 -0.965920806 0 -0.258837789 -0.965920806 0 -0.0871259272 -0.996197283 0 -0.0871259272 -0.996197283 0 -0.0871259272 -0.996197283 0 -0.0871259198 -0.996197283 0 -0.0871259198 -0.996197283 0 -0.0871259198 -0.996197283 0 -0.996194482 -0.0871578082 0 -0.996194482 -0.0871578082 0 -0.996194482 -0.0871578082 0 -0.996194601 -0.087157242 0 -0.996194601 -0.087157242 0 -0.996194601 -0.087157242 0 -0.965926528 -0.258816272 0 -0.965926528 -0.258816272 0 -0.965926528 -0.258816272 0 -0.965923309 -0.258828729 0 -0.965923309 -0.258828729 0 -0.965923309 -0.258828729 0 -0.906310797 -0.422611892 0 -0.906310797 -0.422611892 0 -0.906310797 -0.422611892 0 -0.906305671 -0.422622889 0 -0.906305671 -0.422622889 0 -0.906305671 -0.422622889 0 -0.819156468 -0.573570192 0 -0.819156468 -0.573570192 0 -0.819156468 -0.573570192 0 -0.81915015 -0.573579252 0 -0.81915015 -0.573579252 0 -0.81915015 -0.573579252 0 -0.707113445 -0.707100153 0 -0.707113445 -0.707100153 0 -0.707113445 -0.707100153 0 -0.70710665 -0.707106948 0 -0.70710665 -0.707106948 0 -0.70710665 -0.707106948 0 -0.57357657 -0.819151938 0 -0.57357657 -0.819151938 0 -0.57357657 -0.819151938 0 -0.573576808 -0.819151878 0 -0.573576808 -0.819151878 0 -0.573576808 -0.819151878 0 -0.422613323 -0.906310022 0 -0.422613323 -0.906310022 0 -0.422613323 -0.906310022 0 -0.422613412 -0.906310022 0 -0.422613412 -0.906310022 0 -0.422613412 -0.906310022 0 -0.258818179 -0.965926051 0 -0.258818179 -0.965926051 0 -0.258818179 -0.965926051 0 -0.25881815 -0.965926051 0 -0.25881815 -0.965926051 0 -0.25881815 -0.965926051 0 -0.0871612802 -0.996194184 0 -0.0871612802 -0.996194184 0 -0.0871612802 -0.996194184 0 -0.0871612653 -0.996194184 0 -0.0871612653 -0.996194184 0 -0.0871612653 -0.996194184 0 0.0871612802 -0.996194184 0 0.0871612802 -0.996194184 0 0.0871612802 -0.996194184 0 0.0871612653 -0.996194184 0 0.0871612653 -0.996194184 0 0.0871612653 -0.996194184 0 0.258818179 -0.965926051 0 0.258818179 -0.965926051 0 0.258818179 -0.965926051 0 0.25881809 -0.965926051 0 0.25881809 -0.965926051 0 0.25881809 -0.965926051 0 0.422608048 -0.906312644 0 0.422608048 -0.906312644 0 0.422608048 -0.906312644 0 0.422618508 -0.906307638 0 0.422618508 -0.906307638 0 0.422618508 -0.906307638 0 0.573570073 -0.819156587 0 0.573570073 -0.819156587 0 0.573570073 -0.819156587 0 0.57357645 -0.819152057 0 0.57357645 -0.819152057 0 0.57357645 -0.819152057 0 0.707106471 -0.707107067 0 0.707106471 -0.707107067 0 0.707106471 -0.707107067 0 0.707113147 -0.707100332 0 0.707113147 -0.707100332 0 0.707113147 -0.707100332 0 0.819149911 -0.57357949 0 0.819149911 -0.57357949 0 0.819149911 -0.57357949 0 0.819149613 -0.573579907 0 0.819149613 -0.573579907 0 0.819149613 -0.573579907 0 0.906310797 -0.422611892 0 0.906310797 -0.422611892 0 0.906310797 -0.422611892 0 0.906305194 -0.422623754 0 0.906305194 -0.422623754 0 0.906305194 -0.422623754 0 0.965930104 -0.258803308 0 0.965930104 -0.258803308 0 0.965930104 -0.258803308 0 0.965922952 -0.258829862 0 0.965922952 -0.258829862 0 0.965922952 -0.258829862 0 0.996194482 -0.0871578082 0 0.996194482 -0.0871578082 0 0.996194482 -0.0871578082 0 0.996194482 -0.0871584564 0 0.996194482 -0.0871584564 0 0.996194482 -0.0871584564 0 0.996194661 0.0871571898 0 0.996194661 0.0871571898 0 0.996194661 0.0871571898 0 0.996194601 0.087156564 0 0.996194601 0.087156564 0 0.996194601 0.087156564 0 0.965923071 0.258829266 0 0.965923071 0.258829266 0 0.965923071 0.258829266 0 0.965930164 0.258802742 0 0.965930164 0.258802742 0 0.965930164 0.258802742 0 0.906304181 0.422626019 0 0.906304181 0.422626019 0 0.906304181 0.422626019 0 0.906309664 0.422614098 0 0.906309664 0.422614098 0 0.906309664 0.422614098 0 0.819152236 0.573576152 0 0.819152236 0.573576152 0 0.819152236 0.573576152 0 0.819152474 0.573575854 0 0.819152474 0.573575854 0 0.819152474 0.573575854 0 0.707109869 0.70710367 0 0.707109869 0.70710367 0 0.707109869 0.70710367 0 0.707103074 0.707110465 0 0.707103074 0.707110465 0 0.707103074 0.707110465 0 0.57357657 0.819151938 0 0.57357657 0.819151938 0 0.57357657 0.819151938 0 0.573570192 0.819156349 0 0.573570192 0.819156349 0 0.573570192 0.819156349 0 0.422618657 0.906307518 0 0.422618657 0.906307518 0 0.422618657 0.906307518 0 0.422608048 0.906312525 0 0.422608048 0.906312525 0 0.422608048 0.906312525 0 0.258814692 0.965926945 0 0.258814692 0.965926945 0 0.258814692 0.965926945 0 0.258814722 0.965926945 0 0.258814722 0.965926945 0 0.258814722 0.965926945 0 0.0871612728 0.996194184 0 0.0871612728 0.996194184 0 0.0871612728 0.996194184 0 0.0871612802 0.996194184 0 0.0871612802 0.996194184 0 0.0871612802 0.996194184 0 -0.0871612728 0.996194184 0 -0.0871612728 0.996194184 0 -0.0871612728 0.996194184 0 -0.0871612802 0.996194184 0 -0.0871612802 0.996194184 0 -0.0871612802 0.996194184 0 -0.258818179 0.965926051 0 -0.258818179 0.965926051 0 -0.258818179 0.965926051 0 -0.258825094 0.965924203 0 -0.258825094 0.965924203 0 -0.258825094 0.965924203 0 -0.422613323 0.906310022 0 -0.422613323 0.906310022 0 -0.422613323 0.906310022 0 -0.422613233 0.906310201 0 -0.422613233 0.906310201 0 -0.422613233 0.906310201 0 -0.57357657 0.819151938 0 -0.57357657 0.819151938 0 -0.57357657 0.819151938 0 -0.573576391 0.819152057 0 -0.573576391 0.819152057 0 -0.573576391 0.819152057 0 -0.707102954 0.707110703 0 -0.707102954 0.707110703 0 -0.707102954 0.707110703 0 -0.70710963 0.707103968 0 -0.70710963 0.707103968 0 -0.70710963 0.707103968 0 -0.819152236 0.573576152 0 -0.819152236 0.573576152 0 -0.819152236 0.573576152 0 -0.819158554 0.573567212 0 -0.819158554 0.573567212 0 -0.819158554 0.573567212 0 -0.906304181 0.422626019 0 -0.906304181 0.422626019 0 -0.906304181 0.422626019 0 -0.906309247 0.422614992 0 -0.906309247 0.422614992 0 -0.906309247 0.422614992 0 -0.965923071 0.258829266 0 -0.965923071 0.258829266 0 -0.965923071 0.258829266 0 -0.965926409 0.258816838 0 -0.965926409 0.258816838 0 -0.965926409 0.258816838 0 -0.996194661 0.0871571898 0 -0.996194661 0.0871571898 0 -0.996194661 0.0871571898 0 -0.996194482 0.087157771 0 -0.996194482 0.087157771 0 -0.996194482 0.087157771 0 -0.0826728046 0.996576726 1.25028194e-07 -0.0826728046 0.996576726 1.25028194e-07 -0.0826728046 0.996576726 1.25028194e-07 -0.0826701596 0.996576905 0 -0.0826701596 0.996576905 0 -0.0826701596 0.996576905 0 -0.245743424 0.9693349 1.2502359e-07 -0.245743424 0.9693349 1.2502359e-07 -0.245743424 0.9693349 1.2502359e-07 -0.245743409 0.9693349 1.2502359e-07 -0.245743409 0.9693349 1.2502359e-07 -0.245743409 0.9693349 1.2502359e-07 -0.402098238 0.915596485 1.25027924e-07 -0.402098238 0.915596485 1.25027924e-07 -0.402098238 0.915596485 1.25027924e-07 -0.402098209 0.915596604 1.25027938e-07 -0.402098209 0.915596604 1.25027938e-07 -0.402098209 0.915596604 1.25027938e-07 -0.547467113 0.836827219 0 -0.547467113 0.836827219 0 -0.547467113 0.836827219 0 -0.547476947 0.836820841 1.25027015e-07 -0.547476947 0.836820841 1.25027015e-07 -0.547476947 0.836820841 1.25027015e-07 -0.677854717 0.735195935 1.25021074e-07 -0.677854717 0.735195935 1.25021074e-07 -0.677854717 0.735195935 1.25021074e-07 -0.67787075 0.735181153 0 -0.67787075 0.735181153 0 -0.67787075 0.735181153 0 -0.789740205 0.613441408 1.25026375e-07 -0.789740205 0.613441408 1.25026375e-07 -0.789740205 0.613441408 1.25026375e-07 -0.789724767 0.613461256 0 -0.789724767 0.613461256 0 -0.789724767 0.613461256 0 -0.880035043 0.47490868 6.25121999e-08 -0.880035043 0.47490868 6.25121999e-08 -0.880035043 0.47490868 6.25121999e-08 -0.880021751 0.474933416 6.25112406e-08 -0.880021751 0.474933416 6.25112406e-08 -0.880021751 0.474933416 6.25112406e-08 -0.94625175 0.323430955 0 -0.94625175 0.323430955 0 -0.94625175 0.323430955 0 -0.9462322 0.323488265 0 -0.9462322 0.323488265 0 -0.9462322 0.323488265 0 -0.986608863 0.163104251 3.12561816e-08 -0.986608863 0.163104251 3.12561816e-08 -0.986608863 0.163104251 3.12561816e-08 -0.986603618 0.16313538 3.12560111e-08 -0.986603618 0.16313538 3.12560111e-08 -0.986603618 0.16313538 3.12560111e-08 -0.999998569 -0.00169630675 0 -0.999998569 -0.00169630675 0 -0.999998569 -0.00169630675 0 -0.999998629 -0.0016643008 0 -0.999998629 -0.0016643008 0 -0.999998629 -0.0016643008 0 -0.999998629 0.00166434317 0 -0.999998629 0.00166434317 0 -0.999998629 0.00166434317 0 -0.99999851 0.00169634959 0 -0.99999851 0.00169634959 0 -0.99999851 0.00169634959 0 -0.986603677 -0.163135171 0 -0.986603677 -0.163135171 0 -0.986603677 -0.163135171 0 -0.986608863 -0.163104013 -3.12561355e-08 -0.986608863 -0.163104013 -3.12561355e-08 -0.986608863 -0.163104013 -3.12561355e-08 -0.946234763 -0.323480994 0 -0.946234763 -0.323480994 0 -0.946234763 -0.323480994 0 -0.946254373 -0.323423684 0 -0.946254373 -0.323423684 0 -0.946254373 -0.323423684 0 -0.880016267 -0.474943429 -1.25025124e-07 -0.880016267 -0.474943429 -1.25025124e-07 -0.880016267 -0.474943429 -1.25025124e-07 -0.880029738 -0.474918723 0 -0.880029738 -0.474918723 0 -0.880029738 -0.474918723 0 -0.789724708 -0.613461375 0 -0.789724708 -0.613461375 0 -0.789724708 -0.613461375 0 -0.789740264 -0.613441408 -1.25026375e-07 -0.789740264 -0.613441408 -1.25026375e-07 -0.789740264 -0.613441408 -1.25026375e-07 -0.677870631 -0.735181212 0 -0.677870631 -0.735181212 0 -0.677870631 -0.735181212 0 -0.677854657 -0.735195875 -1.2502106e-07 -0.677854657 -0.735195875 -1.2502106e-07 -0.677854657 -0.735195875 -1.2502106e-07 -0.547457218 -0.836833656 -1.25022524e-07 -0.547457218 -0.836833656 -1.25022524e-07 -0.547457218 -0.836833656 -1.25022524e-07 -0.547447622 -0.836840034 0 -0.547447622 -0.836840034 0 -0.547447622 -0.836840034 0 -0.402098238 -0.915596485 -1.25027924e-07 -0.402098238 -0.915596485 -1.25027924e-07 -0.402098238 -0.915596485 -1.25027924e-07 -0.402098268 -0.915596604 -1.25027938e-07 -0.402098268 -0.915596604 -1.25027938e-07 -0.402098268 -0.915596604 -1.25027938e-07 -0.245743424 -0.9693349 -1.2502359e-07 -0.245743424 -0.9693349 -1.2502359e-07 -0.245743424 -0.9693349 -1.2502359e-07 -0.245743439 -0.9693349 -1.2502359e-07 -0.245743439 -0.9693349 -1.2502359e-07 -0.245743439 -0.9693349 -1.2502359e-07 -0.0826687813 -0.996577144 0 -0.0826687813 -0.996577144 0 -0.0826687813 -0.996577144 0 -0.0826714188 -0.996576846 0 -0.0826714188 -0.996576846 0 -0.0826714188 -0.996576846 0 0.996576905 0.0826704875 0 0.996576905 0.0826704875 0 0.996576905 0.0826704875 0 0.996577322 0.0826665312 0 0.996577322 0.0826665312 0 0.996577322 0.0826665312 0 0.96933502 0.245743215 0 0.96933502 0.245743215 0 0.96933502 0.245743215 0 0.969335496 0.245741323 0 0.969335496 0.245741323 0 0.969335496 0.245741323 0 0.91559726 0.40209657 0 0.91559726 0.40209657 0 0.91559726 0.40209657 0 0.915596485 0.402098268 0 0.915596485 0.402098268 0 0.915596485 0.402098268 0 0.836832821 0.547458529 0 0.836832821 0.547458529 0 0.836832821 0.547458529 0 0.836830914 0.547461331 0 0.836830914 0.547461331 0 0.836830914 0.547461331 0 0.735178709 0.677873313 0 0.735178709 0.677873313 0 0.735178709 0.677873313 0 0.735179782 0.6778723 0 0.735179782 0.6778723 0 0.735179782 0.6778723 0 0.613457263 0.789727807 0 0.613457263 0.789727807 0 0.613457263 0.789727807 0 0.613459289 0.789726317 0 0.613459289 0.789726317 0 0.613459289 0.789726317 0 0.474936277 0.880020142 0 0.474936277 0.880020142 0 0.474936277 0.880020142 0 0.474936277 0.880020142 0 0.474936277 0.880020142 0 0.474936277 0.880020142 0 0.323446304 0.946246564 0 0.323446304 0.946246564 0 0.323446304 0.946246564 0 0.323446304 0.946246564 0 0.323446304 0.946246564 0 0.323446304 0.946246564 0 0.163131759 0.986604273 0 0.163131759 0.986604273 0 0.163131759 0.986604273 0 0.163132399 0.986604214 0 0.163132399 0.986604214 0 0.163132399 0.986604214 0 -0.00168992067 0.999998569 0 -0.00168992067 0.999998569 0 -0.00168992067 0.999998569 0 -0.0016899273 0.99999851 0 -0.0016899273 0.99999851 0 -0.0016899273 0.99999851 0 0.00168988691 0.999998569 0 0.00168988691 0.999998569 0 0.00168988691 0.999998569 0 0.00168988667 0.999998569 0 0.00168988667 0.999998569 0 0.00168988667 0.999998569 0 -0.163132399 0.986604214 0 -0.163132399 0.986604214 0 -0.163132399 0.986604214 0 -0.163131759 0.986604273 0 -0.163131759 0.986604273 0 -0.163131759 0.986604273 0 -0.323453665 0.946244061 0 -0.323453665 0.946244061 0 -0.323453665 0.946244061 0 -0.323453665 0.946244061 0 -0.323453665 0.946244061 0 -0.323453665 0.946244061 0 -0.474926293 0.880025625 0 -0.474926293 0.880025625 0 -0.474926293 0.880025625 0 -0.474927932 0.880024672 0 -0.474927932 0.880024672 0 -0.474927932 0.880024672 0 -0.613457263 0.789727807 0 -0.613457263 0.789727807 0 -0.613457263 0.789727807 0 -0.613459289 0.789726317 0 -0.613459289 0.789726317 0 -0.613459289 0.789726317 0 -0.735177696 0.677874386 0 -0.735177696 0.677874386 0 -0.735177696 0.677874386 0 -0.735178709 0.677873313 0 -0.735178709 0.677873313 0 -0.735178709 0.677873313 0 -0.836830914 0.547461331 0 -0.836830914 0.547461331 0 -0.836830914 0.547461331 0 -0.836832821 0.547458529 0 -0.836832821 0.547458529 0 -0.836832821 0.547458529 0 -0.915596545 0.402098268 0 -0.915596545 0.402098268 0 -0.915596545 0.402098268 0 -0.9155972 0.40209657 0 -0.9155972 0.40209657 0 -0.9155972 0.40209657 0 -0.969335437 0.245741323 0 -0.969335437 0.245741323 0 -0.969335437 0.245741323 0 -0.96933496 0.245743185 0 -0.96933496 0.245743185 0 -0.96933496 0.245743185 0 -0.996577263 0.0826665163 0 -0.996577263 0.0826665163 0 -0.996577263 0.0826665163 0 -0.996576965 0.0826705024 0 -0.996576965 0.0826705024 0 -0.996576965 0.0826705024 0 0.0826687813 -0.996577144 0 0.0826687813 -0.996577144 0 0.0826687813 -0.996577144 0 0.0826661438 -0.996577322 0 0.0826661438 -0.996577322 0 0.0826661438 -0.996577322 0 0.245743424 -0.9693349 -1.2502359e-07 0.245743424 -0.9693349 -1.2502359e-07 0.245743424 -0.9693349 -1.2502359e-07 0.245751068 -0.969332993 -1.25027469e-07 0.245751068 -0.969332993 -1.25027469e-07 0.245751068 -0.969332993 -1.25027469e-07 0.402074665 -0.915606916 -1.25020605e-07 0.402074665 -0.915606916 -1.25020605e-07 0.402074665 -0.915606916 -1.25020605e-07 0.402086437 -0.915601671 -1.25024258e-07 0.402086437 -0.915601671 -1.25024258e-07 0.402086437 -0.915601671 -1.25024258e-07 0.547457278 -0.836833656 -1.25022524e-07 0.547457278 -0.836833656 -1.25022524e-07 0.547457278 -0.836833656 -1.25022524e-07 0.547447562 -0.836840034 0 0.547447562 -0.836840034 0 0.547447562 -0.836840034 0 0.677870631 -0.735181153 0 0.677870631 -0.735181153 0 0.677870631 -0.735181153 0 0.677870631 -0.735181212 -1.25024016e-07 0.677870631 -0.735181212 -1.25024016e-07 0.677870631 -0.735181212 -1.25024016e-07 0.789724767 -0.613461375 0 0.789724767 -0.613461375 0 0.789724767 -0.613461375 0 0.789724708 -0.613461375 0 0.789724708 -0.613461375 0 0.789724708 -0.613461375 0 0.880029619 -0.474918604 -1.25027015e-07 0.880029619 -0.474918604 -1.25027015e-07 0.880029619 -0.474918604 -1.25027015e-07 0.880016267 -0.474943489 0 0.880016267 -0.474943489 0 0.880016267 -0.474943489 0 0.946254313 -0.323423624 0 0.946254313 -0.323423624 0 0.946254313 -0.323423624 0 0.946254313 -0.323423684 0 0.946254313 -0.323423684 0 0.946254313 -0.323423684 0 0.986603737 -0.163135171 0 0.986603737 -0.163135171 0 0.986603737 -0.163135171 0 0.986608922 -0.163104042 0 0.986608922 -0.163104042 0 0.986608922 -0.163104042 0 0.999998569 0.00166434294 0 0.999998569 0.00166434294 0 0.999998569 0.00166434294 0 0.99999845 0.00172835612 0 0.99999845 0.00172835612 0 0.99999845 0.00172835612 0 0.99999851 -0.00172831235 0 0.99999851 -0.00172831235 0 0.99999851 -0.00172831235 0 0.999998629 -0.00166430091 0 0.999998629 -0.00166430091 0 0.999998629 -0.00166430091 0 0.986608803 0.163104236 3.12561781e-08 0.986608803 0.163104236 3.12561781e-08 0.986608803 0.163104236 3.12561781e-08 0.986603677 0.163135394 3.12560147e-08 0.986603677 0.163135394 3.12560147e-08 0.986603677 0.163135394 3.12560147e-08 0.94625181 0.323430955 0 0.94625181 0.323430955 0 0.94625181 0.323430955 0 0.94625181 0.323430985 0 0.94625181 0.323430985 0 0.94625181 0.323430985 0 0.880021691 0.474933445 6.25112477e-08 0.880021691 0.474933445 6.25112477e-08 0.880021691 0.474933445 6.25112477e-08 0.880035102 0.47490862 6.25121928e-08 0.880035102 0.47490862 6.25121928e-08 0.880035102 0.47490862 6.25121928e-08 0.789724767 0.613461375 1.25023917e-07 0.789724767 0.613461375 1.25023917e-07 0.789724767 0.613461375 1.25023917e-07 0.789724827 0.613461375 0 0.789724827 0.613461375 0 0.789724827 0.613461375 0 0.677870631 0.735181153 1.25024002e-07 0.677870631 0.735181153 1.25024002e-07 0.677870631 0.735181153 1.25024002e-07 0.677870691 0.735181153 0 0.677870691 0.735181153 0 0.677870691 0.735181153 0 0.547467172 0.836827219 0 0.547467172 0.836827219 0 0.547467172 0.836827219 0 0.547476828 0.836820841 1.25027015e-07 0.547476828 0.836820841 1.25027015e-07 0.547476828 0.836820841 1.25027015e-07 0.402086467 0.91560173 2.50048544e-07 0.402086467 0.91560173 2.50048544e-07 0.402086467 0.91560173 2.50048544e-07 0.402074635 0.915606916 1.25020605e-07 0.402074635 0.915606916 1.25020605e-07 0.402074635 0.915606916 1.25020605e-07 0.245751053 0.969332993 1.25027469e-07 0.245751053 0.969332993 1.25027469e-07 0.245751053 0.969332993 1.25027469e-07 0.245743409 0.9693349 1.2502359e-07 0.245743409 0.9693349 1.2502359e-07 0.245743409 0.9693349 1.2502359e-07 0.0826675296 0.996577203 2.50040443e-07 0.0826675296 0.996577203 2.50040443e-07 0.0826675296 0.996577203 2.50040443e-07 0.0826701671 0.996576905 0 0.0826701671 0.996576905 0 0.0826701671 0.996576905 0 -0.00171245972 -0.99999851 0 -0.00171245972 -0.99999851 0 -0.00171245972 -0.99999851 0 -0.00171245285 -0.999998569 0 -0.00171245285 -0.999998569 0 -0.00171245285 -0.999998569 0 0.163132399 -0.986604214 0 0.163132399 -0.986604214 0 0.163132399 -0.986604214 0 0.163131759 -0.986604273 0 0.163131759 -0.986604273 0 0.163131759 -0.986604273 0 0.323426127 -0.946253419 0 0.323426127 -0.946253419 0 0.323426127 -0.946253419 0 0.323426127 -0.946253419 0 0.323426127 -0.946253419 0 0.323426127 -0.946253419 0 0.474936306 -0.880020142 0 0.474936306 -0.880020142 0 0.474936306 -0.880020142 0 0.474936306 -0.880020142 0 0.474936306 -0.880020142 0 0.474936306 -0.880020142 0 0.613459349 -0.789726317 0 0.613459349 -0.789726317 0 0.613459349 -0.789726317 0 0.613457322 -0.789727807 0 0.613457322 -0.789727807 0 0.613457322 -0.789727807 0 0.735179782 -0.6778723 0 0.735179782 -0.6778723 0 0.735179782 -0.6778723 0 0.735178709 -0.677873313 0 0.735178709 -0.677873313 0 0.735178709 -0.677873313 0 0.836830974 -0.54746139 0 0.836830974 -0.54746139 0 0.836830974 -0.54746139 0 0.836832821 -0.54745847 0 0.836832821 -0.54745847 0 0.836832821 -0.54745847 0 0.915603876 -0.402081728 0 0.915603876 -0.402081728 0 0.915603876 -0.402081728 0 0.915604532 -0.402079999 0 0.915604532 -0.402079999 0 0.915604532 -0.402079999 0 0.969334185 -0.245746687 0 0.969334185 -0.245746687 0 0.969334185 -0.245746687 0 0.969333649 -0.24574858 0 0.969333649 -0.24574858 0 0.969333649 -0.24574858 0 0.996577501 -0.0826646686 0 0.996577501 -0.0826646686 0 0.996577501 -0.0826646686 0 0.996577084 -0.0826686397 0 0.996577084 -0.0826686397 0 0.996577084 -0.0826686397 0 -0.996577084 -0.0826686323 0 -0.996577084 -0.0826686323 0 -0.996577084 -0.0826686323 0 -0.996577442 -0.0826646686 0 -0.996577442 -0.0826646686 0 -0.996577442 -0.0826646686 0 -0.969333589 -0.24574855 0 -0.969333589 -0.24574855 0 -0.969333589 -0.24574855 0 -0.969334126 -0.245746687 0 -0.969334126 -0.245746687 0 -0.969334126 -0.245746687 0 -0.915604472 -0.402079999 0 -0.915604472 -0.402079999 0 -0.915604472 -0.402079999 0 -0.915603817 -0.402081668 0 -0.915603817 -0.402081668 0 -0.915603817 -0.402081668 0 -0.836832762 -0.547458529 0 -0.836832762 -0.547458529 0 -0.836832762 -0.547458529 0 -0.836830974 -0.547461331 0 -0.836830974 -0.547461331 0 -0.836830974 -0.547461331 0 -0.735178709 -0.677873313 0 -0.735178709 -0.677873313 0 -0.735178709 -0.677873313 0 -0.735177696 -0.677874386 0 -0.735177696 -0.677874386 0 -0.735177696 -0.677874386 0 -0.613459349 -0.789726317 0 -0.613459349 -0.789726317 0 -0.613459349 -0.789726317 0 -0.613457322 -0.789727807 0 -0.613457322 -0.789727807 0 -0.613457322 -0.789727807 0 -0.474927962 -0.880024672 0 -0.474927962 -0.880024672 0 -0.474927962 -0.880024672 0 -0.474926323 -0.880025625 0 -0.474926323 -0.880025625 0 -0.474926323 -0.880025625 0 -0.323433429 -0.946250796 0 -0.323433429 -0.946250796 0 -0.323433429 -0.946250796 0 -0.323433429 -0.946250796 0 -0.323433429 -0.946250796 0 -0.323433429 -0.946250796 0 -0.163131759 -0.986604273 0 -0.163131759 -0.986604273 0 -0.163131759 -0.986604273 0 -0.163132399 -0.986604214 0 -0.163132399 -0.986604214 0 -0.163132399 -0.986604214 0 0.00171241863 -0.999998569 0 0.00171241863 -0.999998569 0 0.00171241863 -0.999998569 0 0.00171241851 -0.999998569 0 0.00171241851 -0.999998569 0 0.00171241851 -0.999998569 0 0 0 1 0 0 1 0 0 1 3.35753896e-07 0 1 3.35753896e-07 0 1 3.35753896e-07 0 1 -6.55122562e-07 0 1 -6.55122562e-07 0 1 -6.55122562e-07 0 1 0 0 1 0 0 1 0 0 1 0 0 1 0 0 1 0 0 1 -3.35751423e-07 0 1 -3.35751423e-07 0 1 -3.35751423e-07 0 1 5.62984113e-08 0 1 5.62984113e-08 0 1 5.62984113e-08 0 1 0 0 1 0 0 1 0 0 1 3.27561281e-07 0 1 3.27561281e-07 0 1 3.27561281e-07 0 1 -3.3575526e-07 0 1 -3.3575526e-07 0 1 -3.3575526e-07 0 1 6.55122562e-07 0 1 6.55122562e-07 0 1 6.55122562e-07 0 1 0 0 1 0 0 1 0 0 1 0 0 1 0 0 1 0 0 1 0 0 1 0 0 1 0 0 1 1.31027252e-06 0 1 1.31027252e-06 0 1 1.31027252e-06 0 1 -3.35749831e-07 0 1 -3.35749831e-07 0 1 -3.35749831e-07 0 1 0 0 1 0 0 1 0 0 1 -5.03618026e-07 0 1 -5.03618026e-07 0 1 -5.03618026e-07 0 1 0 0 1 0 0 1 0 0 1 0 0 1 0 0 1 0 0 1 2.62046274e-06 0 1 2.62046274e-06 0 1 2.62046274e-06 0 1 -3.35748922e-07 0 0.99999994 -3.35748922e-07 0 0.99999994 -3.35748922e-07 0 0.99999994 -2.62049025e-06 0 1 -2.62049025e-06 0 1 -2.62049025e-06 0 1 3.35748922e-07 0 0.99999994 3.35748922e-07 0 0.99999994 3.35748922e-07 0 0.99999994 0 0 1 0 0 1 0 0 1 0 0 1 0 0 1 0 0 1 0 0 1 0 0 1 0 0 1 -1.6787537e-07 0 1 -1.6787537e-07 0 1 -1.6787537e-07 0 1 0 0 1 0 0 1 0 0 1 3.3575165e-07 0 1 3.3575165e-07 0 1 3.3575165e-07 0 1 0 0 1 0 0 1 0 0 1 0 0 0.99999994 0 0 0.99999994 0 0 0.99999994 0 0 1 0 0 1 0 0 1 -3.35749831e-07 0 1 -3.35749831e-07 0 1 -3.35749831e-07 0 1 0 0 1 0 0 1 0 0 1 0 0 1 0 0 1 0 0 1 0 0 1 0 0 1 0 0 1 -3.3575165e-07 0 1 -3.3575165e-07 0 1 -3.3575165e-07 0 1 6.55122562e-07 0 1 6.55122562e-07 0 1 6.55122562e-07 0 1 0 0 1 0 0 1 0 0 1 0 0 1 0 0 1 0 0 1 3.35746222e-07 0 1 3.35746222e-07 0 1 3.35746222e-07 0 1 -5.62995943e-08 0 1 -5.62995943e-08 0 1 -5.62995943e-08 0 1 0 0 0.99999994 0 0 0.99999994 0 0 0.99999994 -3.27568131e-07 0 1 -3.27568131e-07 0 1 -3.27568131e-07 0 1 0 0 1 0 0 1 0 0 1 -6.55122562e-07 0 1 -6.55122562e-07 0 1 -6.55122562e-07 0 1 3.35750741e-07 -6.51067296e-07 1 3.35750741e-07 -6.51067296e-07 1 3.35750741e-07 -6.51067296e-07 1 0 -1.69509292e-07 1 0 -1.69509292e-07 1 0 -1.69509292e-07 1 -3.35748922e-07 -1.69503778e-07 0.99999994 -3.35748922e-07 -1.69503778e-07 0.99999994 -3.35748922e-07 -1.69503778e-07 0.99999994 0 -1.96360233e-07 1 0 -1.96360233e-07 1 0 -1.96360233e-07 1 -3.35749831e-07 -1.96363871e-07 1 -3.35749831e-07 -1.96363871e-07 1 -3.35749831e-07 -1.96363871e-07 1 0 -2.1725279e-07 1 0 -2.1725279e-07 1 0 -2.1725279e-07 1 6.71503301e-07 -2.17257366e-07 1 6.71503301e-07 -2.17257366e-07 1 6.71503301e-07 -2.17257366e-07 1 0 -2.31547091e-07 1 0 -2.31547091e-07 1 0 -2.31547091e-07 1 -8.39381329e-08 -2.31548228e-07 0.99999994 -8.39381329e-08 -2.31548228e-07 0.99999994 -8.39381329e-08 -2.31548228e-07 0.99999994 0 -2.38801931e-07 1 0 -2.38801931e-07 1 0 -2.38801931e-07 1 2.93780317e-07 -2.38803608e-07 0.99999994 2.93780317e-07 -2.38803608e-07 0.99999994 2.93780317e-07 -2.38803608e-07 0.99999994 0 -2.38805711e-07 1 0 -2.38805711e-07 1 0 -2.38805711e-07 1 -2.93780317e-07 -2.38803608e-07 0.99999994 -2.93780317e-07 -2.38803608e-07 0.99999994 -2.93780317e-07 -2.38803608e-07 0.99999994 0 -2.31548924e-07 1 0 -2.31548924e-07 1 0 -2.31548924e-07 1 8.39376852e-08 -2.31546991e-07 1 8.39376852e-08 -2.31546991e-07 1 8.39376852e-08 -2.31546991e-07 1 0 -2.17257352e-07 1 0 -2.17257352e-07 1 0 -2.17257352e-07 1 0 -2.1725559e-07 0.99999994 0 -2.1725559e-07 0.99999994 0 -2.1725559e-07 0.99999994 0 -1.96367438e-07 1 0 -1.96367438e-07 1 0 -1.96367438e-07 1 3.35748041e-07 -1.96362834e-07 1 3.35748041e-07 -1.96362834e-07 1 3.35748041e-07 -1.96362834e-07 1 0 -1.69503991e-07 1 0 -1.69503991e-07 1 0 -1.69503991e-07 1 -3.35748922e-07 -1.69503934e-07 0.99999994 -3.35748922e-07 -1.69503934e-07 0.99999994 -3.35748922e-07 -1.69503934e-07 0.99999994 1.31024512e-06 -1.3749704e-07 1 1.31024512e-06 -1.3749704e-07 1 1.31024512e-06 -1.3749704e-07 1 -6.71505063e-07 -5.80603114e-07 0.99999994 -6.71505063e-07 -5.80603114e-07 0.99999994 -6.71505063e-07 -5.80603114e-07 0.99999994 0 0 1 0 0 1 0 0 1 0 0 1 0 0 1 0 0 1 -0.0871536061 0.996194899 0 -0.0871536061 0.996194899 0 -0.0871536061 0.996194899 0 -0.0871536136 0.996194899 0 -0.0871536136 0.996194899 0 -0.0871536136 0.996194899 0 -0.258823305 0.96592468 0 -0.258823305 0.96592468 0 -0.258823305 0.96592468 0 -0.258823246 0.96592474 0 -0.258823246 0.96592474 0 -0.258823246 0.96592474 0 -0.422615618 0.906309009 0 -0.422615618 0.906309009 0 -0.422615618 0.906309009 0 -0.422615647 0.906309009 0 -0.422615647 0.906309009 0 -0.422615647 0.906309009 0 -0.573577762 0.819151103 0 -0.573577762 0.819151103 0 -0.573577762 0.819151103 0 -0.573577762 0.819151103 0 -0.573577762 0.819151103 0 -0.573577762 0.819151103 0 -0.707106352 0.707107186 0 -0.707106352 0.707107186 0 -0.707106352 0.707107186 0 -0.707106709 0.707106829 0 -0.707106709 0.707106829 0 -0.707106709 0.707106829 0 -0.819150805 0.573578298 0 -0.819150805 0.573578298 0 -0.819150805 0.573578298 0 -0.819150448 0.573578656 0 -0.819150448 0.573578656 0 -0.819150448 0.573578656 0 -0.906306744 0.422620565 0 -0.906306744 0.422620565 0 -0.906306744 0.422620565 0 -0.906306744 0.422620505 0 -0.906306744 0.422620505 0 -0.906306744 0.422620505 0 -0.965927005 0.258814275 0 -0.965927005 0.258814275 0 -0.965927005 0.258814275 0 -0.965926766 0.258815318 0 -0.965926766 0.258815318 0 -0.965926766 0.258815318 0 -0.996194661 0.087155357 0 -0.996194661 0.087155357 0 -0.996194661 0.087155357 0 -0.99619478 0.0871541426 0 -0.99619478 0.0871541426 0 -0.99619478 0.0871541426 0 -0.996194899 -0.0871542096 0 -0.996194899 -0.0871542096 0 -0.996194899 -0.0871542096 0 -0.99619472 -0.0871554315 0 -0.99619472 -0.0871554315 0 -0.99619472 -0.0871554315 0 -0.965926766 -0.258815348 0 -0.965926766 -0.258815348 0 -0.965926766 -0.258815348 0 -0.965927064 -0.258814365 0 -0.965927064 -0.258814365 0 -0.965927064 -0.258814365 0 -0.906306744 -0.422620565 0 -0.906306744 -0.422620565 0 -0.906306744 -0.422620565 0 -0.906306684 -0.422620595 0 -0.906306684 -0.422620595 0 -0.906306684 -0.422620595 0 -0.819152474 -0.573575735 0 -0.819152474 -0.573575735 0 -0.819152474 -0.573575735 0 -0.819152832 -0.573575497 0 -0.819152832 -0.573575497 0 -0.819152832 -0.573575497 0 -0.70710665 -0.707106888 0 -0.70710665 -0.707106888 0 -0.70710665 -0.707106888 0 -0.707106352 -0.707107246 0 -0.707106352 -0.707107246 0 -0.707106352 -0.707107246 0 -0.573566973 -0.819158614 0 -0.573566973 -0.819158614 0 -0.573566973 -0.819158614 0 -0.573566973 -0.819158673 0 -0.573566973 -0.819158673 0 -0.573566973 -0.819158673 0 -0.422624379 -0.906304955 0 -0.422624379 -0.906304955 0 -0.422624379 -0.906304955 0 -0.422624379 -0.906304955 0 -0.422624379 -0.906304955 0 -0.422624379 -0.906304955 0 -0.258823246 -0.96592474 0 -0.258823246 -0.96592474 0 -0.258823246 -0.96592474 0 -0.258823305 -0.96592468 0 -0.258823305 -0.96592468 0 -0.258823305 -0.96592468 0 -0.0871536061 -0.996194899 0 -0.0871536061 -0.996194899 0 -0.0871536061 -0.996194899 0 -0.0871536061 -0.996194899 0 -0.0871536061 -0.996194899 0 -0.0871536061 -0.996194899 0 0.0871536061 -0.996194899 0 0.0871536061 -0.996194899 0 0.0871536061 -0.996194899 0 0.0871536061 -0.996194899 0 0.0871536061 -0.996194899 0 0.0871536061 -0.996194899 0 0.258823246 -0.96592474 0 0.258823246 -0.96592474 0 0.258823246 -0.96592474 0 0.258823216 -0.96592474 0 0.258823216 -0.96592474 0 0.258823216 -0.96592474 0 0.42262423 -0.906304955 0 0.42262423 -0.906304955 0 0.42262423 -0.906304955 0 0.422624379 -0.906304955 0 0.422624379 -0.906304955 0 0.422624379 -0.906304955 0 0.573567271 -0.819158435 0 0.573567271 -0.819158435 0 0.573567271 -0.819158435 0 0.573567271 -0.819158494 0 0.573567271 -0.819158494 0 0.573567271 -0.819158494 0 0.707106113 -0.707107484 0 0.707106113 -0.707107484 0 0.707106113 -0.707107484 0 0.707106352 -0.707107246 0 0.707106352 -0.707107246 0 0.707106352 -0.707107246 0 0.81915307 -0.57357496 0 0.81915307 -0.57357496 0 0.81915307 -0.57357496 0 0.819152832 -0.573575497 0 0.819152832 -0.573575497 0 0.819152832 -0.573575497 0 0.906310737 -0.422612011 0 0.906310737 -0.422612011 0 0.906310737 -0.422612011 0 0.906310678 -0.422612041 0 0.906310678 -0.422612041 0 0.906310678 -0.422612041 0 0.965924203 -0.258825094 0 0.965924203 -0.258825094 0 0.965924203 -0.258825094 0 0.965924144 -0.258825183 0 0.965924144 -0.258825183 0 0.965924144 -0.258825183 0 0.996194661 -0.087155357 0 0.996194661 -0.087155357 0 0.996194661 -0.087155357 0 0.99619478 -0.0871542841 0 0.99619478 -0.0871542841 0 0.99619478 -0.0871542841 0 0.996194899 0.0871542096 0 0.996194899 0.0871542096 0 0.996194899 0.0871542096 0 0.99619472 0.0871552899 0 0.99619472 0.0871552899 0 0.99619472 0.0871552899 0 0.965924203 0.258825094 0 0.965924203 0.258825094 0 0.965924203 0.258825094 0 0.965924203 0.258825064 0 0.965924203 0.258825064 0 0.965924203 0.258825064 0 0.906310737 0.422612011 0 0.906310737 0.422612011 0 0.906310737 0.422612011 0 0.906310737 0.422611922 0 0.906310737 0.422611922 0 0.906310737 0.422611922 0 0.819151044 0.573577881 0 0.819151044 0.573577881 0 0.819151044 0.573577881 0 0.819150686 0.573578238 0 0.819150686 0.573578238 0 0.819150686 0.573578238 0 0.707106352 0.707107186 0 0.707106352 0.707107186 0 0.707106352 0.707107186 0 0.707106173 0.707107425 0 0.707106173 0.707107425 0 0.707106173 0.707107425 0 0.57357806 0.819150925 0 0.57357806 0.819150925 0 0.57357806 0.819150925 0 0.57357806 0.819150925 0 0.57357806 0.819150925 0 0.57357806 0.819150925 0 0.422615618 0.906309009 0 0.422615618 0.906309009 0 0.422615618 0.906309009 0 0.422615528 0.906309068 0 0.422615528 0.906309068 0 0.422615528 0.906309068 0 0.258823216 0.96592474 0 0.258823216 0.96592474 0 0.258823216 0.96592474 0 0.258823246 0.96592474 0 0.258823246 0.96592474 0 0.258823246 0.96592474 0 0.0871536061 0.996194899 0 0.0871536061 0.996194899 0 0.0871536061 0.996194899 0 0.0871536136 0.996194899 0 0.0871536136 0.996194899 0 0.0871536136 0.996194899 0 0.996195257 0.0871492997 4.2610182e-09 0.996195257 0.0871492997 4.2610182e-09 0.996195257 0.0871492997 4.2610182e-09 0.99619323 0.0871724412 3.55084318e-09 0.99619323 0.0871724412 3.55084318e-09 0.99619323 0.0871724412 3.55084318e-09 0.965919793 0.258841544 1.13627143e-08 0.965919793 0.258841544 1.13627143e-08 0.965919793 0.258841544 1.13627143e-08 0.965913951 0.2588633 1.70439716e-08 0.965913951 0.2588633 1.70439716e-08 0.965913951 0.2588633 1.70439716e-08 0.906324506 0.422582388 2.27258177e-08 0.906324506 0.422582388 2.27258177e-08 0.906324506 0.422582388 2.27258177e-08 0.906333506 0.422563225 0 0.906333506 0.422563225 0 0.906333506 0.422563225 0 0.81914103 0.573592246 0 0.81914103 0.573592246 0 0.81914103 0.573592246 0 0.819140911 0.573592424 0 0.819140911 0.573592424 0 0.819140911 0.573592424 0 0.707096398 0.707117081 0 0.707096398 0.707117081 0 0.707096398 0.707117081 0 0.707108021 0.707105517 0 0.707108021 0.707105517 0 0.707108021 0.707105517 0 0.573578179 0.819150865 9.09010538e-08 0.573578179 0.819150865 9.09010538e-08 0.573578179 0.819150865 9.09010538e-08 0.573567092 0.819158614 0 0.573567092 0.819158614 0 0.573567092 0.819158614 0 0.422623158 0.906305432 0 0.422623158 0.906305432 0 0.422623158 0.906305432 0 0.422614306 0.906309724 0 0.422614306 0.906309724 0 0.422614306 0.906309724 0 0.258831084 0.965922594 0 0.258831084 0.965922594 0 0.258831084 0.965922594 0 0.2588256 0.965924025 0 0.2588256 0.965924025 0 0.2588256 0.965924025 0 0.087156862 0.996194601 9.09053455e-08 0.087156862 0.996194601 9.09053455e-08 0.087156862 0.996194601 9.09053455e-08 0.0871528015 0.996194959 0 0.0871528015 0.996194959 0 0.0871528015 0.996194959 0 -0.0871568397 0.996194601 1.81810691e-07 -0.0871568397 0.996194601 1.81810691e-07 -0.0871568397 0.996194601 1.81810691e-07 -0.0871548504 0.996194839 0 -0.0871548504 0.996194839 0 -0.0871548504 0.996194839 0 -0.258825362 0.965924084 0 -0.258825362 0.965924084 0 -0.258825362 0.965924084 0 -0.258831352 0.965922534 0 -0.258831352 0.965922534 0 -0.258831352 0.965922534 0 -0.422623128 0.906305552 0 -0.422623128 0.906305552 0 -0.422623128 0.906305552 0 -0.422614217 0.906309724 0 -0.422614217 0.906309724 0 -0.422614217 0.906309724 0 -0.573567152 0.819158614 9.08993343e-08 -0.573567152 0.819158614 9.08993343e-08 -0.573567152 0.819158614 9.08993343e-08 -0.573578179 0.819150925 0 -0.573578179 0.819150925 0 -0.573578179 0.819150925 0 -0.707096338 0.70711726 0 -0.707096338 0.70711726 0 -0.707096338 0.70711726 0 -0.70710814 0.707105398 0 -0.70710814 0.707105398 0 -0.70710814 0.707105398 0 -0.819173694 0.573545396 0 -0.819173694 0.573545396 0 -0.819173694 0.573545396 0 -0.819151819 0.573576689 0 -0.819151819 0.573576689 0 -0.819151819 0.573576689 0 -0.906288862 0.422658861 0 -0.906288862 0.422658861 0 -0.906288862 0.422658861 0 -0.906297803 0.422639668 4.54502853e-08 -0.906297803 0.422639668 4.54502853e-08 -0.906297803 0.422639668 4.54502853e-08 -0.965925515 0.258819818 1.70441723e-08 -0.965925515 0.258819818 1.70441723e-08 -0.965925515 0.258819818 1.70441723e-08 -0.965931475 0.258798182 1.13628538e-08 -0.965931475 0.258798182 1.13628538e-08 -0.965931475 0.258798182 1.13628538e-08 -0.99619323 0.0871724263 3.55084273e-09 -0.99619323 0.0871724263 3.55084273e-09 -0.99619323 0.0871724263 3.55084273e-09 -0.996195197 0.0871493146 4.26101909e-09 -0.996195197 0.0871493146 4.26101909e-09 -0.996195197 0.0871493146 4.26101909e-09 -0.996195197 -0.0871493593 -4.26102131e-09 -0.996195197 -0.0871493593 -4.26102131e-09 -0.996195197 -0.0871493593 -4.26102131e-09 -0.99619323 -0.0871724263 -3.55084273e-09 -0.99619323 -0.0871724263 -3.55084273e-09 -0.99619323 -0.0871724263 -3.55084273e-09 -0.965931416 -0.258798122 -5.68142555e-09 -0.965931416 -0.258798122 -5.68142555e-09 -0.965931416 -0.258798122 -5.68142555e-09 -0.965925574 -0.258819908 -1.70441794e-08 -0.965925574 -0.258819908 -1.70441794e-08 -0.965925574 -0.258819908 -1.70441794e-08 -0.906297743 -0.422639728 -2.27251462e-08 -0.906297743 -0.422639728 -2.27251462e-08 -0.906297743 -0.422639728 -2.27251462e-08 -0.906288922 -0.422658712 0 -0.906288922 -0.422658712 0 -0.906288922 -0.422658712 0 -0.819144785 -0.573586762 -4.54514222e-08 -0.819144785 -0.573586762 -4.54514222e-08 -0.819144785 -0.573586762 -4.54514222e-08 -0.81916666 -0.57355541 0 -0.81916666 -0.57355541 0 -0.81916666 -0.57355541 0 -0.70711863 -0.707094848 -4.54515252e-08 -0.70711863 -0.707094848 -4.54515252e-08 -0.70711863 -0.707094848 -4.54515252e-08 -0.707107067 -0.707106531 0 -0.707107067 -0.707106531 0 -0.707107067 -0.707106531 0 -0.573578119 -0.819150984 -9.0901068e-08 -0.573578119 -0.819150984 -9.0901068e-08 -0.573578119 -0.819150984 -9.0901068e-08 -0.573567152 -0.819158494 0 -0.573567152 -0.819158494 0 -0.573567152 -0.819158494 0 -0.422614217 -0.906309724 0 -0.422614217 -0.906309724 0 -0.422614217 -0.906309724 0 -0.422623128 -0.906305552 -9.09039954e-08 -0.422623128 -0.906305552 -9.09039954e-08 -0.422623128 -0.906305552 -9.09039954e-08 -0.258812249 -0.96592766 0 -0.258812249 -0.96592766 0 -0.258812249 -0.96592766 0 -0.258806109 -0.965929329 -9.08998388e-08 -0.258806109 -0.965929329 -9.08998388e-08 -0.258806109 -0.965929329 -9.08998388e-08 -0.0871541947 -0.996194899 0 -0.0871541947 -0.996194899 0 -0.0871541947 -0.996194899 0 -0.0871562287 -0.996194601 0 -0.0871562287 -0.996194601 0 -0.0871562287 -0.996194601 0 0.087152198 -0.996195018 0 0.087152198 -0.996195018 0 0.087152198 -0.996195018 0 0.0871562064 -0.996194601 0 0.0871562064 -0.996194601 0 0.0871562064 -0.996194601 0 0.258806348 -0.965929151 0 0.258806348 -0.965929151 0 0.258806348 -0.965929151 0 0.25881201 -0.96592772 -9.0901878e-08 0.25881201 -0.96592772 -9.0901878e-08 0.25881201 -0.96592772 -9.0901878e-08 0.422614306 -0.906309724 0 0.422614306 -0.906309724 0 0.422614306 -0.906309724 0 0.422623158 -0.906305432 -9.09039812e-08 0.422623158 -0.906305432 -9.09039812e-08 0.422623158 -0.906305432 -9.09039812e-08 0.573567212 -0.819158435 -9.0899313e-08 0.573567212 -0.819158435 -9.0899313e-08 0.573567212 -0.819158435 -9.0899313e-08 0.573578 -0.819150984 0 0.573578 -0.819150984 0 0.573578 -0.819150984 0 0.70711875 -0.707094789 -4.54515217e-08 0.70711875 -0.707094789 -4.54515217e-08 0.70711875 -0.707094789 -4.54515217e-08 0.707106948 -0.70710659 0 0.707106948 -0.70710659 0 0.707106948 -0.70710659 0 0.819133997 -0.573602319 -4.54508111e-08 0.819133997 -0.573602319 -4.54508111e-08 0.819133997 -0.573602319 -4.54508111e-08 0.819133878 -0.573602378 0 0.819133878 -0.573602378 0 0.819133878 -0.573602378 0 0.906333447 -0.422563285 -2.27260415e-08 0.906333447 -0.422563285 -2.27260415e-08 0.906333447 -0.422563285 -2.27260415e-08 0.906324625 -0.422582269 -2.27258106e-08 0.906324625 -0.422582269 -2.27258106e-08 0.906324625 -0.422582269 -2.27258106e-08 0.965914011 -0.25886324 -1.70439698e-08 0.965914011 -0.25886324 -1.70439698e-08 0.965914011 -0.25886324 -1.70439698e-08 0.965919733 -0.258841634 -5.68135894e-09 0.965919733 -0.258841634 -5.68135894e-09 0.965919733 -0.258841634 -5.68135894e-09 0.99619323 -0.0871724263 -3.55084273e-09 0.99619323 -0.0871724263 -3.55084273e-09 0.99619323 -0.0871724263 -3.55084273e-09 0.996195197 -0.0871493593 -4.26102131e-09 0.996195197 -0.0871493593 -4.26102131e-09 0.996195197 -0.0871493593 -4.26102131e-09 0.0871547163 -0.99619478 0 0.0871547163 -0.99619478 0 0.0871547163 -0.99619478 0 0.0871546865 -0.99619478 0 0.0871546865 -0.99619478 0 0.0871546865 -0.99619478 0 0.258856744 -0.96591574 0 0.258856744 -0.96591574 0 0.258856744 -0.96591574 0 0.258856624 -0.96591568 0 0.258856624 -0.96591568 0 0.258856624 -0.96591568 0 0.422573864 -0.906328499 0 0.422573864 -0.906328499 0 0.422573864 -0.906328499 0 0.422573745 -0.906328559 0 0.422573745 -0.906328559 0 0.422573745 -0.906328559 0 0.573603809 -0.819132805 0 0.573603809 -0.819132805 0 0.573603809 -0.819132805 0 0.573603451 -0.819133043 0 0.573603451 -0.819133043 0 0.573603451 -0.819133043 0 0.707097232 -0.707116365 0 0.707097232 -0.707116365 0 0.707097232 -0.707116365 0 0.707097054 -0.707116485 0 0.707097054 -0.707116485 0 0.707097054 -0.707116485 0 0.819159091 -0.573566496 0 0.819159091 -0.573566496 0 0.819159091 -0.573566496 0 0.819158673 -0.573567033 0 0.819158673 -0.573567033 0 0.819158673 -0.573567033 0 0.90630579 -0.422622621 0 0.90630579 -0.422622621 0 0.90630579 -0.422622621 0 0.90630573 -0.422622681 0 0.90630573 -0.422622681 0 0.90630573 -0.422622681 0 0.965928614 -0.258808762 0 0.965928614 -0.258808762 0 0.965928614 -0.258808762 0 0.965928555 -0.258808911 0 0.965928555 -0.258808911 0 0.965928555 -0.258808911 0 0.996194839 -0.0871549323 0 0.996194839 -0.0871549323 0 0.996194839 -0.0871549323 0 0.99619478 -0.087154232 0 0.99619478 -0.087154232 0 0.99619478 -0.087154232 0 0.99619478 0.0871551186 0 0.99619478 0.0871551186 0 0.99619478 0.0871551186 0 0.996194661 0.0871558562 0 0.996194661 0.0871558562 0 0.996194661 0.0871558562 0 0.965929329 0.258806258 0 0.965929329 0.258806258 0 0.965929329 0.258806258 0 0.96592921 0.258806258 0 0.96592921 0.258806258 0 0.96592921 0.258806258 0 0.90630579 0.422622621 0 0.90630579 0.422622621 0 0.90630579 0.422622621 0 0.90630573 0.422622681 0 0.90630573 0.422622681 0 0.90630573 0.422622681 0 0.819158673 0.573566973 0 0.819158673 0.573566973 0 0.819158673 0.573566973 0 0.819158971 0.573566556 0 0.819158971 0.573566556 0 0.819158971 0.573566556 0 0.707091987 0.707121611 0 0.707091987 0.707121611 0 0.707091987 0.707121611 0 0.707091987 0.707121611 0 0.707091987 0.707121611 0 0.707091987 0.707121611 0 0.573575616 0.819152594 0 0.573575616 0.819152594 0 0.573575616 0.819152594 0 0.573575735 0.819152534 0 0.573575735 0.819152534 0 0.573575735 0.819152534 0 0.422650933 0.906292558 0 0.422650933 0.906292558 0 0.422650933 0.906292558 0 0.422650874 0.906292617 0 0.422650874 0.906292617 0 0.422650874 0.906292617 0 0.258808106 0.965928853 0 0.258808106 0.965928853 0 0.258808106 0.965928853 0 0.258808047 0.965928793 0 0.258808047 0.965928793 0 0.258808047 0.965928793 0 0.0871547088 0.99619478 0 0.0871547088 0.99619478 0 0.0871547088 0.99619478 0 0.0871546939 0.99619478 0 0.0871546939 0.99619478 0 0.0871546939 0.99619478 0 -0.0871547163 0.99619478 0 -0.0871547163 0.99619478 0 -0.0871547163 0.99619478 0 -0.0871547014 0.99619478 0 -0.0871547014 0.99619478 0 -0.0871547014 0.99619478 0 -0.258808106 0.965928853 0 -0.258808106 0.965928853 0 -0.258808106 0.965928853 0 -0.258808047 0.965928793 0 -0.258808047 0.965928793 0 -0.258808047 0.965928793 0 -0.422651082 0.906292498 0 -0.422651082 0.906292498 0 -0.422651082 0.906292498 0 -0.422650695 0.906292617 0 -0.422650695 0.906292617 0 -0.422650695 0.906292617 0 -0.573565722 0.819159508 0 -0.573565722 0.819159508 0 -0.573565722 0.819159508 0 -0.573565662 0.819159567 0 -0.573565662 0.819159567 0 -0.573565662 0.819159567 0 -0.707102537 0.707111061 0 -0.707102537 0.707111061 0 -0.707102537 0.707111061 0 -0.707102776 0.707110584 0 -0.707102776 0.707110584 0 -0.707102776 0.707110584 0 -0.819158673 0.573566973 0 -0.819158673 0.573566973 0 -0.819158673 0.573566973 0 -0.819158971 0.573566556 0 -0.819158971 0.573566556 0 -0.819158971 0.573566556 0 -0.906305492 0.422623217 0 -0.906305492 0.422623217 0 -0.906305492 0.422623217 0 -0.90630573 0.422622681 0 -0.90630573 0.422622681 0 -0.90630573 0.422622681 0 -0.965923965 0.258825898 0 -0.965923965 0.258825898 0 -0.965923965 0.258825898 0 -0.965923786 0.258826613 0 -0.965923786 0.258826613 0 -0.965923786 0.258826613 0 -0.996194839 0.0871544033 0 -0.996194839 0.0871544033 0 -0.996194839 0.0871544033 0 -0.996194661 0.0871558562 0 -0.996194661 0.0871558562 0 -0.996194661 0.0871558562 0 -0.996194839 -0.0871549323 0 -0.996194839 -0.0871549323 0 -0.996194839 -0.0871549323 0 -0.996194899 -0.0871535167 0 -0.996194899 -0.0871535167 0 -0.996194899 -0.0871535167 0 -0.965923131 -0.258829147 0 -0.965923131 -0.258829147 0 -0.965923131 -0.258829147 0 -0.96592319 -0.25882858 0 -0.96592319 -0.25882858 0 -0.96592319 -0.25882858 0 -0.90630579 -0.422622621 0 -0.90630579 -0.422622621 0 -0.90630579 -0.422622621 0 -0.906305373 -0.422623247 0 -0.906305373 -0.422623247 0 -0.906305373 -0.422623247 0 -0.819159091 -0.573566496 0 -0.819159091 -0.573566496 0 -0.819159091 -0.573566496 0 -0.819158673 -0.573567033 0 -0.819158673 -0.573567033 0 -0.819158673 -0.573567033 0 -0.70710814 -0.707105398 0 -0.70710814 -0.707105398 0 -0.70710814 -0.707105398 0 -0.707107604 -0.707105994 0 -0.707107604 -0.707105994 0 -0.707107604 -0.707105994 0 -0.573593736 -0.819139898 0 -0.573593736 -0.819139898 0 -0.573593736 -0.819139898 0 -0.573593616 -0.819140077 0 -0.573593616 -0.819140077 0 -0.573593616 -0.819140077 0 -0.422573745 -0.906328559 0 -0.422573745 -0.906328559 0 -0.422573745 -0.906328559 0 -0.422573864 -0.906328499 0 -0.422573864 -0.906328499 0 -0.422573864 -0.906328499 0 -0.258856744 -0.96591574 0 -0.258856744 -0.96591574 0 -0.258856744 -0.96591574 0 -0.258856624 -0.96591568 0 -0.258856624 -0.96591568 0 -0.258856624 -0.96591568 0 -0.0871547237 -0.99619478 0 -0.0871547237 -0.99619478 0 -0.0871547237 -0.99619478 0 -0.0871546939 -0.99619478 0 -0.0871546939 -0.99619478 0 -0.0871546939 -0.99619478 0 -0.996195197 -0.0871493593 -4.26102131e-09 -0.996195197 -0.0871493593 -4.26102131e-09 -0.996195197 -0.0871493593 -4.26102131e-09 -0.99619323 -0.0871724263 -3.55084273e-09 -0.99619323 -0.0871724263 -3.55084273e-09 -0.99619323 -0.0871724263 -3.55084273e-09 -0.965925515 -0.258819818 -5.68139091e-09 -0.965925515 -0.258819818 -5.68139091e-09 -0.965925515 -0.258819818 -5.68139091e-09 -0.965925574 -0.258819908 -1.70441794e-08 -0.965925574 -0.258819908 -1.70441794e-08 -0.965925574 -0.258819908 -1.70441794e-08 -0.906306684 -0.422620624 -2.272537e-08 -0.906306684 -0.422620624 -2.272537e-08 -0.906306684 -0.422620624 -2.272537e-08 -0.906306684 -0.422620445 0 -0.906306684 -0.422620445 0 -0.906306684 -0.422620445 0 -0.819155753 -0.573571146 -4.54520297e-08 -0.819155753 -0.573571146 -4.54520297e-08 -0.819155753 -0.573571146 -4.54520297e-08 -0.819144905 -0.573586702 0 -0.819144905 -0.573586702 0 -0.819144905 -0.573586702 0 -0.707107067 -0.707106531 -4.54507827e-08 -0.707107067 -0.707106531 -4.54507827e-08 -0.707107067 -0.707106531 -4.54507827e-08 -0.70711863 -0.707094848 0 -0.70711863 -0.707094848 0 -0.70711863 -0.707094848 0 -0.573578119 -0.819150984 -9.0901068e-08 -0.573578119 -0.819150984 -9.0901068e-08 -0.573578119 -0.819150984 -9.0901068e-08 -0.573578179 -0.819150925 0 -0.573578179 -0.819150925 0 -0.573578179 -0.819150925 0 -0.422614217 -0.906309724 -9.0902077e-08 -0.422614217 -0.906309724 -9.0902077e-08 -0.422614217 -0.906309724 -9.0902077e-08 -0.422614217 -0.906309724 -9.0902077e-08 -0.422614217 -0.906309724 -9.0902077e-08 -0.422614217 -0.906309724 -9.0902077e-08 -0.258812249 -0.96592766 0 -0.258812249 -0.96592766 0 -0.258812249 -0.96592766 0 -0.258811921 -0.96592772 -1.81803756e-07 -0.258811921 -0.96592772 -1.81803756e-07 -0.258811921 -0.96592772 -1.81803756e-07 -0.0871541947 -0.996194899 0 -0.0871541947 -0.996194899 0 -0.0871541947 -0.996194899 0 -0.087152198 -0.996195018 0 -0.087152198 -0.996195018 0 -0.087152198 -0.996195018 0 0.0871542171 -0.996194899 0 0.0871542171 -0.996194899 0 0.0871542171 -0.996194899 0 0.0871521682 -0.996195018 0 0.0871521682 -0.996195018 0 0.0871521682 -0.996195018 0 0.258818001 -0.965926111 0 0.258818001 -0.965926111 0 0.258818001 -0.965926111 0 0.258806199 -0.965929329 -9.08998388e-08 0.258806199 -0.965929329 -9.08998388e-08 0.258806199 -0.965929329 -9.08998388e-08 0.422614306 -0.906309724 0 0.422614306 -0.906309724 0 0.422614306 -0.906309724 0 0.422614306 -0.906309724 -9.0902077e-08 0.422614306 -0.906309724 -9.0902077e-08 0.422614306 -0.906309724 -9.0902077e-08 0.573589146 -0.819143176 -9.09027875e-08 0.573589146 -0.819143176 -9.09027875e-08 0.573589146 -0.819143176 -9.09027875e-08 0.573578 -0.819150984 0 0.573578 -0.819150984 0 0.573578 -0.819150984 0 0.707107127 -0.707106411 -4.5450772e-08 0.707107127 -0.707106411 -4.5450772e-08 0.707107127 -0.707106411 -4.5450772e-08 0.707118571 -0.707094967 0 0.707118571 -0.707094967 0 0.707118571 -0.707094967 0 0.819144905 -0.573586702 -4.54514186e-08 0.819144905 -0.573586702 -4.54514186e-08 0.819144905 -0.573586702 -4.54514186e-08 0.819144785 -0.573586762 0 0.819144785 -0.573586762 0 0.819144785 -0.573586762 0 0.906306684 -0.422620624 -2.272537e-08 0.906306684 -0.422620624 -2.272537e-08 0.906306684 -0.422620624 -2.272537e-08 0.906315684 -0.422601372 0 0.906315684 -0.422601372 0 0.906315684 -0.422601372 0 0.965925515 -0.258819818 -1.70441723e-08 0.965925515 -0.258819818 -1.70441723e-08 0.965925515 -0.258819818 -1.70441723e-08 0.965925574 -0.258819908 -5.68139313e-09 0.965925574 -0.258819908 -5.68139313e-09 0.965925574 -0.258819908 -5.68139313e-09 0.996195197 -0.0871493295 -3.55084961e-09 0.996195197 -0.0871493295 -3.55084961e-09 0.996195197 -0.0871493295 -3.55084961e-09 0.996193171 -0.0871724561 -4.26101243e-09 0.996193171 -0.0871724561 -4.26101243e-09 0.996193171 -0.0871724561 -4.26101243e-09 0.99619323 0.087172389 4.26100932e-09 0.99619323 0.087172389 4.26100932e-09 0.99619323 0.087172389 4.26100932e-09 0.996195257 0.0871493444 3.5508505e-09 0.996195257 0.0871493444 3.5508505e-09 0.996195257 0.0871493444 3.5508505e-09 0.965925515 0.258819818 5.68139091e-09 0.965925515 0.258819818 5.68139091e-09 0.965925515 0.258819818 5.68139091e-09 0.965925634 0.258819878 1.70441776e-08 0.965925634 0.258819878 1.70441776e-08 0.965925634 0.258819878 1.70441776e-08 0.906315565 0.422601521 2.27255939e-08 0.906315565 0.422601521 2.27255939e-08 0.906315565 0.422601521 2.27255939e-08 0.906306684 0.422620535 2.27253665e-08 0.906306684 0.422620535 2.27253665e-08 0.906306684 0.422620535 2.27253665e-08 0.819151878 0.57357657 0 0.819151878 0.57357657 0 0.819151878 0.57357657 0 0.819151819 0.573576748 0 0.819151819 0.573576748 0 0.819151819 0.573576748 0 0.707108021 0.707105517 0 0.707108021 0.707105517 0 0.707108021 0.707105517 0 0.707096398 0.707117081 0 0.707096398 0.707117081 0 0.707096398 0.707117081 0 0.573578179 0.819150865 9.09010538e-08 0.573578179 0.819150865 9.09010538e-08 0.573578179 0.819150865 9.09010538e-08 0.573588967 0.819143355 0 0.573588967 0.819143355 0 0.573588967 0.819143355 0 0.422614306 0.906309724 0 0.422614306 0.906309724 0 0.422614306 0.906309724 0 0.422614306 0.906309724 0 0.422614306 0.906309724 0 0.422614306 0.906309724 0 0.258825272 0.965924084 0 0.258825272 0.965924084 0 0.258825272 0.965924084 0 0.258837223 0.965920925 0 0.258837223 0.965920925 0 0.258837223 0.965920925 0 0.0871528238 0.996194959 1.81802264e-07 0.0871528238 0.996194959 1.81802264e-07 0.0871528238 0.996194959 1.81802264e-07 0.087154828 0.996194839 0 0.087154828 0.996194839 0 0.087154828 0.996194839 0 -0.0871528015 0.996194959 1.81802264e-07 -0.0871528015 0.996194959 1.81802264e-07 -0.0871528015 0.996194959 1.81802264e-07 -0.0871548504 0.996194839 0 -0.0871548504 0.996194839 0 -0.0871548504 0.996194839 0 -0.258831173 0.965922594 0 -0.258831173 0.965922594 0 -0.258831173 0.965922594 0 -0.258831352 0.965922534 0 -0.258831352 0.965922534 0 -0.258831352 0.965922534 0 -0.422614217 0.906309724 0 -0.422614217 0.906309724 0 -0.422614217 0.906309724 0 -0.422614217 0.906309724 0 -0.422614217 0.906309724 0 -0.422614217 0.906309724 0 -0.573578119 0.819150984 9.0901068e-08 -0.573578119 0.819150984 9.0901068e-08 -0.573578119 0.819150984 9.0901068e-08 -0.573578179 0.819150925 0 -0.573578179 0.819150925 0 -0.573578179 0.819150925 0 -0.707107902 0.707105577 0 -0.707107902 0.707105577 0 -0.707107902 0.707105577 0 -0.707096517 0.707117081 0 -0.707096517 0.707117081 0 -0.707096517 0.707117081 0 -0.819151819 0.573576689 0 -0.819151819 0.573576689 0 -0.819151819 0.573576689 0 -0.819162786 0.573561072 0 -0.819162786 0.573561072 0 -0.819162786 0.573561072 0 -0.906306684 0.422620624 0 -0.906306684 0.422620624 0 -0.906306684 0.422620624 0 -0.906306684 0.422620535 4.5450733e-08 -0.906306684 0.422620535 4.5450733e-08 -0.906306684 0.422620535 4.5450733e-08 -0.965925515 0.258819818 1.70441723e-08 -0.965925515 0.258819818 1.70441723e-08 -0.965925515 0.258819818 1.70441723e-08 -0.965925634 0.258819878 5.68139269e-09 -0.965925634 0.258819878 5.68139269e-09 -0.965925634 0.258819878 5.68139269e-09 -0.99619323 0.0871724263 3.55084273e-09 -0.99619323 0.0871724263 3.55084273e-09 -0.99619323 0.0871724263 3.55084273e-09 -0.996195197 0.0871493146 4.26101909e-09 -0.996195197 0.0871493146 4.26101909e-09 -0.996195197 0.0871493146 4.26101909e-09 2.62049025e-06 0 1 2.62049025e-06 0 1 2.62049025e-06 0 1 -1.04921685e-06 0 1 -1.04921685e-06 0 1 -1.04921685e-06 0 1 0 0 1 0 0 1 0 0 1 -2.93780801e-07 0 1 -2.93780801e-07 0 1 -2.93780801e-07 0 1 2.6204782e-06 0 1 2.6204782e-06 0 1 2.6204782e-06 0 1 -3.3574949e-07 0 1 -3.3574949e-07 0 1 -3.3574949e-07 0 1 -2.62049866e-06 0 1 -2.62049866e-06 0 1 -2.62049866e-06 0 1 5.03628485e-07 0 0.99999994 5.03628485e-07 0 0.99999994 5.03628485e-07 0 0.99999994 2.62047729e-06 0 1 2.62047729e-06 0 1 2.62047729e-06 0 1 -5.03621891e-07 0 1 -5.03621891e-07 0 1 -5.03621891e-07 0 1 0 0 1 0 0 1 0 0 1 0 0 1 0 0 1 0 0 1 1.31025627e-06 0 1 1.31025627e-06 0 1 1.31025627e-06 0 1 -3.35751423e-07 0 1 -3.35751423e-07 0 1 -3.35751423e-07 0 1 0 0 1 0 0 1 0 0 1 6.7149756e-07 0 1 6.7149756e-07 0 1 6.7149756e-07 0 1 0 0 1 0 0 1 0 0 1 -3.35751366e-07 0 1 -3.35751366e-07 0 1 -3.35751366e-07 0 1 6.5511955e-07 0 1 6.5511955e-07 0 1 6.5511955e-07 0 1 0 0 1 0 0 1 0 0 1 0 0 0.99999994 0 0 0.99999994 0 0 0.99999994 0 0 1 0 0 1 0 0 1 3.58270853e-08 0 1 3.58270853e-08 0 1 3.58270853e-08 0 1 0 0 1 0 0 1 0 0 1 0 0 1 0 0 1 0 0 1 0 0 0.99999994 0 0 0.99999994 0 0 0.99999994 -6.55120402e-07 0 1 -6.55120402e-07 0 1 -6.55120402e-07 0 1 0 0 1 0 0 1 0 0 1 1.3102665e-06 0 1 1.3102665e-06 0 1 1.3102665e-06 0 1 -3.357504e-07 0 1 -3.357504e-07 0 1 -3.357504e-07 0 1 0 0 0.99999994 0 0 0.99999994 0 0 0.99999994 -3.35748553e-07 0 1 -3.35748553e-07 0 1 -3.35748553e-07 0 1 1.31024763e-06 0 1 1.31024763e-06 0 1 1.31024763e-06 0 1 -5.03625074e-07 0 1 -5.03625074e-07 0 1 -5.03625074e-07 0 1 0 0 1 0 0 1 0 0 1 5.87563193e-07 0 1 5.87563193e-07 0 1 5.87563193e-07 0 1 0 0 0.99999994 0 0 0.99999994 0 0 0.99999994 1.25906524e-07 0 1 1.25906524e-07 0 1 1.25906524e-07 0 1 0 0 0.99999994 0 0 0.99999994 0 0 0.99999994 -1.25906524e-07 0 1 -1.25906524e-07 0 1 -1.25906524e-07 0 1 0 0 1 0 0 1 0 0 1 -5.87561203e-07 0 0.99999994 -5.87561203e-07 0 0.99999994 -5.87561203e-07 0 0.99999994 0 0 1 0 0 1 0 0 1 5.03625756e-07 0 1 5.03625756e-07 0 1 5.03625756e-07 0 1 0 0 1 0 0 1 0 0 1 3.35749718e-07 0 1 3.35749718e-07 0 1 3.35749718e-07 0 1 0 0 1 0 0 1 0 0 1 3.35751309e-07 0 1 3.35751309e-07 0 1 3.35751309e-07 0 1 0 0 1 0 0 1 0 0 1 0 0 0.99999994 0 0 0.99999994 0 0 0.99999994 0 0 1 0 0 1 0 0 1 -3.35750599e-07 0 1 -3.35750599e-07 0 1 -3.35750599e-07 0 1 0 0 1 0 0 1 0 0 1 -3.35752048e-07 0 1 -3.35752048e-07 0 1 -3.35752048e-07 0 1 0 0 1 0 0 1 0 0 1 0 0 1 0 0 1 0 0 1 0 0 1 0 0 1 0 0 1 -3.35749036e-07 0 0.99999994 -3.35749036e-07 0 0.99999994 -3.35749036e-07 0 0.99999994 -3.58271421e-08 0 1 -3.58271421e-08 0 1 -3.58271421e-08 0 1 0 0 1 0 0 1 0 0 1 0 0 1 0 0 1 0 0 1 -3.3575057e-07 0 1 -3.3575057e-07 0 1 -3.3575057e-07 0 1 0 0 1 0 0 1 0 0 1 -3.35748609e-07 0 1 -3.35748609e-07 0 1 -3.35748609e-07 0 1 1.31024422e-06 0 1 1.31024422e-06 0 1 1.31024422e-06 0 1 0 0 1 0 0 1 0 0 1 0 0 1 0 0 1 0 0 1 -1.67874973e-07 0 1 -1.67874973e-07 0 1 -1.67874973e-07 0 1 0 0 1 0 0 1 0 0 1 1.67876067e-07 0 0.99999994 1.67876067e-07 0 0.99999994 1.67876067e-07 0 0.99999994 0 0 1 0 0 1 0 0 1 -1.00724617e-06 0 1 -1.00724617e-06 0 1 -1.00724617e-06 0 1 -0.996194541 -0.0871573836 -4.52930138e-09 -0.996194541 -0.0871573836 -4.52930138e-09 -0.996194541 -0.0871573836 -4.52930138e-09 -0.996193886 -0.087165691 -3.39697293e-09 -0.996193886 -0.087165691 -3.39697293e-09 -0.996193886 -0.087165691 -3.39697293e-09 -0.965925217 -0.25882116 -9.05867115e-09 -0.965925217 -0.25882116 -9.05867115e-09 -0.965925217 -0.25882116 -9.05867115e-09 -0.96592778 -0.258811742 -9.0586969e-09 -0.96592778 -0.258811742 -9.0586969e-09 -0.96592778 -0.258811742 -9.0586969e-09 -0.906308532 -0.42261672 -3.62345602e-08 -0.906308532 -0.42261672 -3.62345602e-08 -0.906308532 -0.42261672 -3.62345602e-08 -0.906308889 -0.422616005 -3.62345709e-08 -0.906308889 -0.422616005 -3.62345709e-08 -0.906308889 -0.422616005 -3.62345709e-08 -0.819153368 -0.573574483 -7.24690423e-08 -0.819153368 -0.573574483 -7.24690423e-08 -0.819153368 -0.573574483 -7.24690423e-08 -0.819149435 -0.573580146 -3.623434e-08 -0.819149435 -0.573580146 -3.623434e-08 -0.819149435 -0.573580146 -3.623434e-08 -0.707107842 -0.707105756 0 -0.707107842 -0.707105756 0 -0.707107842 -0.707105756 0 -0.707108259 -0.707105398 -7.24693479e-08 -0.707108259 -0.707105398 -7.24693479e-08 -0.707108259 -0.707105398 -7.24693479e-08 -0.573579311 -0.81915009 -7.24691986e-08 -0.573579311 -0.81915009 -7.24691986e-08 -0.573579311 -0.81915009 -7.24691986e-08 -0.573575258 -0.819152892 0 -0.573575258 -0.819152892 0 -0.573575258 -0.819152892 0 -0.422611028 -0.906311095 -1.44938909e-07 -0.422611028 -0.906311095 -1.44938909e-07 -0.422611028 -0.906311095 -1.44938909e-07 -0.422611266 -0.906311095 0 -0.422611266 -0.906311095 0 -0.422611266 -0.906311095 0 -0.258826375 -0.965923905 0 -0.258826375 -0.965923905 0 -0.258826375 -0.965923905 0 -0.258826762 -0.965923786 0 -0.258826762 -0.965923786 0 -0.258826762 -0.965923786 0 -0.0871548727 -0.99619478 0 -0.0871548727 -0.99619478 0 -0.0871548727 -0.99619478 0 -0.0871540755 -0.99619478 0 -0.0871540755 -0.99619478 0 -0.0871540755 -0.99619478 0 0.0871540681 -0.996194839 0 0.0871540681 -0.996194839 0 0.0871540681 -0.996194839 0 0.0871548727 -0.99619472 0 0.0871548727 -0.99619472 0 0.0871548727 -0.99619472 0 0.258826375 -0.965923905 0 0.258826375 -0.965923905 0 0.258826375 -0.965923905 0 0.258824289 -0.965924382 0 0.258824289 -0.965924382 0 0.258824289 -0.965924382 0 0.422614604 -0.906309545 -1.44940145e-07 0.422614604 -0.906309545 -1.44940145e-07 0.422614604 -0.906309545 -1.44940145e-07 0.422607362 -0.906312943 0 0.422607362 -0.906312943 0 0.422607362 -0.906312943 0 0.573579311 -0.81915009 -7.24691986e-08 0.573579311 -0.81915009 -7.24691986e-08 0.573579311 -0.81915009 -7.24691986e-08 0.573574662 -0.819153249 0 0.573574662 -0.819153249 0 0.573574662 -0.819153249 0 0.707107842 -0.707105637 0 0.707107842 -0.707105637 0 0.707107842 -0.707105637 0 0.707102895 -0.707110643 -7.24687936e-08 0.707102895 -0.707110643 -7.24687936e-08 0.707102895 -0.707110643 -7.24687936e-08 0.819153428 -0.573574424 -3.62345176e-08 0.819153428 -0.573574424 -3.62345176e-08 0.819153428 -0.573574424 -3.62345176e-08 0.819161713 -0.573562503 -7.24697671e-08 0.819161713 -0.573562503 -7.24697671e-08 0.819161713 -0.573562503 -7.24697671e-08 0.906304955 -0.42262429 0 0.906304955 -0.42262429 0 0.906304955 -0.42262429 0 0.906304657 -0.422625065 -3.62344004e-08 0.906304657 -0.422625065 -3.62344004e-08 0.906304657 -0.422625065 -3.62344004e-08 0.965922952 -0.258829832 -9.05864983e-09 0.965922952 -0.258829832 -9.05864983e-09 0.965922952 -0.258829832 -9.05864983e-09 0.965927303 -0.2588135 -9.05869246e-09 0.965927303 -0.2588135 -9.05869246e-09 0.965927303 -0.2588135 -9.05869246e-09 0.996195436 -0.0871481821 -3.39697914e-09 0.996195436 -0.0871481821 -3.39697914e-09 0.996195436 -0.0871481821 -3.39697914e-09 0.996194422 -0.0871583968 -4.52930005e-09 0.996194422 -0.0871583968 -4.52930005e-09 0.996194422 -0.0871583968 -4.52930005e-09 0.996194482 0.0871573687 4.52930049e-09 0.996194482 0.0871573687 4.52930049e-09 0.996194482 0.0871573687 4.52930049e-09 0.996195495 0.087147139 3.39697914e-09 0.996195495 0.087147139 3.39697914e-09 0.996195495 0.087147139 3.39697914e-09 0.965927422 0.258812606 0 0.965927422 0.258812606 0 0.965927422 0.258812606 0 0.965923131 0.258828908 9.05865338e-09 0.965923131 0.258828908 9.05865338e-09 0.965923131 0.258828908 9.05865338e-09 0.906304955 0.422624171 0 0.906304955 0.422624171 0 0.906304955 0.422624171 0 0.906305373 0.422623426 3.62344217e-08 0.906305373 0.422623426 3.62344217e-08 0.906305373 0.422623426 3.62344217e-08 0.819162011 0.573562205 7.2469831e-08 0.819162011 0.573562205 7.2469831e-08 0.819162011 0.573562205 7.2469831e-08 0.819153666 0.573574066 0 0.819153666 0.573574066 0 0.819153666 0.573574066 0 0.707103431 0.707110107 0 0.707103431 0.707110107 0 0.707103431 0.707110107 0 0.707108378 0.70710516 0 0.707108378 0.70710516 0 0.707108378 0.70710516 0 0.573574722 0.819153309 7.24686657e-08 0.573574722 0.819153309 7.24686657e-08 0.573574722 0.819153309 7.24686657e-08 0.573579371 0.81915009 1.44938497e-07 0.573579371 0.81915009 1.44938497e-07 0.573579371 0.81915009 1.44938497e-07 0.42261681 0.906308472 0 0.42261681 0.906308472 0 0.42261681 0.906308472 0 0.422624052 0.906305075 0 0.422624052 0.906305075 0 0.422624052 0.906305075 0 0.258814394 0.965927005 0 0.258814394 0.965927005 0 0.258814394 0.965927005 0 0.258816481 0.965926528 0 0.258816481 0.965926528 0 0.258816481 0.965926528 0 0.0871542096 0.996194839 0 0.0871542096 0.996194839 0 0.0871542096 0.996194839 0 0.0871533975 0.996194899 0 0.0871533975 0.996194899 0 0.0871533975 0.996194899 0 -0.0871533975 0.996194839 0 -0.0871533975 0.996194839 0 -0.0871533975 0.996194839 0 -0.0871541947 0.996194839 0 -0.0871541947 0.996194839 0 -0.0871541947 0.996194839 0 -0.258816719 0.965926468 0 -0.258816719 0.965926468 0 -0.258816719 0.965926468 0 -0.258816332 0.965926468 0 -0.258816332 0.965926468 0 -0.258816332 0.965926468 0 -0.422620416 0.906306744 0 -0.422620416 0.906306744 0 -0.422620416 0.906306744 0 -0.422620207 0.906306863 0 -0.422620207 0.906306863 0 -0.422620207 0.906306863 0 -0.573574781 0.819153249 7.24686586e-08 -0.573574781 0.819153249 7.24686586e-08 -0.573574781 0.819153249 7.24686586e-08 -0.573578835 0.819150448 1.44938369e-07 -0.573578835 0.819150448 1.44938369e-07 -0.573578835 0.819150448 1.44938369e-07 -0.707108021 0.707105458 0 -0.707108021 0.707105458 0 -0.707108021 0.707105458 0 -0.707107663 0.707105935 0 -0.707107663 0.707105935 0 -0.707107663 0.707105935 0 -0.819148898 0.573580921 7.24686799e-08 -0.819148898 0.573580921 7.24686799e-08 -0.819148898 0.573580921 7.24686799e-08 -0.819152951 0.573575199 0 -0.819152951 0.573575199 0 -0.819152951 0.573575199 0 -0.906308651 0.422616631 0 -0.906308651 0.422616631 0 -0.906308651 0.422616631 0 -0.906308234 0.422617316 3.62345389e-08 -0.906308234 0.422617316 3.62345389e-08 -0.906308234 0.422617316 3.62345389e-08 -0.965927422 0.258812606 0 -0.965927422 0.258812606 0 -0.965927422 0.258812606 0 -0.965925038 0.258822024 9.05867115e-09 -0.965925038 0.258822024 9.05867115e-09 -0.965925038 0.258822024 9.05867115e-09 -0.996193707 0.0871665701 3.3969727e-09 -0.996193707 0.0871665701 3.3969727e-09 -0.996193707 0.0871665701 3.3969727e-09 -0.996194482 0.0871582553 4.52930049e-09 -0.996194482 0.0871582553 4.52930049e-09 -0.996194482 0.0871582553 4.52930049e-09 0 0 1 0 0 1 0 0 1 0 0 1 0 0 1 0 0 1 0 0 1 0 0 1 0 0 1 0 0 1 0 0 1 0 0 1 0 0 1 0 0 1 0 0 1 3.35749604e-07 0 1 3.35749604e-07 0 1 3.35749604e-07 0 1 1.84245479e-07 0 1 1.84245479e-07 0 1 1.84245479e-07 0 1 0 0 1 0 0 1 0 0 1 0 0 1 0 0 1 0 0 1 -3.35759751e-07 0 1 -3.35759751e-07 0 1 -3.35759751e-07 0 1 6.5509505e-07 0 1 6.5509505e-07 0 1 6.5509505e-07 0 1 0 0 1 0 0 1 0 0 1 0 0 1 0 0 1 0 0 1 0 0 0.99999994 0 0 0.99999994 0 0 0.99999994 0 0 1 0 0 1 0 0 1 5.03627462e-07 0 1 5.03627462e-07 0 1 5.03627462e-07 0 1 0 0 1 0 0 1 0 0 1 5.03628826e-07 0 0.99999994 5.03628826e-07 0 0.99999994 5.03628826e-07 0 0.99999994 0 0 1 0 0 1 0 0 1 -8.39385848e-07 0 1 -8.39385848e-07 0 1 -8.39385848e-07 0 1 2.62051753e-06 0 1 2.62051753e-06 0 1 2.62051753e-06 0 1 8.39372305e-08 0 0.99999994 8.39372305e-08 0 0.99999994 8.39372305e-08 0 0.99999994 -2.62047638e-06 0 1 -2.62047638e-06 0 1 -2.62047638e-06 0 1 -8.39372305e-08 0 0.99999994 -8.39372305e-08 0 0.99999994 -8.39372305e-08 0 0.99999994 0 0 1 0 0 1 0 0 1 8.393813e-07 0 0.99999994 8.393813e-07 0 0.99999994 8.393813e-07 0 0.99999994 -2.62046274e-06 0 1 -2.62046274e-06 0 1 -2.62046274e-06 0 1 8.39367829e-07 0 1 8.39367829e-07 0 1 8.39367829e-07 0 1 0 0 1 0 0 1 0 0 1 -5.03628826e-07 0 0.99999994 -5.03628826e-07 0 0.99999994 -5.03628826e-07 0 0.99999994 0 0 1 0 0 1 0 0 1 0 0 1 0 0 1 0 0 1 0 0 1 0 0 1 0 0 1 -3.35748922e-07 0 0.99999994 -3.35748922e-07 0 0.99999994 -3.35748922e-07 0 0.99999994 0 0 1 0 0 1 0 0 1 0 0 1 0 0 1 0 0 1 0 0 1 0 0 1 0 0 1 0 0 1 0 0 1 0 0 1 -6.55150018e-07 0 1 -6.55150018e-07 0 1 -6.55150018e-07 0 1 0 0 1 0 0 1 0 0 1 0 0 1 0 0 1 0 0 1 0 0 1 0 0 1 0 0 1 -5.11825204e-09 0 1 -5.11825204e-09 0 1 -5.11825204e-09 0 1 0 0 1 0 0 1 0 0 1 0 0 1 0 0 1 0 0 1 3.3575526e-07 0 1 3.3575526e-07 0 1 3.3575526e-07 0 1 -6.55108806e-07 0 1 -6.55108806e-07 0 1 -6.55108806e-07 0 1 0 -6.51062066e-07 1 0 -6.51062066e-07 1 0 -6.51062066e-07 1 0 -1.69500751e-07 1 0 -1.69500751e-07 1 0 -1.69500751e-07 1 3.3575165e-07 -1.69505157e-07 1 3.3575165e-07 -1.69505157e-07 1 3.3575165e-07 -1.69505157e-07 1 -1.31024512e-06 -1.96365392e-07 1 -1.31024512e-06 -1.96365392e-07 1 -1.31024512e-06 -1.96365392e-07 1 0 -1.96366514e-07 1 0 -1.96366514e-07 1 0 -1.96366514e-07 1 0 -2.17257352e-07 1 0 -2.17257352e-07 1 0 -2.17257352e-07 1 6.71503301e-07 -2.17257366e-07 1 6.71503301e-07 -2.17257366e-07 1 6.71503301e-07 -2.17257366e-07 1 0 -2.3154216e-07 1 0 -2.3154216e-07 1 0 -2.3154216e-07 1 -6.71512282e-07 -2.31550715e-07 1 -6.71512282e-07 -2.31550715e-07 1 -6.71512282e-07 -2.31550715e-07 1 0 -2.38806962e-07 1 0 -2.38806962e-07 1 0 -2.38806962e-07 1 -1.25905842e-07 -2.3880358e-07 0.99999994 -1.25905842e-07 -2.3880358e-07 0.99999994 -1.25905842e-07 -2.3880358e-07 0.99999994 0 -2.38803182e-07 1 0 -2.38803182e-07 1 0 -2.38803182e-07 1 1.25906524e-07 -2.38804887e-07 1 1.25906524e-07 -2.38804887e-07 1 1.25906524e-07 -2.38804887e-07 1 0 -2.31548682e-07 0.99999994 0 -2.31548682e-07 0.99999994 0 -2.31548682e-07 0.99999994 6.71501482e-07 -2.31547034e-07 1 6.71501482e-07 -2.31547034e-07 1 6.71501482e-07 -2.31547034e-07 1 0 -2.17260606e-07 1 0 -2.17260606e-07 1 0 -2.17260606e-07 1 -6.71503301e-07 -2.17257437e-07 1 -6.71503301e-07 -2.17257437e-07 1 -6.71503301e-07 -2.17257437e-07 1 2.62049025e-06 -1.96360233e-07 1 2.62049025e-06 -1.96360233e-07 1 2.62049025e-06 -1.96360233e-07 1 0 -1.96365448e-07 0.99999994 0 -1.96365448e-07 0.99999994 0 -1.96365448e-07 0.99999994 -2.62049025e-06 -1.69505753e-07 1 -2.62049025e-06 -1.69505753e-07 1 -2.62049025e-06 -1.69505753e-07 1 3.3575165e-07 -1.69505157e-07 1 3.3575165e-07 -1.69505157e-07 1 3.3575165e-07 -1.69505157e-07 1 1.3101901e-06 -1.37491583e-07 1 1.3101901e-06 -1.37491583e-07 1 1.3101901e-06 -1.37491583e-07 1 -3.35749831e-07 -5.80598282e-07 1 -3.35749831e-07 -5.80598282e-07 1 -3.35749831e-07 -5.80598282e-07 1 0 0 1 0 0 1 0 0 1 0 0 1 0 0 1 0 0 1 0.0871642083 -0.996193886 0 0.0871642083 -0.996193886 0 0.0871642083 -0.996193886 0 0.0871642008 -0.996193886 0 0.0871642008 -0.996193886 0 0.0871642008 -0.996193886 0 0.258808285 -0.965928793 0 0.258808285 -0.965928793 0 0.258808285 -0.965928793 0 0.258808255 -0.965928793 0 0.258808255 -0.965928793 0 0.258808255 -0.965928793 0 0.422628701 -0.906302989 0 0.422628701 -0.906302989 0 0.422628701 -0.906302989 0 0.42262879 -0.906302989 0 0.42262879 -0.906302989 0 0.42262879 -0.906302989 0 0.573567271 -0.819158494 0 0.573567271 -0.819158494 0 0.573567271 -0.819158494 0 0.573567271 -0.819158494 0 0.573567271 -0.819158494 0 0.573567271 -0.819158494 0 0.707106113 -0.707107484 0 0.707106113 -0.707107484 0 0.707106113 -0.707107484 0 0.707106292 -0.707107246 0 0.707106292 -0.707107246 0 0.707106292 -0.707107246 0 0.819153011 -0.57357502 0 0.819153011 -0.57357502 0 0.819153011 -0.57357502 0 0.819153309 -0.573574603 0 0.819153309 -0.573574603 0 0.819153309 -0.573574603 0 0.90630877 -0.422616094 0 0.90630877 -0.422616094 0 0.90630877 -0.422616094 0 0.90630877 -0.422616094 0 0.90630877 -0.422616094 0 0.90630877 -0.422616094 0 0.965924561 -0.258823782 0 0.965924561 -0.258823782 0 0.965924561 -0.258823782 0 0.965924561 -0.258823842 0 0.965924561 -0.258823842 0 0.965924561 -0.258823842 0 0.99619478 -0.0871548951 0 0.99619478 -0.0871548951 0 0.99619478 -0.0871548951 0 0.996194839 -0.0871538073 0 0.996194839 -0.0871538073 0 0.996194839 -0.0871538073 0 0.99619478 0.0871542096 0 0.99619478 0.0871542096 0 0.99619478 0.0871542096 0 0.99619472 0.087155275 0 0.99619472 0.087155275 0 0.99619472 0.087155275 0 0.965924561 0.258823782 0 0.965924561 0.258823782 0 0.965924561 0.258823782 0 0.965924561 0.258823693 0 0.965924561 0.258823693 0 0.965924561 0.258823693 0 0.906309783 0.422614068 0 0.906309783 0.422614068 0 0.906309783 0.422614068 0 0.906309783 0.422613949 0 0.906309783 0.422613949 0 0.906309783 0.422613949 0 0.819151044 0.573577881 0 0.819151044 0.573577881 0 0.819151044 0.573577881 0 0.819151402 0.573577523 0 0.819151402 0.573577523 0 0.819151402 0.573577523 0 0.707106352 0.707107186 0 0.707106352 0.707107186 0 0.707106352 0.707107186 0 0.707106113 0.707107425 0 0.707106113 0.707107425 0 0.707106113 0.707107425 0 0.573570848 0.819155991 0 0.573570848 0.819155991 0 0.573570848 0.819155991 0 0.573570848 0.819155931 0 0.573570848 0.819155931 0 0.573570848 0.819155931 0 0.42262882 0.906302989 0 0.42262882 0.906302989 0 0.42262882 0.906302989 0 0.422628701 0.906302989 0 0.422628701 0.906302989 0 0.422628701 0.906302989 0 0.258808255 0.965928674 0 0.258808255 0.965928674 0 0.258808255 0.965928674 0 0.258808285 0.965928793 0 0.258808285 0.965928793 0 0.258808285 0.965928793 0 0.0871642083 0.996193886 0 0.0871642083 0.996193886 0 0.0871642083 0.996193886 0 0.0871642083 0.996193886 0 0.0871642083 0.996193886 0 0.0871642083 0.996193886 0 -0.0871642083 0.996193886 0 -0.0871642083 0.996193886 0 -0.0871642083 0.996193886 0 -0.0871642083 0.996193886 0 -0.0871642083 0.996193886 0 -0.0871642083 0.996193886 0 -0.258808345 0.965928674 0 -0.258808345 0.965928674 0 -0.258808345 0.965928674 0 -0.258808285 0.965928793 0 -0.258808285 0.965928793 0 -0.258808285 0.965928793 0 -0.42262882 0.906302989 0 -0.42262882 0.906302989 0 -0.42262882 0.906302989 0 -0.42262882 0.906302989 0 -0.42262882 0.906302989 0 -0.42262882 0.906302989 0 -0.573570549 0.81915617 0 -0.573570549 0.81915617 0 -0.573570549 0.81915617 0 -0.573570549 0.81915611 0 -0.573570549 0.81915611 0 -0.573570549 0.81915611 0 -0.707106352 0.707107186 0 -0.707106352 0.707107186 0 -0.707106352 0.707107186 0 -0.707106709 0.707106888 0 -0.707106709 0.707106888 0 -0.707106709 0.707106888 0 -0.819151044 0.573577881 0 -0.819151044 0.573577881 0 -0.819151044 0.573577881 0 -0.819150746 0.573578238 0 -0.819150746 0.573578238 0 -0.819150746 0.573578238 0 -0.90630579 0.422622651 0 -0.90630579 0.422622651 0 -0.90630579 0.422622651 0 -0.90630579 0.422622532 0 -0.90630579 0.422622532 0 -0.90630579 0.422622532 0 -0.965927482 0.258812994 0 -0.965927482 0.258812994 0 -0.965927482 0.258812994 0 -0.965927184 0.258813977 0 -0.965927184 0.258813977 0 -0.965927184 0.258813977 0 -0.99619472 0.0871553645 0 -0.99619472 0.0871553645 0 -0.99619472 0.0871553645 0 -0.996194839 0.0871541202 0 -0.996194839 0.0871541202 0 -0.996194839 0.0871541202 0 -0.99619478 -0.0871537328 0 -0.99619478 -0.0871537328 0 -0.99619478 -0.0871537328 0 -0.996194839 -0.0871549621 0 -0.996194839 -0.0871549621 0 -0.996194839 -0.0871549621 0 -0.965927184 -0.258814067 0 -0.965927184 -0.258814067 0 -0.965927184 -0.258814067 0 -0.965927482 -0.258813024 0 -0.965927482 -0.258813024 0 -0.965927482 -0.258813024 0 -0.906304777 -0.422624677 0 -0.906304777 -0.422624677 0 -0.906304777 -0.422624677 0 -0.906304777 -0.422624677 0 -0.906304777 -0.422624677 0 -0.906304777 -0.422624677 0 -0.819152713 -0.573575437 0 -0.819152713 -0.573575437 0 -0.819152713 -0.573575437 0 -0.81915307 -0.57357502 0 -0.81915307 -0.57357502 0 -0.81915307 -0.57357502 0 -0.70710665 -0.707106888 0 -0.70710665 -0.707106888 0 -0.70710665 -0.707106888 0 -0.707106292 -0.707107246 0 -0.707106292 -0.707107246 0 -0.707106292 -0.707107246 0 -0.573566973 -0.819158673 0 -0.573566973 -0.819158673 0 -0.573566973 -0.819158673 0 -0.573566973 -0.819158673 0 -0.573566973 -0.819158673 0 -0.573566973 -0.819158673 0 -0.42262882 -0.906302989 0 -0.42262882 -0.906302989 0 -0.42262882 -0.906302989 0 -0.42262879 -0.906302989 0 -0.42262879 -0.906302989 0 -0.42262879 -0.906302989 0 -0.258808285 -0.965928793 0 -0.258808285 -0.965928793 0 -0.258808285 -0.965928793 0 -0.258808345 -0.965928793 0 -0.258808345 -0.965928793 0 -0.258808345 -0.965928793 0 -0.0871642083 -0.996193886 0 -0.0871642083 -0.996193886 0 -0.0871642083 -0.996193886 0 -0.0871642008 -0.996193886 0 -0.0871642008 -0.996193886 0 -0.0871642008 -0.996193886 0 0 0 1 0 0 1 0 0 1 1.67876777e-07 0 1 1.67876777e-07 0 1 1.67876777e-07 0 1 0 0 1 0 0 1 0 0 1 -1.00724003e-06 0 1 -1.00724003e-06 0 1 -1.00724003e-06 0 1 2.62054346e-06 0 1 2.62054346e-06 0 1 2.62054346e-06 0 1 -1.04921685e-06 0 1 -1.04921685e-06 0 1 -1.04921685e-06 0 1 0 0 1 0 0 1 0 0 1 -2.93779038e-07 0 1 -2.93779038e-07 0 1 -2.93779038e-07 0 1 2.62044864e-06 0 0.99999994 2.62044864e-06 0 0.99999994 2.62044864e-06 0 0.99999994 -3.35747472e-07 0 1 -3.35747472e-07 0 1 -3.35747472e-07 0 1 -2.62052026e-06 0 1 -2.62052026e-06 0 1 -2.62052026e-06 0 1 5.03632691e-07 0 1 5.03632691e-07 0 1 5.03632691e-07 0 1 2.62042659e-06 0 1 2.62042659e-06 0 1 2.62042659e-06 0 1 -5.03622459e-07 0 1 -5.03622459e-07 0 1 -5.03622459e-07 0 1 0 0 1 0 0 1 0 0 1 0 0 1 0 0 1 0 0 1 1.31023046e-06 0 1 1.31023046e-06 0 1 1.31023046e-06 0 1 -3.35752986e-07 0 1 -3.35752986e-07 0 1 -3.35752986e-07 0 1 0 0 1 0 0 1 0 0 1 6.71492842e-07 0 1 6.71492842e-07 0 1 6.71492842e-07 0 1 0 0 1 0 0 1 0 0 1 -3.35754748e-07 0 1 -3.35754748e-07 0 1 -3.35754748e-07 0 1 6.55124552e-07 0 0.99999994 6.55124552e-07 0 0.99999994 6.55124552e-07 0 0.99999994 0 0 1 0 0 1 0 0 1 0 0 1 0 0 1 0 0 1 0 0 1 0 0 1 0 0 1 3.58270853e-08 0 1 3.58270853e-08 0 1 3.58270853e-08 0 1 0 0 1 0 0 1 0 0 1 0 0 1 0 0 1 0 0 1 0 0 1 0 0 1 0 0 1 -6.55113524e-07 0 1 -6.55113524e-07 0 1 -6.55113524e-07 0 1 0 0 1 0 0 1 0 0 1 1.31027514e-06 0 1 1.31027514e-06 0 1 1.31027514e-06 0 1 -3.35750855e-07 0 1 -3.35750855e-07 0 1 -3.35750855e-07 0 1 0 0 1 0 0 1 0 0 1 -3.35748211e-07 0 1 -3.35748211e-07 0 1 -3.35748211e-07 0 1 1.31025877e-06 0 1 1.31025877e-06 0 1 1.31025877e-06 0 1 -5.03629281e-07 0 1 -5.03629281e-07 0 1 -5.03629281e-07 0 1 0 0 1 0 0 1 0 0 1 5.87559498e-07 0 1 5.87559498e-07 0 1 5.87559498e-07 0 1 0 0 1 0 0 1 0 0 1 1.25905842e-07 0 0.99999994 1.25905842e-07 0 0.99999994 1.25905842e-07 0 0.99999994 0 0 1 0 0 1 0 0 1 -1.25906482e-07 0 1 -1.25906482e-07 0 1 -1.25906482e-07 0 1 0 0 0.99999994 0 0 0.99999994 0 0 0.99999994 -5.87558077e-07 0 1 -5.87558077e-07 0 1 -5.87558077e-07 0 1 0 0 1 0 0 1 0 0 1 5.0362712e-07 0 1 5.0362712e-07 0 1 5.0362712e-07 0 1 0 0 1 0 0 1 0 0 1 3.35749718e-07 0 1 3.35749718e-07 0 1 3.35749718e-07 0 1 0 0 1 0 0 1 0 0 1 3.35750855e-07 0 1 3.35750855e-07 0 1 3.35750855e-07 0 1 0 0 1 0 0 1 0 0 1 0 0 1 0 0 1 0 0 1 0 0 1 0 0 1 0 0 1 -3.35749263e-07 0 0.99999994 -3.35749263e-07 0 0.99999994 -3.35749263e-07 0 0.99999994 0 0 1 0 0 1 0 0 1 -3.35754834e-07 0 1 -3.35754834e-07 0 1 -3.35754834e-07 0 1 0 0 1 0 0 1 0 0 1 0 0 1 0 0 1 0 0 1 0 0 1 0 0 1 0 0 1 -3.35750286e-07 0 1 -3.35750286e-07 0 1 -3.35750286e-07 0 1 -3.58274121e-08 0 1 -3.58274121e-08 0 1 -3.58274121e-08 0 1 0 0 1 0 0 1 0 0 1 0 0 1 0 0 1 0 0 1 -3.35747785e-07 0 1 -3.35747785e-07 0 1 -3.35747785e-07 0 1 0 0 0.99999994 0 0 0.99999994 0 0 0.99999994 -3.35750286e-07 0 1 -3.35750286e-07 0 1 -3.35750286e-07 0 1 1.31025104e-06 0 0.99999994 1.31025104e-06 0 0.99999994 1.31025104e-06 0 0.99999994 0 0 1 0 0 1 0 0 1 0 0 1 0 0 1 0 0 1 -1.67874632e-07 0 0.99999994 -1.67874632e-07 0 0.99999994 -1.67874632e-07 0 0.99999994 0.996193707 0.0871665701 4.52929694e-09 0.996193707 0.0871665701 4.52929694e-09 0.996193707 0.0871665701 4.52929694e-09 0.996193647 0.0871674642 3.3969727e-09 0.996193647 0.0871674642 3.3969727e-09 0.996193647 0.0871674642 3.3969727e-09 0.965929925 0.258803993 0 0.965929925 0.258803993 0 0.965929925 0.258803993 0 0.965929687 0.258804739 9.05871467e-09 0.965929687 0.258804739 9.05871467e-09 0.965929687 0.258804739 9.05871467e-09 0.906304955 0.422624171 0 0.906304955 0.422624171 0 0.906304955 0.422624171 0 0.906301081 0.422632515 3.62342512e-08 0.906301081 0.422632515 3.62342512e-08 0.906301081 0.422632515 3.62342512e-08 0.81915766 0.573568404 7.24694473e-08 0.81915766 0.573568404 7.24694473e-08 0.81915766 0.573568404 7.24694473e-08 0.819152951 0.573575139 0 0.819152951 0.573575139 0 0.819152951 0.573575139 0 0.707108021 0.707105398 0 0.707108021 0.707105398 0 0.707108021 0.707105398 0 0.707107723 0.707105935 0 0.707107723 0.707105935 0 0.707107723 0.707105935 0 0.573574722 0.819153309 7.24686657e-08 0.573574722 0.819153309 7.24686657e-08 0.573574722 0.819153309 7.24686657e-08 0.573574483 0.819153428 1.4493726e-07 0.573574483 0.819153428 1.4493726e-07 0.573574483 0.819153428 1.4493726e-07 0.422627449 0.906303465 0 0.422627449 0.906303465 0 0.422627449 0.906303465 0 0.422623783 0.906305194 0 0.422623783 0.906305194 0 0.422623783 0.906305194 0 0.258814394 0.965927005 0 0.258814394 0.965927005 0 0.258814394 0.965927005 0 0.258814037 0.965927243 0 0.258814037 0.965927243 0 0.258814037 0.965927243 0 0.0871533975 0.996194839 0 0.0871533975 0.996194839 0 0.0871533975 0.996194839 0 0.08715339 0.996194959 0 0.08715339 0.996194959 0 0.08715339 0.996194959 0 -0.0871533975 0.996194839 0 -0.0871533975 0.996194839 0 -0.0871533975 0.996194839 0 -0.0871542096 0.996194899 0 -0.0871542096 0.996194899 0 -0.0871542096 0.996194899 0 -0.258816719 0.965926468 0 -0.258816719 0.965926468 0 -0.258816719 0.965926468 0 -0.258811831 0.96592778 0 -0.258811831 0.96592778 0 -0.258811831 0.96592778 0 -0.422623962 0.906305134 0 -0.422623962 0.906305134 0 -0.422623962 0.906305134 0 -0.422624052 0.906305075 0 -0.422624052 0.906305075 0 -0.422624052 0.906305075 0 -0.573574781 0.819153249 7.24686586e-08 -0.573574781 0.819153249 7.24686586e-08 -0.573574781 0.819153249 7.24686586e-08 -0.573579371 0.81915009 1.44938497e-07 -0.573579371 0.81915009 1.44938497e-07 -0.573579371 0.81915009 1.44938497e-07 -0.707108021 0.707105458 0 -0.707108021 0.707105458 0 -0.707108021 0.707105458 0 -0.707108378 0.707105219 0 -0.707108378 0.707105219 0 -0.707108378 0.707105219 0 -0.8191576 0.573568404 7.24694473e-08 -0.8191576 0.573568404 7.24694473e-08 -0.8191576 0.573568404 7.24694473e-08 -0.819153726 0.573574185 0 -0.819153726 0.573574185 0 -0.819153726 0.573574185 0 -0.906305015 0.422624201 0 -0.906305015 0.422624201 0 -0.906305015 0.422624201 0 -0.906301737 0.422631055 3.62342796e-08 -0.906301737 0.422631055 3.62342796e-08 -0.906301737 0.422631055 3.62342796e-08 -0.965929925 0.258803993 0 -0.965929925 0.258803993 0 -0.965929925 0.258803993 0 -0.965930104 0.25880298 9.05871911e-09 -0.965930104 0.25880298 9.05871911e-09 -0.965930104 0.25880298 9.05871911e-09 -0.996193707 0.0871665701 3.3969727e-09 -0.996193707 0.0871665701 3.3969727e-09 -0.996193707 0.0871665701 3.3969727e-09 -0.996193051 0.0871747509 4.52929383e-09 -0.996193051 0.0871747509 4.52929383e-09 -0.996193051 0.0871747509 4.52929383e-09 -0.996192873 -0.0871757865 -4.52929383e-09 -0.996192873 -0.0871757865 -4.52929383e-09 -0.996192873 -0.0871757865 -4.52929383e-09 -0.996193707 -0.0871676058 -3.39697248e-09 -0.996193707 -0.0871676058 -3.39697248e-09 -0.996193707 -0.0871676058 -3.39697248e-09 -0.965929866 -0.258803844 -9.05871467e-09 -0.965929866 -0.258803844 -9.05871467e-09 -0.965929866 -0.258803844 -9.05871467e-09 -0.965929568 -0.258804858 -1.81174276e-08 -0.965929568 -0.258804858 -1.81174276e-08 -0.965929568 -0.258804858 -1.81174276e-08 -0.906301439 -0.422631949 -3.6234276e-08 -0.906301439 -0.422631949 -3.6234276e-08 -0.906301439 -0.422631949 -3.6234276e-08 -0.906304598 -0.422625065 -3.62344004e-08 -0.906304598 -0.422625065 -3.62344004e-08 -0.906304598 -0.422625065 -3.62344004e-08 -0.819153368 -0.573574483 -3.62345212e-08 -0.819153368 -0.573574483 -3.62345212e-08 -0.819153368 -0.573574483 -3.62345212e-08 -0.819157481 -0.573568821 -7.24693905e-08 -0.819157481 -0.573568821 -7.24693905e-08 -0.819157481 -0.573568821 -7.24693905e-08 -0.707107842 -0.707105756 0 -0.707107842 -0.707105756 0 -0.707107842 -0.707105756 0 -0.707107544 -0.707105994 -7.24692697e-08 -0.707107544 -0.707105994 -7.24692697e-08 -0.707107544 -0.707105994 -7.24692697e-08 -0.573579311 -0.81915009 -7.24691986e-08 -0.573579311 -0.81915009 -7.24691986e-08 -0.573579311 -0.81915009 -7.24691986e-08 -0.573574662 -0.81915319 0 -0.573574662 -0.81915319 0 -0.573574662 -0.81915319 0 -0.422614574 -0.906309485 -1.44940131e-07 -0.422614574 -0.906309485 -1.44940131e-07 -0.422614574 -0.906309485 -1.44940131e-07 -0.422614485 -0.906309545 -1.44940074e-07 -0.422614485 -0.906309545 -1.44940074e-07 -0.422614485 -0.906309545 -1.44940074e-07 -0.258821726 -0.965925097 0 -0.258821726 -0.965925097 0 -0.258821726 -0.965925097 0 -0.258826643 -0.965923786 0 -0.258826643 -0.965923786 0 -0.258826643 -0.965923786 0 -0.0871548727 -0.99619478 0 -0.0871548727 -0.99619478 0 -0.0871548727 -0.99619478 0 -0.0871540755 -0.996194959 0 -0.0871540755 -0.996194959 0 -0.0871540755 -0.996194959 0 0.0871540681 -0.996194839 0 0.0871540681 -0.996194839 0 0.0871540681 -0.996194839 0 0.0871540755 -0.99619478 0 0.0871540755 -0.99619478 0 0.0871540755 -0.99619478 0 0.25882405 -0.965924442 0 0.25882405 -0.965924442 0 0.25882405 -0.965924442 0 0.258824408 -0.965924323 0 0.258824408 -0.965924323 0 0.258824408 -0.965924323 0 0.422614604 -0.906309545 -1.44940145e-07 0.422614604 -0.906309545 -1.44940145e-07 0.422614604 -0.906309545 -1.44940145e-07 0.4226183 -0.906307757 -1.44941396e-07 0.4226183 -0.906307757 -1.44941396e-07 0.4226183 -0.906307757 -1.44941396e-07 0.573574901 -0.81915307 -7.24686444e-08 0.573574901 -0.81915307 -7.24686444e-08 0.573574901 -0.81915307 -7.24686444e-08 0.573575199 -0.819152892 0 0.573575199 -0.819152892 0 0.573575199 -0.819152892 0 0.707107842 -0.707105637 0 0.707107842 -0.707105637 0 0.707107842 -0.707105637 0 0.707108259 -0.707105398 -7.24693479e-08 0.707108259 -0.707105398 -7.24693479e-08 0.707108259 -0.707105398 -7.24693479e-08 0.819153428 -0.573574424 -3.62345176e-08 0.819153428 -0.573574424 -3.62345176e-08 0.819153428 -0.573574424 -3.62345176e-08 0.819158137 -0.573567688 -7.24694473e-08 0.819158137 -0.573567688 -7.24694473e-08 0.819158137 -0.573567688 -7.24694473e-08 0.906301379 -0.422631919 -3.62342725e-08 0.906301379 -0.422631919 -3.62342725e-08 0.906301379 -0.422631919 -3.62342725e-08 0.906305313 -0.422623575 -3.62344252e-08 0.906305313 -0.422623575 -3.62344252e-08 0.906305313 -0.422623575 -3.62344252e-08 0.965929866 -0.258803844 -9.05871467e-09 0.965929866 -0.258803844 -9.05871467e-09 0.965929866 -0.258803844 -9.05871467e-09 0.965930104 -0.258803099 -1.81174382e-08 0.965930104 -0.258803099 -1.81174382e-08 0.965930104 -0.258803099 -1.81174382e-08 0.996193767 -0.0871665925 -3.39697337e-09 0.996193767 -0.0871665925 -3.39697337e-09 0.996193767 -0.0871665925 -3.39697337e-09 0.996193826 -0.087165691 -4.52929738e-09 0.996193826 -0.087165691 -4.52929738e-09 0.996193826 -0.087165691 -4.52929738e-09 </float_array>
          <technique_common>
            <accessor count="10164" offset="0" source="#mesh_0-normals-array" stride="3">
              <param name="X" type="float" />
              <param name="Y" type="float" />
              <param name="Z" type="float" />
            </accessor>
          </technique_common>
        </source>
        <vertices id="mesh_0-vertices">
          <input semantic="POSITION" source="#mesh_0-positions" />
        </vertices>
        <polylist count="3388" material="defaultMaterial">
          <input offset="0" semantic="VERTEX" source="#mesh_0-vertices" />
          <input offset="0" semantic="NORMAL" source="#mesh_0-normals" />
          <vcount>3 3 3 3 3 3 3 3 3 3 3 3 3 3 3 3 3 3 3 3 3 3 3 3 3 3 3 3 3 3 3 3 3 3 3 3 3 3 3 3 3 3 3 3 3 3 3 3 3 3 3 3 3 3 3 3 3 3 3 3 3 3 3 3 3 3 3 3 3 3 3 3 3 3 3 3 3 3 3 3 3 3 3 3 3 3 3 3 3 3 3 3 3 3 3 3 3 3 3 3 3 3 3 3 3 3 3 3 3 3 3 3 3 3 3 3 3 3 3 3 3 3 3 3 3 3 3 3 3 3 3 3 3 3 3 3 3 3 3 3 3 3 3 3 3 3 3 3 3 3 3 3 3 3 3 3 3 3 3 3 3 3 3 3 3 3 3 3 3 3 3 3 3 3 3 3 3 3 3 3 3 3 3 3 3 3 3 3 3 3 3 3 3 3 3 3 3 3 3 3 3 3 3 3 3 3 3 3 3 3 3 3 3 3 3 3 3 3 3 3 3 3 3 3 3 3 3 3 3 3 3 3 3 3 3 3 3 3 3 3 3 3 3 3 3 3 3 3 3 3 3 3 3 3 3 3 3 3 3 3 3 3 3 3 3 3 3 3 3 3 3 3 3 3 3 3 3 3 3 3 3 3 3 3 3 3 3 3 3 3 3 3 3 3 3 3 3 3 3 3 3 3 3 3 3 3 3 3 3 3 3 3 3 3 3 3 3 3 3 3 3 3 3 3 3 3 3 3 3 3 3 3 3 3 3 3 3 3 3 3 3 3 3 3 3 3 3 3 3 3 3 3 3 3 3 3 3 3 3 3 3 3 3 3 3 3 3 3 3 3 3 3 3 3 3 3 3 3 3 3 3 3 3 3 3 3 3 3 3 3 3 3 3 3 3 3 3 3 3 3 3 3 3 3 3 3 3 3 3 3 3 3 3 3 3 3 3 3 3 3 3 3 3 3 3 3 3 3 3 3 3 3 3 3 3 3 3 3 3 3 3 3 3 3 3 3 3 3 3 3 3 3 3 3 3 3 3 3 3 3 3 3 3 3 3 3 3 3 3 3 3 3 3 3 3 3 3 3 3 3 3 3 3 3 3 3 3 3 3 3 3 3 3 3 3 3 3 3 3 3 3 3 3 3 3 3 3 3 3 3 3 3 3 3 3 3 3 3 3 3 3 3 3 3 3 3 3 3 3 3 3 3 3 3 3 3 3 3 3 3 3 3 3 3 3 3 3 3 3 3 3 3 3 3 3 3 3 3 3 3 3 3 3 3 3 3 3 3 3 3 3 3 3 3 3 3 3 3 3 3 3 3 3 3 3 3 3 3 3 3 3 3 3 3 3 3 3 3 3 3 3 3 3 3 3 3 3 3 3 3 3 3 3 3 3 3 3 3 3 3 3 3 3 3 3 3 3 3 3 3 3 3 3 3 3 3 3 3 3 3 3 3 3 3 3 3 3 3 3 3 3 3 3 3 3 3 3 3 3 3 3 3 3 3 3 3 3 3 3 3 3 3 3 3 3 3 3 3 3 3 3 3 3 3 3 3 3 3 3 3 3 3 3 3 3 3 3 3 3 3 3 3 3 3 3 3 3 3 3 3 3 3 3 3 3 3 3 3 3 3 3 3 3 3 3 3 3 3 3 3 3 3 3 3 3 3 3 3 3 3 3 3 3 3 3 3 3 3 3 3 3 3 3 3 3 3 3 3 3 3 3 3 3 3 3 3 3 3 3 3 3 3 3 3 3 3 3 3 3 3 3 3 3 3 3 3 3 3 3 3 3 3 3 3 3 3 3 3 3 3 3 3 3 3 3 3 3 3 3 3 3 3 3 3 3 3 3 3 3 3 3 3 3 3 3 3 3 3 3 3 3 3 3 3 3 3 3 3 3 3 3 3 3 3 3 3 3 3 3 3 3 3 3 3 3 3 3 3 3 3 3 3 3 3 3 3 3 3 3 3 3 3 3 3 3 3 3 3 3 3 3 3 3 3 3 3 3 3 3 3 3 3 3 3 3 3 3 3 3 3 3 3 3 3 3 3 3 3 3 3 3 3 3 3 3 3 3 3 3 3 3 3 3 3 3 3 3 3 3 3 3 3 3 3 3 3 3 3 3 3 3 3 3 3 3 3 3 3 3 3 3 3 3 3 3 3 3 3 3 3 3 3 3 3 3 3 3 3 3 3 3 3 3 3 3 3 3 3 3 3 3 3 3 3 3 3 3 3 3 3 3 3 3 3 3 3 3 3 3 3 3 3 3 3 3 3 3 3 3 3 3 3 3 3 3 3 3 3 3 3 3 3 3 3 3 3 3 3 3 3 3 3 3 3 3 3 3 3 3 3 3 3 3 3 3 3 3 3 3 3 3 3 3 3 3 3 3 3 3 3 3 3 3 3 3 3 3 3 3 3 3 3 3 3 3 3 3 3 3 3 3 3 3 3 3 3 3 3 3 3 3 3 3 3 3 3 3 3 3 3 3 3 3 3 3 3 3 3 3 3 3 3 3 3 3 3 3 3 3 3 3 3 3 3 3 3 3 3 3 3 3 3 3 3 3 3 3 3 3 3 3 3 3 3 3 3 3 3 3 3 3 3 3 3 3 3 3 3 3 3 3 3 3 3 3 3 3 3 3 3 3 3 3 3 3 3 3 3 3 3 3 3 3 3 3 3 3 3 3 3 3 3 3 3 3 3 3 3 3 3 3 3 3 3 3 3 3 3 3 3 3 3 3 3 3 3 3 3 3 3 3 3 3 3 3 3 3 3 3 3 3 3 3 3 3 3 3 3 3 3 3 3 3 3 3 3 3 3 3 3 3 3 3 3 3 3 3 3 3 3 3 3 3 3 3 3 3 3 3 3 3 3 3 3 3 3 3 3 3 3 3 3 3 3 3 3 3 3 3 3 3 3 3 3 3 3 3 3 3 3 3 3 3 3 3 3 3 3 3 3 3 3 3 3 3 3 3 3 3 3 3 3 3 3 3 3 3 3 3 3 3 3 3 3 3 3 3 3 3 3 3 3 3 3 3 3 3 3 3 3 3 3 3 3 3 3 3 3 3 3 3 3 3 3 3 3 3 3 3 3 3 3 3 3 3 3 3 3 3 3 3 3 3 3 3 3 3 3 3 3 3 3 3 3 3 3 3 3 3 3 3 3 3 3 3 3 3 3 3 3 3 3 3 3 3 3 3 3 3 3 3 3 3 3 3 3 3 3 3 3 3 3 3 3 3 3 3 3 3 3 3 3 3 3 3 3 3 3 3 3 3 3 3 3 3 3 3 3 3 3 3 3 3 3 3 3 3 3 3 3 3 3 3 3 3 3 3 3 3 3 3 3 3 3 3 3 3 3 3 3 3 3 3 3 3 3 3 3 3 3 3 3 3 3 3 3 3 3 3 3 3 3 3 3 3 3 3 3 3 3 3 3 3 3 3 3 3 3 3 3 3 3 3 3 3 3 3 3 3 3 3 3 3 3 3 3 3 3 3 3 3 3 3 3 3 3 3 3 3 3 3 3 3 3 3 3 3 3 3 3 3 3 3 3 3 3 3 3 3 3 3 3 3 3 3 3 3 3 3 3 3 3 3 3 3 3 3 3 3 3 3 3 3 3 3 3 3 3 3 3 3 3 3 3 3 3 3 3 3 3 3 3 3 3 3 3 3 3 3 3 3 3 3 3 3 3 3 3 3 3 3 3 3 3 3 3 3 3 3 3 3 3 3 3 3 3 3 3 3 3 3 3 3 3 3 3 3 3 3 3 3 3 3 3 3 3 3 3 3 3 3 3 3 3 3 3 3 3 3 3 3 3 3 3 3 3 3 3 3 3 3 3 3 3 3 3 3 3 3 3 3 3 3 3 3 3 3 3 3 3 3 3 3 3 3 3 3 3 3 3 3 3 3 3 3 3 3 3 3 3 3 3 3 3 3 3 3 3 3 3 3 3 3 3 3 3 3 3 3 3 3 3 3 3 3 3 3 3 3 3 3 3 3 3 3 3 3 3 3 3 3 3 3 3 3 3 3 3 3 3 3 3 3 3 3 3 3 3 3 3 3 3 3 3 3 3 3 3 3 3 3 3 3 3 3 3 3 3 3 3 3 3 3 3 3 3 3 3 3 3 3 3 3 3 3 3 3 3 3 3 3 3 3 3 3 3 3 3 3 3 3 3 3 3 3 3 3 3 3 3 3 3 3 3 3 3 3 3 3 3 3 3 3 3 3 3 3 3 3 3 3 3 3 3 3 3 3 3 3 3 3 3 3 3 3 3 3 3 3 3 3 3 3 3 3 3 3 3 3 3 3 3 3 3 3 3 3 3 3 3 3 3 3 3 3 3 3 3 3 3 3 3 3 3 3 3 3 3 3 3 3 3 3 3 3 3 3 3 3 3 3 3 3 3 3 3 3 3 3 3 3 3 3 3 3 3 3 3 3 3 3 3 3 3 3 3 3 3 3 3 3 3 3 3 3 3 3 3 3 3 3 3 3 3 3 3 3 3 3 3 3 3 3 3 3 3 3 3 3 3 3 3 3 3 3 3 3 3 3 3 3 3 3 3 3 3 3 3 3 3 3 3 3 3 3 3 3 3 3 3 3 3 3 3 3 3 3 3 3 3 3 3 3 3 3 3 3 3 3 3 3 3 3 3 3 3 3 3 3 3 3 3 3 3 3 3 3 3 3 3 3 3 3 3 3 3 3 3 3 3 3 3 3 3 3 3 3 3 3 3 3 3 3 3 3 3 3 3 3 3 3 3 3 3 3 3 3 3 3 3 3 3 3 3 3 3 3 3 3 3 3 3 3 3 3 3 3 3 3 3 3 3 3 3 3 3 3 3 3 3 3 3 3 3 3 3 3 3 3 3 3 3 3 3 3 3 3 3 3 3 3 3 3 3 3 3 3 3 3 3 3 3 3 3 3 3 3 3 3 3 3 3 3 3 3 3 3 3 3 3 3 3 3 3 3 3 3 3 3 3 3 3 3 3 3 3 3 3 3 3 3 3 3 3 3 3 3 3 3 3 3 3 3 3 3 3 3 3 3 3 3 3 3 3 3 3 3 3 3 3 3 3 3 3 3 3 3 3 3 3 3 3 3 3 3 3 3 3 3 3 3 3 3 3 3 3 3 3 3 3 3 3 3 3 3 3 3 3 3 3 3 3 3 3 3 3 3 3 3 3 3 3 3 3 3 3 3 3 3 3 3 3 3 3 3 3 3 3 3 3 3 3 3 3 3 3 3 3 3 3 3 3 3 3 3 3 3 3 3 3 3 3 3 3 3 3 3 3 3 3 3 3 3 3 3 3 3 3 3 3 3 3 3 3 3 3 3 3 3 3 3 3 3 3 3 3 3 3 3 3 3 3 3 3 3 3 3 3 3 3 3 3 3 3 3 3 3 3 3 3 3 3 3 3 3 3 3 3 3 3 3 3 3 3 3 3 3 3 3 3 3 3 3 3 3 3 3 3 3 3 3 3 3 3 3 3 3 3 3 3 3 3 3 3 3 3 3 3 3 3 3 3 3 3 3 3 3 3 3 3 3 3 3 3 3 3 3 3 3 3 3 3 3 3 3 3 3 3 3 3 3 3 3 3 3 3 3 3 3 3 3 3 3 3 3 3 3 3 3 3 3 3 3 3 3 3 3 3 3 3 3 3 3 3 3 3 3 3 3 3 3 3 3 3 3 3 3 3 3 3 3 3 3 3 3 3 3 3 3 3 3 3 3 3 3 3 3 3 3 3 3 3 3 3 3 3 3 3 3 3 3 3 3 3 3 3 3 3 3 3 3 3 3 3 3 3 3 3 3 3 3 3 3 3 3 3 3 3 3 3 3 3 3 3 3 3 3 3 3 3 3 3 3 3 3 3 3 3 3 3 3 3 3 3 3 3 3 3 3 3 3 3 3 3 3 3 3 3 3 3 3 3 3 3 3 3 3 3 3 3 3 3 3 3 3 3 3 3 3 3 3 3 3 3 3 3 3 3 3 3 3 3 3 3 3 3 3 3 3 3 3 3 3 3 3 3 3 3 3 3 3 3 3 3 3 3 3 3 3 3 3 3 3 3 3 3 3 3 3 3 3 3 3 3 3 3 3 3 3 3 3 3 3 3 3 3 3 3 3 3 3 3 3 3 3 3 3 3 3 3 3 3 3 3 3 3 3 3 3 3 3 3 3 3 3 3 3 3 3 3 3 3 3 3 3 3 3 3 3 3 3 3 3 3 3 3 3 3 3 3 3 3 3 3 3 3 3 3 3 3 3 3 3 3 3 3 3 3 3 3 3 3 3 3 3 3 3 3 3 3 3 3 3 3 3 3 3 3 3 3 3 3 3 3 3 3 3 3 3 3 3 3 3 3 3 3 3 3 3 3 3 3 3 3 3 3 3 3 3 3 3 3 3 3 3 3 3 3 3 3 3 3 3 3 3 3 3 3 3 3 3 3 3 3 3 3 3 3 3 3 3 3 3 3 3 3 3 3 3 3 3 3 3 3 3 3 3 3 3 3 3 3 3 3 3 3 3 3 3 3 3 3 3 3 3 3 3 3 3 3 3 3 3 3 3 3 3 3 3 3 3 3 3 3 3 3 3 3 3 3 3 3 3 3 3 3 3 3 3 3 3 3 3 3 3 3 3 3 3 3 3 3 3 3 3 3 3 3 3 3 3 3 3 3 3 3 3 3 3 3 3 3 3 3 3 3 3 3 3 3 3 3 3 3 3 3 3 3 3 3 3 3 3 3 3 3 3 3 3 3 3 3 3 3 3 3 3 3 3 3 3 3 3 3 3 3 3 3 3 3 3 3 3 3 3 3 3 3 3 3 3 3 3 3 3 3 3 3 3 3 3 3 3 3 3 3 3 3 3 3 3 3 3 3 3 3 3 3 3 3 3 3 3 3 3 3 3 3 3 3 3 3 3 3 3 3 3 3 3 3 3 3 3 3 3 3 3 3 3 3 3 3 3 3 3 3 3 3 3 3 3 3 3 3 3 3 3 3 3 3 3 3 3 3 3 3 3 3 3 3 3 3 3 3 3 3 3 3 3 3 3 3 3 3 3 3 3 3 3 3 3 3 3 3 3 3 3 3 3 3 3 3 3 3 3 3 3 3 3 3 3 3 3 3 3 3 3 3 3 3 3 3 3 3 3 3 3 3 3 3 3 3 3 3 3 3 3 3 3 3 3 3 3 3 3 3 3 3 3 3 3 3 3 3 3 3 3 3 3 3 3 3 3 3 3 3 3 3 3 3 3 3 3 3 3 3 3 3 3 3 3 3 3 3 3 3 3 3 3 3 3 3 3 3 3 3 3 3 3 3 3 3 3 3 3 3 3 3 3 3 3 3 3 3 3 3 3 3 3 3 3 3 3 3 3 3 3 3 3 3 3 3 3 3 3 3 3 3 3 3 3 3 3 3 3 3 3 3 3 3 3 3 3 3 3 3 3 3 3 3 3 3 3 3 3 3 3 3 3 3 3 3 3 3 3 3 3 3 3 3 3 3 3 3 3 3 3 3 3 3 3 3 3 3 3 3 3 3 3 3 3 3 3 3 3 3 3 3 3 3 3 3 3 3 3 3 3 3 3 3 3 3 3 3 3 3 3 3 3 3 3 3 3 3 3 3 3 3 </vcount>
          <p>0 1 2 3 4 5 6 7 8 9 10 11 12 13 14 15 16 17 18 19 20 21 22 23 24 25 26 27 28 29 30 31 32 33 34 35 36 37 38 39 40 41 42 43 44 45 46 47 48 49 50 51 52 53 54 55 56 57 58 59 60 61 62 63 64 65 66 67 68 69 70 71 72 73 74 75 76 77 78 79 80 81 82 83 84 85 86 87 88 89 90 91 92 93 94 95 96 97 98 99 100 101 102 103 104 105 106 107 108 109 110 111 112 113 114 115 116 117 118 119 120 121 122 123 124 125 126 127 128 129 130 131 132 133 134 135 136 137 138 139 140 141 142 143 144 145 146 147 148 149 150 151 152 153 154 155 156 157 158 159 160 161 162 163 164 165 166 167 168 169 170 171 172 173 174 175 176 177 178 179 180 181 182 183 184 185 186 187 188 189 190 191 192 193 194 195 196 197 198 199 200 201 202 203 204 205 206 207 208 209 210 211 212 213 214 215 216 217 218 219 220 221 222 223 224 225 226 227 228 229 230 231 232 233 234 235 236 237 238 239 240 241 242 243 244 245 246 247 248 249 250 251 252 253 254 255 256 257 258 259 260 261 262 263 264 265 266 267 268 269 270 271 272 273 274 275 276 277 278 279 280 281 282 283 284 285 286 287 288 289 290 291 292 293 294 295 296 297 298 299 300 301 302 303 304 305 306 307 308 309 310 311 312 313 314 315 316 317 318 319 320 321 322 323 324 325 326 327 328 329 330 331 332 333 334 335 336 337 338 339 340 341 342 343 344 345 346 347 348 349 350 351 352 353 354 355 356 357 358 359 360 361 362 363 364 365 366 367 368 369 370 371 372 373 374 375 376 377 378 379 380 381 382 383 384 385 386 387 388 389 390 391 392 393 394 395 396 397 398 399 400 401 402 403 404 405 406 407 408 409 410 411 412 413 414 415 416 417 418 419 420 421 422 423 424 425 426 427 428 429 430 431 432 433 434 435 436 437 438 439 440 441 442 443 444 445 446 447 448 449 450 451 452 453 454 455 456 457 458 459 460 461 462 463 464 465 466 467 468 469 470 471 472 473 474 475 476 477 478 479 480 481 482 483 484 485 486 487 488 489 490 491 492 493 494 495 496 497 498 499 500 501 502 503 504 505 506 507 508 509 510 511 512 513 514 515 516 517 518 519 520 521 522 523 524 525 526 527 528 529 530 531 532 533 534 535 536 537 538 539 540 541 542 543 544 545 546 547 548 549 550 551 552 553 554 555 556 557 558 559 560 561 562 563 564 565 566 567 568 569 570 571 572 573 574 575 576 577 578 579 580 581 582 583 584 585 586 587 588 589 590 591 592 593 594 595 596 597 598 599 600 601 602 603 604 605 606 607 608 609 610 611 612 613 614 615 616 617 618 619 620 621 622 623 624 625 626 627 628 629 630 631 632 633 634 635 636 637 638 639 640 641 642 643 644 645 646 647 648 649 650 651 652 653 654 655 656 657 658 659 660 661 662 663 664 665 666 667 668 669 670 671 672 673 674 675 676 677 678 679 680 681 682 683 684 685 686 687 688 689 690 691 692 693 694 695 696 697 698 699 700 701 702 703 704 705 706 707 708 709 710 711 712 713 714 715 716 717 718 719 720 721 722 723 724 725 726 727 728 729 730 731 732 733 734 735 736 737 738 739 740 741 742 743 744 745 746 747 748 749 750 751 752 753 754 755 756 757 758 759 760 761 762 763 764 765 766 767 768 769 770 771 772 773 774 775 776 777 778 779 780 781 782 783 784 785 786 787 788 789 790 791 792 793 794 795 796 797 798 799 800 801 802 803 804 805 806 807 808 809 810 811 812 813 814 815 816 817 818 819 820 821 822 823 824 825 826 827 828 829 830 831 832 833 834 835 836 837 838 839 840 841 842 843 844 845 846 847 848 849 850 851 852 853 854 855 856 857 858 859 860 861 862 863 864 865 866 867 868 869 870 871 872 873 874 875 876 877 878 879 880 881 882 883 884 885 886 887 888 889 890 891 892 893 894 895 896 897 898 899 900 901 902 903 904 905 906 907 908 909 910 911 912 913 914 915 916 917 918 919 920 921 922 923 924 925 926 927 928 929 930 931 932 933 934 935 936 937 938 939 940 941 942 943 944 945 946 947 948 949 950 951 952 953 954 955 956 957 958 959 960 961 962 963 964 965 966 967 968 969 970 971 972 973 974 975 976 977 978 979 980 981 982 983 984 985 986 987 988 989 990 991 992 993 994 995 996 997 998 999 1000 1001 1002 1003 1004 1005 1006 1007 1008 1009 1010 1011 1012 1013 1014 1015 1016 1017 1018 1019 1020 1021 1022 1023 1024 1025 1026 1027 1028 1029 1030 1031 1032 1033 1034 1035 1036 1037 1038 1039 1040 1041 1042 1043 1044 1045 1046 1047 1048 1049 1050 1051 1052 1053 1054 1055 1056 1057 1058 1059 1060 1061 1062 1063 1064 1065 1066 1067 1068 1069 1070 1071 1072 1073 1074 1075 1076 1077 1078 1079 1080 1081 1082 1083 1084 1085 1086 1087 1088 1089 1090 1091 1092 1093 1094 1095 1096 1097 1098 1099 1100 1101 1102 1103 1104 1105 1106 1107 1108 1109 1110 1111 1112 1113 1114 1115 1116 1117 1118 1119 1120 1121 1122 1123 1124 1125 1126 1127 1128 1129 1130 1131 1132 1133 1134 1135 1136 1137 1138 1139 1140 1141 1142 1143 1144 1145 1146 1147 1148 1149 1150 1151 1152 1153 1154 1155 1156 1157 1158 1159 1160 1161 1162 1163 1164 1165 1166 1167 1168 1169 1170 1171 1172 1173 1174 1175 1176 1177 1178 1179 1180 1181 1182 1183 1184 1185 1186 1187 1188 1189 1190 1191 1192 1193 1194 1195 1196 1197 1198 1199 1200 1201 1202 1203 1204 1205 1206 1207 1208 1209 1210 1211 1212 1213 1214 1215 1216 1217 1218 1219 1220 1221 1222 1223 1224 1225 1226 1227 1228 1229 1230 1231 1232 1233 1234 1235 1236 1237 1238 1239 1240 1241 1242 1243 1244 1245 1246 1247 1248 1249 1250 1251 1252 1253 1254 1255 1256 1257 1258 1259 1260 1261 1262 1263 1264 1265 1266 1267 1268 1269 1270 1271 1272 1273 1274 1275 1276 1277 1278 1279 1280 1281 1282 1283 1284 1285 1286 1287 1288 1289 1290 1291 1292 1293 1294 1295 1296 1297 1298 1299 1300 1301 1302 1303 1304 1305 1306 1307 1308 1309 1310 1311 1312 1313 1314 1315 1316 1317 1318 1319 1320 1321 1322 1323 1324 1325 1326 1327 1328 1329 1330 1331 1332 1333 1334 1335 1336 1337 1338 1339 1340 1341 1342 1343 1344 1345 1346 1347 1348 1349 1350 1351 1352 1353 1354 1355 1356 1357 1358 1359 1360 1361 1362 1363 1364 1365 1366 1367 1368 1369 1370 1371 1372 1373 1374 1375 1376 1377 1378 1379 1380 1381 1382 1383 1384 1385 1386 1387 1388 1389 1390 1391 1392 1393 1394 1395 1396 1397 1398 1399 1400 1401 1402 1403 1404 1405 1406 1407 1408 1409 1410 1411 1412 1413 1414 1415 1416 1417 1418 1419 1420 1421 1422 1423 1424 1425 1426 1427 1428 1429 1430 1431 1432 1433 1434 1435 1436 1437 1438 1439 1440 1441 1442 1443 1444 1445 1446 1447 1448 1449 1450 1451 1452 1453 1454 1455 1456 1457 1458 1459 1460 1461 1462 1463 1464 1465 1466 1467 1468 1469 1470 1471 1472 1473 1474 1475 1476 1477 1478 1479 1480 1481 1482 1483 1484 1485 1486 1487 1488 1489 1490 1491 1492 1493 1494 1495 1496 1497 1498 1499 1500 1501 1502 1503 1504 1505 1506 1507 1508 1509 1510 1511 1512 1513 1514 1515 1516 1517 1518 1519 1520 1521 1522 1523 1524 1525 1526 1527 1528 1529 1530 1531 1532 1533 1534 1535 1536 1537 1538 1539 1540 1541 1542 1543 1544 1545 1546 1547 1548 1549 1550 1551 1552 1553 1554 1555 1556 1557 1558 1559 1560 1561 1562 1563 1564 1565 1566 1567 1568 1569 1570 1571 1572 1573 1574 1575 1576 1577 1578 1579 1580 1581 1582 1583 1584 1585 1586 1587 1588 1589 1590 1591 1592 1593 1594 1595 1596 1597 1598 1599 1600 1601 1602 1603 1604 1605 1606 1607 1608 1609 1610 1611 1612 1613 1614 1615 1616 1617 1618 1619 1620 1621 1622 1623 1624 1625 1626 1627 1628 1629 1630 1631 1632 1633 1634 1635 1636 1637 1638 1639 1640 1641 1642 1643 1644 1645 1646 1647 1648 1649 1650 1651 1652 1653 1654 1655 1656 1657 1658 1659 1660 1661 1662 1663 1664 1665 1666 1667 1668 1669 1670 1671 1672 1673 1674 1675 1676 1677 1678 1679 1680 1681 1682 1683 1684 1685 1686 1687 1688 1689 1690 1691 1692 1693 1694 1695 1696 1697 1698 1699 1700 1701 1702 1703 1704 1705 1706 1707 1708 1709 1710 1711 1712 1713 1714 1715 1716 1717 1718 1719 1720 1721 1722 1723 1724 1725 1726 1727 1728 1729 1730 1731 1732 1733 1734 1735 1736 1737 1738 1739 1740 1741 1742 1743 1744 1745 1746 1747 1748 1749 1750 1751 1752 1753 1754 1755 1756 1757 1758 1759 1760 1761 1762 1763 1764 1765 1766 1767 1768 1769 1770 1771 1772 1773 1774 1775 1776 1777 1778 1779 1780 1781 1782 1783 1784 1785 1786 1787 1788 1789 1790 1791 1792 1793 1794 1795 1796 1797 1798 1799 1800 1801 1802 1803 1804 1805 1806 1807 1808 1809 1810 1811 1812 1813 1814 1815 1816 1817 1818 1819 1820 1821 1822 1823 1824 1825 1826 1827 1828 1829 1830 1831 1832 1833 1834 1835 1836 1837 1838 1839 1840 1841 1842 1843 1844 1845 1846 1847 1848 1849 1850 1851 1852 1853 1854 1855 1856 1857 1858 1859 1860 1861 1862 1863 1864 1865 1866 1867 1868 1869 1870 1871 1872 1873 1874 1875 1876 1877 1878 1879 1880 1881 1882 1883 1884 1885 1886 1887 1888 1889 1890 1891 1892 1893 1894 1895 1896 1897 1898 1899 1900 1901 1902 1903 1904 1905 1906 1907 1908 1909 1910 1911 1912 1913 1914 1915 1916 1917 1918 1919 1920 1921 1922 1923 1924 1925 1926 1927 1928 1929 1930 1931 1932 1933 1934 1935 1936 1937 1938 1939 1940 1941 1942 1943 1944 1945 1946 1947 1948 1949 1950 1951 1952 1953 1954 1955 1956 1957 1958 1959 1960 1961 1962 1963 1964 1965 1966 1967 1968 1969 1970 1971 1972 1973 1974 1975 1976 1977 1978 1979 1980 1981 1982 1983 1984 1985 1986 1987 1988 1989 1990 1991 1992 1993 1994 1995 1996 1997 1998 1999 2000 2001 2002 2003 2004 2005 2006 2007 2008 2009 2010 2011 2012 2013 2014 2015 2016 2017 2018 2019 2020 2021 2022 2023 2024 2025 2026 2027 2028 2029 2030 2031 2032 2033 2034 2035 2036 2037 2038 2039 2040 2041 2042 2043 2044 2045 2046 2047 2048 2049 2050 2051 2052 2053 2054 2055 2056 2057 2058 2059 2060 2061 2062 2063 2064 2065 2066 2067 2068 2069 2070 2071 2072 2073 2074 2075 2076 2077 2078 2079 2080 2081 2082 2083 2084 2085 2086 2087 2088 2089 2090 2091 2092 2093 2094 2095 2096 2097 2098 2099 2100 2101 2102 2103 2104 2105 2106 2107 2108 2109 2110 2111 2112 2113 2114 2115 2116 2117 2118 2119 2120 2121 2122 2123 2124 2125 2126 2127 2128 2129 2130 2131 2132 2133 2134 2135 2136 2137 2138 2139 2140 2141 2142 2143 2144 2145 2146 2147 2148 2149 2150 2151 2152 2153 2154 2155 2156 2157 2158 2159 2160 2161 2162 2163 2164 2165 2166 2167 2168 2169 2170 2171 2172 2173 2174 2175 2176 2177 2178 2179 2180 2181 2182 2183 2184 2185 2186 2187 2188 2189 2190 2191 2192 2193 2194 2195 2196 2197 2198 2199 2200 2201 2202 2203 2204 2205 2206 2207 2208 2209 2210 2211 2212 2213 2214 2215 2216 2217 2218 2219 2220 2221 2222 2223 2224 2225 2226 2227 2228 2229 2230 2231 2232 2233 2234 2235 2236 2237 2238 2239 2240 2241 2242 2243 2244 2245 2246 2247 2248 2249 2250 2251 2252 2253 2254 2255 2256 2257 2258 2259 2260 2261 2262 2263 2264 2265 2266 2267 2268 2269 2270 2271 2272 2273 2274 2275 2276 2277 2278 2279 2280 2281 2282 2283 2284 2285 2286 2287 2288 2289 2290 2291 2292 2293 2294 2295 2296 2297 2298 2299 2300 2301 2302 2303 2304 2305 2306 2307 2308 2309 2310 2311 2312 2313 2314 2315 2316 2317 2318 2319 2320 2321 2322 2323 2324 2325 2326 2327 2328 2329 2330 2331 2332 2333 2334 2335 2336 2337 2338 2339 2340 2341 2342 2343 2344 2345 2346 2347 2348 2349 2350 2351 2352 2353 2354 2355 2356 2357 2358 2359 2360 2361 2362 2363 2364 2365 2366 2367 2368 2369 2370 2371 2372 2373 2374 2375 2376 2377 2378 2379 2380 2381 2382 2383 2384 2385 2386 2387 2388 2389 2390 2391 2392 2393 2394 2395 2396 2397 2398 2399 2400 2401 2402 2403 2404 2405 2406 2407 2408 2409 2410 2411 2412 2413 2414 2415 2416 2417 2418 2419 2420 2421 2422 2423 2424 2425 2426 2427 2428 2429 2430 2431 2432 2433 2434 2435 2436 2437 2438 2439 2440 2441 2442 2443 2444 2445 2446 2447 2448 2449 2450 2451 2452 2453 2454 2455 2456 2457 2458 2459 2460 2461 2462 2463 2464 2465 2466 2467 2468 2469 2470 2471 2472 2473 2474 2475 2476 2477 2478 2479 2480 2481 2482 2483 2484 2485 2486 2487 2488 2489 2490 2491 2492 2493 2494 2495 2496 2497 2498 2499 2500 2501 2502 2503 2504 2505 2506 2507 2508 2509 2510 2511 2512 2513 2514 2515 2516 2517 2518 2519 2520 2521 2522 2523 2524 2525 2526 2527 2528 2529 2530 2531 2532 2533 2534 2535 2536 2537 2538 2539 2540 2541 2542 2543 2544 2545 2546 2547 2548 2549 2550 2551 2552 2553 2554 2555 2556 2557 2558 2559 2560 2561 2562 2563 2564 2565 2566 2567 2568 2569 2570 2571 2572 2573 2574 2575 2576 2577 2578 2579 2580 2581 2582 2583 2584 2585 2586 2587 2588 2589 2590 2591 2592 2593 2594 2595 2596 2597 2598 2599 2600 2601 2602 2603 2604 2605 2606 2607 2608 2609 2610 2611 2612 2613 2614 2615 2616 2617 2618 2619 2620 2621 2622 2623 2624 2625 2626 2627 2628 2629 2630 2631 2632 2633 2634 2635 2636 2637 2638 2639 2640 2641 2642 2643 2644 2645 2646 2647 2648 2649 2650 2651 2652 2653 2654 2655 2656 2657 2658 2659 2660 2661 2662 2663 2664 2665 2666 2667 2668 2669 2670 2671 2672 2673 2674 2675 2676 2677 2678 2679 2680 2681 2682 2683 2684 2685 2686 2687 2688 2689 2690 2691 2692 2693 2694 2695 2696 2697 2698 2699 2700 2701 2702 2703 2704 2705 2706 2707 2708 2709 2710 2711 2712 2713 2714 2715 2716 2717 2718 2719 2720 2721 2722 2723 2724 2725 2726 2727 2728 2729 2730 2731 2732 2733 2734 2735 2736 2737 2738 2739 2740 2741 2742 2743 2744 2745 2746 2747 2748 2749 2750 2751 2752 2753 2754 2755 2756 2757 2758 2759 2760 2761 2762 2763 2764 2765 2766 2767 2768 2769 2770 2771 2772 2773 2774 2775 2776 2777 2778 2779 2780 2781 2782 2783 2784 2785 2786 2787 2788 2789 2790 2791 2792 2793 2794 2795 2796 2797 2798 2799 2800 2801 2802 2803 2804 2805 2806 2807 2808 2809 2810 2811 2812 2813 2814 2815 2816 2817 2818 2819 2820 2821 2822 2823 2824 2825 2826 2827 2828 2829 2830 2831 2832 2833 2834 2835 2836 2837 2838 2839 2840 2841 2842 2843 2844 2845 2846 2847 2848 2849 2850 2851 2852 2853 2854 2855 2856 2857 2858 2859 2860 2861 2862 2863 2864 2865 2866 2867 2868 2869 2870 2871 2872 2873 2874 2875 2876 2877 2878 2879 2880 2881 2882 2883 2884 2885 2886 2887 2888 2889 2890 2891 2892 2893 2894 2895 2896 2897 2898 2899 2900 2901 2902 2903 2904 2905 2906 2907 2908 2909 2910 2911 2912 2913 2914 2915 2916 2917 2918 2919 2920 2921 2922 2923 2924 2925 2926 2927 2928 2929 2930 2931 2932 2933 2934 2935 2936 2937 2938 2939 2940 2941 2942 2943 2944 2945 2946 2947 2948 2949 2950 2951 2952 2953 2954 2955 2956 2957 2958 2959 2960 2961 2962 2963 2964 2965 2966 2967 2968 2969 2970 2971 2972 2973 2974 2975 2976 2977 2978 2979 2980 2981 2982 2983 2984 2985 2986 2987 2988 2989 2990 2991 2992 2993 2994 2995 2996 2997 2998 2999 3000 3001 3002 3003 3004 3005 3006 3007 3008 3009 3010 3011 3012 3013 3014 3015 3016 3017 3018 3019 3020 3021 3022 3023 3024 3025 3026 3027 3028 3029 3030 3031 3032 3033 3034 3035 3036 3037 3038 3039 3040 3041 3042 3043 3044 3045 3046 3047 3048 3049 3050 3051 3052 3053 3054 3055 3056 3057 3058 3059 3060 3061 3062 3063 3064 3065 3066 3067 3068 3069 3070 3071 3072 3073 3074 3075 3076 3077 3078 3079 3080 3081 3082 3083 3084 3085 3086 3087 3088 3089 3090 3091 3092 3093 3094 3095 3096 3097 3098 3099 3100 3101 3102 3103 3104 3105 3106 3107 3108 3109 3110 3111 3112 3113 3114 3115 3116 3117 3118 3119 3120 3121 3122 3123 3124 3125 3126 3127 3128 3129 3130 3131 3132 3133 3134 3135 3136 3137 3138 3139 3140 3141 3142 3143 3144 3145 3146 3147 3148 3149 3150 3151 3152 3153 3154 3155 3156 3157 3158 3159 3160 3161 3162 3163 3164 3165 3166 3167 3168 3169 3170 3171 3172 3173 3174 3175 3176 3177 3178 3179 3180 3181 3182 3183 3184 3185 3186 3187 3188 3189 3190 3191 3192 3193 3194 3195 3196 3197 3198 3199 3200 3201 3202 3203 3204 3205 3206 3207 3208 3209 3210 3211 3212 3213 3214 3215 3216 3217 3218 3219 3220 3221 3222 3223 3224 3225 3226 3227 3228 3229 3230 3231 3232 3233 3234 3235 3236 3237 3238 3239 3240 3241 3242 3243 3244 3245 3246 3247 3248 3249 3250 3251 3252 3253 3254 3255 3256 3257 3258 3259 3260 3261 3262 3263 3264 3265 3266 3267 3268 3269 3270 3271 3272 3273 3274 3275 3276 3277 3278 3279 3280 3281 3282 3283 3284 3285 3286 3287 3288 3289 3290 3291 3292 3293 3294 3295 3296 3297 3298 3299 3300 3301 3302 3303 3304 3305 3306 3307 3308 3309 3310 3311 3312 3313 3314 3315 3316 3317 3318 3319 3320 3321 3322 3323 3324 3325 3326 3327 3328 3329 3330 3331 3332 3333 3334 3335 3336 3337 3338 3339 3340 3341 3342 3343 3344 3345 3346 3347 3348 3349 3350 3351 3352 3353 3354 3355 3356 3357 3358 3359 3360 3361 3362 3363 3364 3365 3366 3367 3368 3369 3370 3371 3372 3373 3374 3375 3376 3377 3378 3379 3380 3381 3382 3383 3384 3385 3386 3387 3388 3389 3390 3391 3392 3393 3394 3395 3396 3397 3398 3399 3400 3401 3402 3403 3404 3405 3406 3407 3408 3409 3410 3411 3412 3413 3414 3415 3416 3417 3418 3419 3420 3421 3422 3423 3424 3425 3426 3427 3428 3429 3430 3431 3432 3433 3434 3435 3436 3437 3438 3439 3440 3441 3442 3443 3444 3445 3446 3447 3448 3449 3450 3451 3452 3453 3454 3455 3456 3457 3458 3459 3460 3461 3462 3463 3464 3465 3466 3467 3468 3469 3470 3471 3472 3473 3474 3475 3476 3477 3478 3479 3480 3481 3482 3483 3484 3485 3486 3487 3488 3489 3490 3491 3492 3493 3494 3495 3496 3497 3498 3499 3500 3501 3502 3503 3504 3505 3506 3507 3508 3509 3510 3511 3512 3513 3514 3515 3516 3517 3518 3519 3520 3521 3522 3523 3524 3525 3526 3527 3528 3529 3530 3531 3532 3533 3534 3535 3536 3537 3538 3539 3540 3541 3542 3543 3544 3545 3546 3547 3548 3549 3550 3551 3552 3553 3554 3555 3556 3557 3558 3559 3560 3561 3562 3563 3564 3565 3566 3567 3568 3569 3570 3571 3572 3573 3574 3575 3576 3577 3578 3579 3580 3581 3582 3583 3584 3585 3586 3587 3588 3589 3590 3591 3592 3593 3594 3595 3596 3597 3598 3599 3600 3601 3602 3603 3604 3605 3606 3607 3608 3609 3610 3611 3612 3613 3614 3615 3616 3617 3618 3619 3620 3621 3622 3623 3624 3625 3626 3627 3628 3629 3630 3631 3632 3633 3634 3635 3636 3637 3638 3639 3640 3641 3642 3643 3644 3645 3646 3647 3648 3649 3650 3651 3652 3653 3654 3655 3656 3657 3658 3659 3660 3661 3662 3663 3664 3665 3666 3667 3668 3669 3670 3671 3672 3673 3674 3675 3676 3677 3678 3679 3680 3681 3682 3683 3684 3685 3686 3687 3688 3689 3690 3691 3692 3693 3694 3695 3696 3697 3698 3699 3700 3701 3702 3703 3704 3705 3706 3707 3708 3709 3710 3711 3712 3713 3714 3715 3716 3717 3718 3719 3720 3721 3722 3723 3724 3725 3726 3727 3728 3729 3730 3731 3732 3733 3734 3735 3736 3737 3738 3739 3740 3741 3742 3743 3744 3745 3746 3747 3748 3749 3750 3751 3752 3753 3754 3755 3756 3757 3758 3759 3760 3761 3762 3763 3764 3765 3766 3767 3768 3769 3770 3771 3772 3773 3774 3775 3776 3777 3778 3779 3780 3781 3782 3783 3784 3785 3786 3787 3788 3789 3790 3791 3792 3793 3794 3795 3796 3797 3798 3799 3800 3801 3802 3803 3804 3805 3806 3807 3808 3809 3810 3811 3812 3813 3814 3815 3816 3817 3818 3819 3820 3821 3822 3823 3824 3825 3826 3827 3828 3829 3830 3831 3832 3833 3834 3835 3836 3837 3838 3839 3840 3841 3842 3843 3844 3845 3846 3847 3848 3849 3850 3851 3852 3853 3854 3855 3856 3857 3858 3859 3860 3861 3862 3863 3864 3865 3866 3867 3868 3869 3870 3871 3872 3873 3874 3875 3876 3877 3878 3879 3880 3881 3882 3883 3884 3885 3886 3887 3888 3889 3890 3891 3892 3893 3894 3895 3896 3897 3898 3899 3900 3901 3902 3903 3904 3905 3906 3907 3908 3909 3910 3911 3912 3913 3914 3915 3916 3917 3918 3919 3920 3921 3922 3923 3924 3925 3926 3927 3928 3929 3930 3931 3932 3933 3934 3935 3936 3937 3938 3939 3940 3941 3942 3943 3944 3945 3946 3947 3948 3949 3950 3951 3952 3953 3954 3955 3956 3957 3958 3959 3960 3961 3962 3963 3964 3965 3966 3967 3968 3969 3970 3971 3972 3973 3974 3975 3976 3977 3978 3979 3980 3981 3982 3983 3984 3985 3986 3987 3988 3989 3990 3991 3992 3993 3994 3995 3996 3997 3998 3999 4000 4001 4002 4003 4004 4005 4006 4007 4008 4009 4010 4011 4012 4013 4014 4015 4016 4017 4018 4019 4020 4021 4022 4023 4024 4025 4026 4027 4028 4029 4030 4031 4032 4033 4034 4035 4036 4037 4038 4039 4040 4041 4042 4043 4044 4045 4046 4047 4048 4049 4050 4051 4052 4053 4054 4055 4056 4057 4058 4059 4060 4061 4062 4063 4064 4065 4066 4067 4068 4069 4070 4071 4072 4073 4074 4075 4076 4077 4078 4079 4080 4081 4082 4083 4084 4085 4086 4087 4088 4089 4090 4091 4092 4093 4094 4095 4096 4097 4098 4099 4100 4101 4102 4103 4104 4105 4106 4107 4108 4109 4110 4111 4112 4113 4114 4115 4116 4117 4118 4119 4120 4121 4122 4123 4124 4125 4126 4127 4128 4129 4130 4131 4132 4133 4134 4135 4136 4137 4138 4139 4140 4141 4142 4143 4144 4145 4146 4147 4148 4149 4150 4151 4152 4153 4154 4155 4156 4157 4158 4159 4160 4161 4162 4163 4164 4165 4166 4167 4168 4169 4170 4171 4172 4173 4174 4175 4176 4177 4178 4179 4180 4181 4182 4183 4184 4185 4186 4187 4188 4189 4190 4191 4192 4193 4194 4195 4196 4197 4198 4199 4200 4201 4202 4203 4204 4205 4206 4207 4208 4209 4210 4211 4212 4213 4214 4215 4216 4217 4218 4219 4220 4221 4222 4223 4224 4225 4226 4227 4228 4229 4230 4231 4232 4233 4234 4235 4236 4237 4238 4239 4240 4241 4242 4243 4244 4245 4246 4247 4248 4249 4250 4251 4252 4253 4254 4255 4256 4257 4258 4259 4260 4261 4262 4263 4264 4265 4266 4267 4268 4269 4270 4271 4272 4273 4274 4275 4276 4277 4278 4279 4280 4281 4282 4283 4284 4285 4286 4287 4288 4289 4290 4291 4292 4293 4294 4295 4296 4297 4298 4299 4300 4301 4302 4303 4304 4305 4306 4307 4308 4309 4310 4311 4312 4313 4314 4315 4316 4317 4318 4319 4320 4321 4322 4323 4324 4325 4326 4327 4328 4329 4330 4331 4332 4333 4334 4335 4336 4337 4338 4339 4340 4341 4342 4343 4344 4345 4346 4347 4348 4349 4350 4351 4352 4353 4354 4355 4356 4357 4358 4359 4360 4361 4362 4363 4364 4365 4366 4367 4368 4369 4370 4371 4372 4373 4374 4375 4376 4377 4378 4379 4380 4381 4382 4383 4384 4385 4386 4387 4388 4389 4390 4391 4392 4393 4394 4395 4396 4397 4398 4399 4400 4401 4402 4403 4404 4405 4406 4407 4408 4409 4410 4411 4412 4413 4414 4415 4416 4417 4418 4419 4420 4421 4422 4423 4424 4425 4426 4427 4428 4429 4430 4431 4432 4433 4434 4435 4436 4437 4438 4439 4440 4441 4442 4443 4444 4445 4446 4447 4448 4449 4450 4451 4452 4453 4454 4455 4456 4457 4458 4459 4460 4461 4462 4463 4464 4465 4466 4467 4468 4469 4470 4471 4472 4473 4474 4475 4476 4477 4478 4479 4480 4481 4482 4483 4484 4485 4486 4487 4488 4489 4490 4491 4492 4493 4494 4495 4496 4497 4498 4499 4500 4501 4502 4503 4504 4505 4506 4507 4508 4509 4510 4511 4512 4513 4514 4515 4516 4517 4518 4519 4520 4521 4522 4523 4524 4525 4526 4527 4528 4529 4530 4531 4532 4533 4534 4535 4536 4537 4538 4539 4540 4541 4542 4543 4544 4545 4546 4547 4548 4549 4550 4551 4552 4553 4554 4555 4556 4557 4558 4559 4560 4561 4562 4563 4564 4565 4566 4567 4568 4569 4570 4571 4572 4573 4574 4575 4576 4577 4578 4579 4580 4581 4582 4583 4584 4585 4586 4587 4588 4589 4590 4591 4592 4593 4594 4595 4596 4597 4598 4599 4600 4601 4602 4603 4604 4605 4606 4607 4608 4609 4610 4611 4612 4613 4614 4615 4616 4617 4618 4619 4620 4621 4622 4623 4624 4625 4626 4627 4628 4629 4630 4631 4632 4633 4634 4635 4636 4637 4638 4639 4640 4641 4642 4643 4644 4645 4646 4647 4648 4649 4650 4651 4652 4653 4654 4655 4656 4657 4658 4659 4660 4661 4662 4663 4664 4665 4666 4667 4668 4669 4670 4671 4672 4673 4674 4675 4676 4677 4678 4679 4680 4681 4682 4683 4684 4685 4686 4687 4688 4689 4690 4691 4692 4693 4694 4695 4696 4697 4698 4699 4700 4701 4702 4703 4704 4705 4706 4707 4708 4709 4710 4711 4712 4713 4714 4715 4716 4717 4718 4719 4720 4721 4722 4723 4724 4725 4726 4727 4728 4729 4730 4731 4732 4733 4734 4735 4736 4737 4738 4739 4740 4741 4742 4743 4744 4745 4746 4747 4748 4749 4750 4751 4752 4753 4754 4755 4756 4757 4758 4759 4760 4761 4762 4763 4764 4765 4766 4767 4768 4769 4770 4771 4772 4773 4774 4775 4776 4777 4778 4779 4780 4781 4782 4783 4784 4785 4786 4787 4788 4789 4790 4791 4792 4793 4794 4795 4796 4797 4798 4799 4800 4801 4802 4803 4804 4805 4806 4807 4808 4809 4810 4811 4812 4813 4814 4815 4816 4817 4818 4819 4820 4821 4822 4823 4824 4825 4826 4827 4828 4829 4830 4831 4832 4833 4834 4835 4836 4837 4838 4839 4840 4841 4842 4843 4844 4845 4846 4847 4848 4849 4850 4851 4852 4853 4854 4855 4856 4857 4858 4859 4860 4861 4862 4863 4864 4865 4866 4867 4868 4869 4870 4871 4872 4873 4874 4875 4876 4877 4878 4879 4880 4881 4882 4883 4884 4885 4886 4887 4888 4889 4890 4891 4892 4893 4894 4895 4896 4897 4898 4899 4900 4901 4902 4903 4904 4905 4906 4907 4908 4909 4910 4911 4912 4913 4914 4915 4916 4917 4918 4919 4920 4921 4922 4923 4924 4925 4926 4927 4928 4929 4930 4931 4932 4933 4934 4935 4936 4937 4938 4939 4940 4941 4942 4943 4944 4945 4946 4947 4948 4949 4950 4951 4952 4953 4954 4955 4956 4957 4958 4959 4960 4961 4962 4963 4964 4965 4966 4967 4968 4969 4970 4971 4972 4973 4974 4975 4976 4977 4978 4979 4980 4981 4982 4983 4984 4985 4986 4987 4988 4989 4990 4991 4992 4993 4994 4995 4996 4997 4998 4999 5000 5001 5002 5003 5004 5005 5006 5007 5008 5009 5010 5011 5012 5013 5014 5015 5016 5017 5018 5019 5020 5021 5022 5023 5024 5025 5026 5027 5028 5029 5030 5031 5032 5033 5034 5035 5036 5037 5038 5039 5040 5041 5042 5043 5044 5045 5046 5047 5048 5049 5050 5051 5052 5053 5054 5055 5056 5057 5058 5059 5060 5061 5062 5063 5064 5065 5066 5067 5068 5069 5070 5071 5072 5073 5074 5075 5076 5077 5078 5079 5080 5081 5082 5083 5084 5085 5086 5087 5088 5089 5090 5091 5092 5093 5094 5095 5096 5097 5098 5099 5100 5101 5102 5103 5104 5105 5106 5107 5108 5109 5110 5111 5112 5113 5114 5115 5116 5117 5118 5119 5120 5121 5122 5123 5124 5125 5126 5127 5128 5129 5130 5131 5132 5133 5134 5135 5136 5137 5138 5139 5140 5141 5142 5143 5144 5145 5146 5147 5148 5149 5150 5151 5152 5153 5154 5155 5156 5157 5158 5159 5160 5161 5162 5163 5164 5165 5166 5167 5168 5169 5170 5171 5172 5173 5174 5175 5176 5177 5178 5179 5180 5181 5182 5183 5184 5185 5186 5187 5188 5189 5190 5191 5192 5193 5194 5195 5196 5197 5198 5199 5200 5201 5202 5203 5204 5205 5206 5207 5208 5209 5210 5211 5212 5213 5214 5215 5216 5217 5218 5219 5220 5221 5222 5223 5224 5225 5226 5227 5228 5229 5230 5231 5232 5233 5234 5235 5236 5237 5238 5239 5240 5241 5242 5243 5244 5245 5246 5247 5248 5249 5250 5251 5252 5253 5254 5255 5256 5257 5258 5259 5260 5261 5262 5263 5264 5265 5266 5267 5268 5269 5270 5271 5272 5273 5274 5275 5276 5277 5278 5279 5280 5281 5282 5283 5284 5285 5286 5287 5288 5289 5290 5291 5292 5293 5294 5295 5296 5297 5298 5299 5300 5301 5302 5303 5304 5305 5306 5307 5308 5309 5310 5311 5312 5313 5314 5315 5316 5317 5318 5319 5320 5321 5322 5323 5324 5325 5326 5327 5328 5329 5330 5331 5332 5333 5334 5335 5336 5337 5338 5339 5340 5341 5342 5343 5344 5345 5346 5347 5348 5349 5350 5351 5352 5353 5354 5355 5356 5357 5358 5359 5360 5361 5362 5363 5364 5365 5366 5367 5368 5369 5370 5371 5372 5373 5374 5375 5376 5377 5378 5379 5380 5381 5382 5383 5384 5385 5386 5387 5388 5389 5390 5391 5392 5393 5394 5395 5396 5397 5398 5399 5400 5401 5402 5403 5404 5405 5406 5407 5408 5409 5410 5411 5412 5413 5414 5415 5416 5417 5418 5419 5420 5421 5422 5423 5424 5425 5426 5427 5428 5429 5430 5431 5432 5433 5434 5435 5436 5437 5438 5439 5440 5441 5442 5443 5444 5445 5446 5447 5448 5449 5450 5451 5452 5453 5454 5455 5456 5457 5458 5459 5460 5461 5462 5463 5464 5465 5466 5467 5468 5469 5470 5471 5472 5473 5474 5475 5476 5477 5478 5479 5480 5481 5482 5483 5484 5485 5486 5487 5488 5489 5490 5491 5492 5493 5494 5495 5496 5497 5498 5499 5500 5501 5502 5503 5504 5505 5506 5507 5508 5509 5510 5511 5512 5513 5514 5515 5516 5517 5518 5519 5520 5521 5522 5523 5524 5525 5526 5527 5528 5529 5530 5531 5532 5533 5534 5535 5536 5537 5538 5539 5540 5541 5542 5543 5544 5545 5546 5547 5548 5549 5550 5551 5552 5553 5554 5555 5556 5557 5558 5559 5560 5561 5562 5563 5564 5565 5566 5567 5568 5569 5570 5571 5572 5573 5574 5575 5576 5577 5578 5579 5580 5581 5582 5583 5584 5585 5586 5587 5588 5589 5590 5591 5592 5593 5594 5595 5596 5597 5598 5599 5600 5601 5602 5603 5604 5605 5606 5607 5608 5609 5610 5611 5612 5613 5614 5615 5616 5617 5618 5619 5620 5621 5622 5623 5624 5625 5626 5627 5628 5629 5630 5631 5632 5633 5634 5635 5636 5637 5638 5639 5640 5641 5642 5643 5644 5645 5646 5647 5648 5649 5650 5651 5652 5653 5654 5655 5656 5657 5658 5659 5660 5661 5662 5663 5664 5665 5666 5667 5668 5669 5670 5671 5672 5673 5674 5675 5676 5677 5678 5679 5680 5681 5682 5683 5684 5685 5686 5687 5688 5689 5690 5691 5692 5693 5694 5695 5696 5697 5698 5699 5700 5701 5702 5703 5704 5705 5706 5707 5708 5709 5710 5711 5712 5713 5714 5715 5716 5717 5718 5719 5720 5721 5722 5723 5724 5725 5726 5727 5728 5729 5730 5731 5732 5733 5734 5735 5736 5737 5738 5739 5740 5741 5742 5743 5744 5745 5746 5747 5748 5749 5750 5751 5752 5753 5754 5755 5756 5757 5758 5759 5760 5761 5762 5763 5764 5765 5766 5767 5768 5769 5770 5771 5772 5773 5774 5775 5776 5777 5778 5779 5780 5781 5782 5783 5784 5785 5786 5787 5788 5789 5790 5791 5792 5793 5794 5795 5796 5797 5798 5799 5800 5801 5802 5803 5804 5805 5806 5807 5808 5809 5810 5811 5812 5813 5814 5815 5816 5817 5818 5819 5820 5821 5822 5823 5824 5825 5826 5827 5828 5829 5830 5831 5832 5833 5834 5835 5836 5837 5838 5839 5840 5841 5842 5843 5844 5845 5846 5847 5848 5849 5850 5851 5852 5853 5854 5855 5856 5857 5858 5859 5860 5861 5862 5863 5864 5865 5866 5867 5868 5869 5870 5871 5872 5873 5874 5875 5876 5877 5878 5879 5880 5881 5882 5883 5884 5885 5886 5887 5888 5889 5890 5891 5892 5893 5894 5895 5896 5897 5898 5899 5900 5901 5902 5903 5904 5905 5906 5907 5908 5909 5910 5911 5912 5913 5914 5915 5916 5917 5918 5919 5920 5921 5922 5923 5924 5925 5926 5927 5928 5929 5930 5931 5932 5933 5934 5935 5936 5937 5938 5939 5940 5941 5942 5943 5944 5945 5946 5947 5948 5949 5950 5951 5952 5953 5954 5955 5956 5957 5958 5959 5960 5961 5962 5963 5964 5965 5966 5967 5968 5969 5970 5971 5972 5973 5974 5975 5976 5977 5978 5979 5980 5981 5982 5983 5984 5985 5986 5987 5988 5989 5990 5991 5992 5993 5994 5995 5996 5997 5998 5999 6000 6001 6002 6003 6004 6005 6006 6007 6008 6009 6010 6011 6012 6013 6014 6015 6016 6017 6018 6019 6020 6021 6022 6023 6024 6025 6026 6027 6028 6029 6030 6031 6032 6033 6034 6035 6036 6037 6038 6039 6040 6041 6042 6043 6044 6045 6046 6047 6048 6049 6050 6051 6052 6053 6054 6055 6056 6057 6058 6059 6060 6061 6062 6063 6064 6065 6066 6067 6068 6069 6070 6071 6072 6073 6074 6075 6076 6077 6078 6079 6080 6081 6082 6083 6084 6085 6086 6087 6088 6089 6090 6091 6092 6093 6094 6095 6096 6097 6098 6099 6100 6101 6102 6103 6104 6105 6106 6107 6108 6109 6110 6111 6112 6113 6114 6115 6116 6117 6118 6119 6120 6121 6122 6123 6124 6125 6126 6127 6128 6129 6130 6131 6132 6133 6134 6135 6136 6137 6138 6139 6140 6141 6142 6143 6144 6145 6146 6147 6148 6149 6150 6151 6152 6153 6154 6155 6156 6157 6158 6159 6160 6161 6162 6163 6164 6165 6166 6167 6168 6169 6170 6171 6172 6173 6174 6175 6176 6177 6178 6179 6180 6181 6182 6183 6184 6185 6186 6187 6188 6189 6190 6191 6192 6193 6194 6195 6196 6197 6198 6199 6200 6201 6202 6203 6204 6205 6206 6207 6208 6209 6210 6211 6212 6213 6214 6215 6216 6217 6218 6219 6220 6221 6222 6223 6224 6225 6226 6227 6228 6229 6230 6231 6232 6233 6234 6235 6236 6237 6238 6239 6240 6241 6242 6243 6244 6245 6246 6247 6248 6249 6250 6251 6252 6253 6254 6255 6256 6257 6258 6259 6260 6261 6262 6263 6264 6265 6266 6267 6268 6269 6270 6271 6272 6273 6274 6275 6276 6277 6278 6279 6280 6281 6282 6283 6284 6285 6286 6287 6288 6289 6290 6291 6292 6293 6294 6295 6296 6297 6298 6299 6300 6301 6302 6303 6304 6305 6306 6307 6308 6309 6310 6311 6312 6313 6314 6315 6316 6317 6318 6319 6320 6321 6322 6323 6324 6325 6326 6327 6328 6329 6330 6331 6332 6333 6334 6335 6336 6337 6338 6339 6340 6341 6342 6343 6344 6345 6346 6347 6348 6349 6350 6351 6352 6353 6354 6355 6356 6357 6358 6359 6360 6361 6362 6363 6364 6365 6366 6367 6368 6369 6370 6371 6372 6373 6374 6375 6376 6377 6378 6379 6380 6381 6382 6383 6384 6385 6386 6387 6388 6389 6390 6391 6392 6393 6394 6395 6396 6397 6398 6399 6400 6401 6402 6403 6404 6405 6406 6407 6408 6409 6410 6411 6412 6413 6414 6415 6416 6417 6418 6419 6420 6421 6422 6423 6424 6425 6426 6427 6428 6429 6430 6431 6432 6433 6434 6435 6436 6437 6438 6439 6440 6441 6442 6443 6444 6445 6446 6447 6448 6449 6450 6451 6452 6453 6454 6455 6456 6457 6458 6459 6460 6461 6462 6463 6464 6465 6466 6467 6468 6469 6470 6471 6472 6473 6474 6475 6476 6477 6478 6479 6480 6481 6482 6483 6484 6485 6486 6487 6488 6489 6490 6491 6492 6493 6494 6495 6496 6497 6498 6499 6500 6501 6502 6503 6504 6505 6506 6507 6508 6509 6510 6511 6512 6513 6514 6515 6516 6517 6518 6519 6520 6521 6522 6523 6524 6525 6526 6527 6528 6529 6530 6531 6532 6533 6534 6535 6536 6537 6538 6539 6540 6541 6542 6543 6544 6545 6546 6547 6548 6549 6550 6551 6552 6553 6554 6555 6556 6557 6558 6559 6560 6561 6562 6563 6564 6565 6566 6567 6568 6569 6570 6571 6572 6573 6574 6575 6576 6577 6578 6579 6580 6581 6582 6583 6584 6585 6586 6587 6588 6589 6590 6591 6592 6593 6594 6595 6596 6597 6598 6599 6600 6601 6602 6603 6604 6605 6606 6607 6608 6609 6610 6611 6612 6613 6614 6615 6616 6617 6618 6619 6620 6621 6622 6623 6624 6625 6626 6627 6628 6629 6630 6631 6632 6633 6634 6635 6636 6637 6638 6639 6640 6641 6642 6643 6644 6645 6646 6647 6648 6649 6650 6651 6652 6653 6654 6655 6656 6657 6658 6659 6660 6661 6662 6663 6664 6665 6666 6667 6668 6669 6670 6671 6672 6673 6674 6675 6676 6677 6678 6679 6680 6681 6682 6683 6684 6685 6686 6687 6688 6689 6690 6691 6692 6693 6694 6695 6696 6697 6698 6699 6700 6701 6702 6703 6704 6705 6706 6707 6708 6709 6710 6711 6712 6713 6714 6715 6716 6717 6718 6719 6720 6721 6722 6723 6724 6725 6726 6727 6728 6729 6730 6731 6732 6733 6734 6735 6736 6737 6738 6739 6740 6741 6742 6743 6744 6745 6746 6747 6748 6749 6750 6751 6752 6753 6754 6755 6756 6757 6758 6759 6760 6761 6762 6763 6764 6765 6766 6767 6768 6769 6770 6771 6772 6773 6774 6775 6776 6777 6778 6779 6780 6781 6782 6783 6784 6785 6786 6787 6788 6789 6790 6791 6792 6793 6794 6795 6796 6797 6798 6799 6800 6801 6802 6803 6804 6805 6806 6807 6808 6809 6810 6811 6812 6813 6814 6815 6816 6817 6818 6819 6820 6821 6822 6823 6824 6825 6826 6827 6828 6829 6830 6831 6832 6833 6834 6835 6836 6837 6838 6839 6840 6841 6842 6843 6844 6845 6846 6847 6848 6849 6850 6851 6852 6853 6854 6855 6856 6857 6858 6859 6860 6861 6862 6863 6864 6865 6866 6867 6868 6869 6870 6871 6872 6873 6874 6875 6876 6877 6878 6879 6880 6881 6882 6883 6884 6885 6886 6887 6888 6889 6890 6891 6892 6893 6894 6895 6896 6897 6898 6899 6900 6901 6902 6903 6904 6905 6906 6907 6908 6909 6910 6911 6912 6913 6914 6915 6916 6917 6918 6919 6920 6921 6922 6923 6924 6925 6926 6927 6928 6929 6930 6931 6932 6933 6934 6935 6936 6937 6938 6939 6940 6941 6942 6943 6944 6945 6946 6947 6948 6949 6950 6951 6952 6953 6954 6955 6956 6957 6958 6959 6960 6961 6962 6963 6964 6965 6966 6967 6968 6969 6970 6971 6972 6973 6974 6975 6976 6977 6978 6979 6980 6981 6982 6983 6984 6985 6986 6987 6988 6989 6990 6991 6992 6993 6994 6995 6996 6997 6998 6999 7000 7001 7002 7003 7004 7005 7006 7007 7008 7009 7010 7011 7012 7013 7014 7015 7016 7017 7018 7019 7020 7021 7022 7023 7024 7025 7026 7027 7028 7029 7030 7031 7032 7033 7034 7035 7036 7037 7038 7039 7040 7041 7042 7043 7044 7045 7046 7047 7048 7049 7050 7051 7052 7053 7054 7055 7056 7057 7058 7059 7060 7061 7062 7063 7064 7065 7066 7067 7068 7069 7070 7071 7072 7073 7074 7075 7076 7077 7078 7079 7080 7081 7082 7083 7084 7085 7086 7087 7088 7089 7090 7091 7092 7093 7094 7095 7096 7097 7098 7099 7100 7101 7102 7103 7104 7105 7106 7107 7108 7109 7110 7111 7112 7113 7114 7115 7116 7117 7118 7119 7120 7121 7122 7123 7124 7125 7126 7127 7128 7129 7130 7131 7132 7133 7134 7135 7136 7137 7138 7139 7140 7141 7142 7143 7144 7145 7146 7147 7148 7149 7150 7151 7152 7153 7154 7155 7156 7157 7158 7159 7160 7161 7162 7163 7164 7165 7166 7167 7168 7169 7170 7171 7172 7173 7174 7175 7176 7177 7178 7179 7180 7181 7182 7183 7184 7185 7186 7187 7188 7189 7190 7191 7192 7193 7194 7195 7196 7197 7198 7199 7200 7201 7202 7203 7204 7205 7206 7207 7208 7209 7210 7211 7212 7213 7214 7215 7216 7217 7218 7219 7220 7221 7222 7223 7224 7225 7226 7227 7228 7229 7230 7231 7232 7233 7234 7235 7236 7237 7238 7239 7240 7241 7242 7243 7244 7245 7246 7247 7248 7249 7250 7251 7252 7253 7254 7255 7256 7257 7258 7259 7260 7261 7262 7263 7264 7265 7266 7267 7268 7269 7270 7271 7272 7273 7274 7275 7276 7277 7278 7279 7280 7281 7282 7283 7284 7285 7286 7287 7288 7289 7290 7291 7292 7293 7294 7295 7296 7297 7298 7299 7300 7301 7302 7303 7304 7305 7306 7307 7308 7309 7310 7311 7312 7313 7314 7315 7316 7317 7318 7319 7320 7321 7322 7323 7324 7325 7326 7327 7328 7329 7330 7331 7332 7333 7334 7335 7336 7337 7338 7339 7340 7341 7342 7343 7344 7345 7346 7347 7348 7349 7350 7351 7352 7353 7354 7355 7356 7357 7358 7359 7360 7361 7362 7363 7364 7365 7366 7367 7368 7369 7370 7371 7372 7373 7374 7375 7376 7377 7378 7379 7380 7381 7382 7383 7384 7385 7386 7387 7388 7389 7390 7391 7392 7393 7394 7395 7396 7397 7398 7399 7400 7401 7402 7403 7404 7405 7406 7407 7408 7409 7410 7411 7412 7413 7414 7415 7416 7417 7418 7419 7420 7421 7422 7423 7424 7425 7426 7427 7428 7429 7430 7431 7432 7433 7434 7435 7436 7437 7438 7439 7440 7441 7442 7443 7444 7445 7446 7447 7448 7449 7450 7451 7452 7453 7454 7455 7456 7457 7458 7459 7460 7461 7462 7463 7464 7465 7466 7467 7468 7469 7470 7471 7472 7473 7474 7475 7476 7477 7478 7479 7480 7481 7482 7483 7484 7485 7486 7487 7488 7489 7490 7491 7492 7493 7494 7495 7496 7497 7498 7499 7500 7501 7502 7503 7504 7505 7506 7507 7508 7509 7510 7511 7512 7513 7514 7515 7516 7517 7518 7519 7520 7521 7522 7523 7524 7525 7526 7527 7528 7529 7530 7531 7532 7533 7534 7535 7536 7537 7538 7539 7540 7541 7542 7543 7544 7545 7546 7547 7548 7549 7550 7551 7552 7553 7554 7555 7556 7557 7558 7559 7560 7561 7562 7563 7564 7565 7566 7567 7568 7569 7570 7571 7572 7573 7574 7575 7576 7577 7578 7579 7580 7581 7582 7583 7584 7585 7586 7587 7588 7589 7590 7591 7592 7593 7594 7595 7596 7597 7598 7599 7600 7601 7602 7603 7604 7605 7606 7607 7608 7609 7610 7611 7612 7613 7614 7615 7616 7617 7618 7619 7620 7621 7622 7623 7624 7625 7626 7627 7628 7629 7630 7631 7632 7633 7634 7635 7636 7637 7638 7639 7640 7641 7642 7643 7644 7645 7646 7647 7648 7649 7650 7651 7652 7653 7654 7655 7656 7657 7658 7659 7660 7661 7662 7663 7664 7665 7666 7667 7668 7669 7670 7671 7672 7673 7674 7675 7676 7677 7678 7679 7680 7681 7682 7683 7684 7685 7686 7687 7688 7689 7690 7691 7692 7693 7694 7695 7696 7697 7698 7699 7700 7701 7702 7703 7704 7705 7706 7707 7708 7709 7710 7711 7712 7713 7714 7715 7716 7717 7718 7719 7720 7721 7722 7723 7724 7725 7726 7727 7728 7729 7730 7731 7732 7733 7734 7735 7736 7737 7738 7739 7740 7741 7742 7743 7744 7745 7746 7747 7748 7749 7750 7751 7752 7753 7754 7755 7756 7757 7758 7759 7760 7761 7762 7763 7764 7765 7766 7767 7768 7769 7770 7771 7772 7773 7774 7775 7776 7777 7778 7779 7780 7781 7782 7783 7784 7785 7786 7787 7788 7789 7790 7791 7792 7793 7794 7795 7796 7797 7798 7799 7800 7801 7802 7803 7804 7805 7806 7807 7808 7809 7810 7811 7812 7813 7814 7815 7816 7817 7818 7819 7820 7821 7822 7823 7824 7825 7826 7827 7828 7829 7830 7831 7832 7833 7834 7835 7836 7837 7838 7839 7840 7841 7842 7843 7844 7845 7846 7847 7848 7849 7850 7851 7852 7853 7854 7855 7856 7857 7858 7859 7860 7861 7862 7863 7864 7865 7866 7867 7868 7869 7870 7871 7872 7873 7874 7875 7876 7877 7878 7879 7880 7881 7882 7883 7884 7885 7886 7887 7888 7889 7890 7891 7892 7893 7894 7895 7896 7897 7898 7899 7900 7901 7902 7903 7904 7905 7906 7907 7908 7909 7910 7911 7912 7913 7914 7915 7916 7917 7918 7919 7920 7921 7922 7923 7924 7925 7926 7927 7928 7929 7930 7931 7932 7933 7934 7935 7936 7937 7938 7939 7940 7941 7942 7943 7944 7945 7946 7947 7948 7949 7950 7951 7952 7953 7954 7955 7956 7957 7958 7959 7960 7961 7962 7963 7964 7965 7966 7967 7968 7969 7970 7971 7972 7973 7974 7975 7976 7977 7978 7979 7980 7981 7982 7983 7984 7985 7986 7987 7988 7989 7990 7991 7992 7993 7994 7995 7996 7997 7998 7999 8000 8001 8002 8003 8004 8005 8006 8007 8008 8009 8010 8011 8012 8013 8014 8015 8016 8017 8018 8019 8020 8021 8022 8023 8024 8025 8026 8027 8028 8029 8030 8031 8032 8033 8034 8035 8036 8037 8038 8039 8040 8041 8042 8043 8044 8045 8046 8047 8048 8049 8050 8051 8052 8053 8054 8055 8056 8057 8058 8059 8060 8061 8062 8063 8064 8065 8066 8067 8068 8069 8070 8071 8072 8073 8074 8075 8076 8077 8078 8079 8080 8081 8082 8083 8084 8085 8086 8087 8088 8089 8090 8091 8092 8093 8094 8095 8096 8097 8098 8099 8100 8101 8102 8103 8104 8105 8106 8107 8108 8109 8110 8111 8112 8113 8114 8115 8116 8117 8118 8119 8120 8121 8122 8123 8124 8125 8126 8127 8128 8129 8130 8131 8132 8133 8134 8135 8136 8137 8138 8139 8140 8141 8142 8143 8144 8145 8146 8147 8148 8149 8150 8151 8152 8153 8154 8155 8156 8157 8158 8159 8160 8161 8162 8163 8164 8165 8166 8167 8168 8169 8170 8171 8172 8173 8174 8175 8176 8177 8178 8179 8180 8181 8182 8183 8184 8185 8186 8187 8188 8189 8190 8191 8192 8193 8194 8195 8196 8197 8198 8199 8200 8201 8202 8203 8204 8205 8206 8207 8208 8209 8210 8211 8212 8213 8214 8215 8216 8217 8218 8219 8220 8221 8222 8223 8224 8225 8226 8227 8228 8229 8230 8231 8232 8233 8234 8235 8236 8237 8238 8239 8240 8241 8242 8243 8244 8245 8246 8247 8248 8249 8250 8251 8252 8253 8254 8255 8256 8257 8258 8259 8260 8261 8262 8263 8264 8265 8266 8267 8268 8269 8270 8271 8272 8273 8274 8275 8276 8277 8278 8279 8280 8281 8282 8283 8284 8285 8286 8287 8288 8289 8290 8291 8292 8293 8294 8295 8296 8297 8298 8299 8300 8301 8302 8303 8304 8305 8306 8307 8308 8309 8310 8311 8312 8313 8314 8315 8316 8317 8318 8319 8320 8321 8322 8323 8324 8325 8326 8327 8328 8329 8330 8331 8332 8333 8334 8335 8336 8337 8338 8339 8340 8341 8342 8343 8344 8345 8346 8347 8348 8349 8350 8351 8352 8353 8354 8355 8356 8357 8358 8359 8360 8361 8362 8363 8364 8365 8366 8367 8368 8369 8370 8371 8372 8373 8374 8375 8376 8377 8378 8379 8380 8381 8382 8383 8384 8385 8386 8387 8388 8389 8390 8391 8392 8393 8394 8395 8396 8397 8398 8399 8400 8401 8402 8403 8404 8405 8406 8407 8408 8409 8410 8411 8412 8413 8414 8415 8416 8417 8418 8419 8420 8421 8422 8423 8424 8425 8426 8427 8428 8429 8430 8431 8432 8433 8434 8435 8436 8437 8438 8439 8440 8441 8442 8443 8444 8445 8446 8447 8448 8449 8450 8451 8452 8453 8454 8455 8456 8457 8458 8459 8460 8461 8462 8463 8464 8465 8466 8467 8468 8469 8470 8471 8472 8473 8474 8475 8476 8477 8478 8479 8480 8481 8482 8483 8484 8485 8486 8487 8488 8489 8490 8491 8492 8493 8494 8495 8496 8497 8498 8499 8500 8501 8502 8503 8504 8505 8506 8507 8508 8509 8510 8511 8512 8513 8514 8515 8516 8517 8518 8519 8520 8521 8522 8523 8524 8525 8526 8527 8528 8529 8530 8531 8532 8533 8534 8535 8536 8537 8538 8539 8540 8541 8542 8543 8544 8545 8546 8547 8548 8549 8550 8551 8552 8553 8554 8555 8556 8557 8558 8559 8560 8561 8562 8563 8564 8565 8566 8567 8568 8569 8570 8571 8572 8573 8574 8575 8576 8577 8578 8579 8580 8581 8582 8583 8584 8585 8586 8587 8588 8589 8590 8591 8592 8593 8594 8595 8596 8597 8598 8599 8600 8601 8602 8603 8604 8605 8606 8607 8608 8609 8610 8611 8612 8613 8614 8615 8616 8617 8618 8619 8620 8621 8622 8623 8624 8625 8626 8627 8628 8629 8630 8631 8632 8633 8634 8635 8636 8637 8638 8639 8640 8641 8642 8643 8644 8645 8646 8647 8648 8649 8650 8651 8652 8653 8654 8655 8656 8657 8658 8659 8660 8661 8662 8663 8664 8665 8666 8667 8668 8669 8670 8671 8672 8673 8674 8675 8676 8677 8678 8679 8680 8681 8682 8683 8684 8685 8686 8687 8688 8689 8690 8691 8692 8693 8694 8695 8696 8697 8698 8699 8700 8701 8702 8703 8704 8705 8706 8707 8708 8709 8710 8711 8712 8713 8714 8715 8716 8717 8718 8719 8720 8721 8722 8723 8724 8725 8726 8727 8728 8729 8730 8731 8732 8733 8734 8735 8736 8737 8738 8739 8740 8741 8742 8743 8744 8745 8746 8747 8748 8749 8750 8751 8752 8753 8754 8755 8756 8757 8758 8759 8760 8761 8762 8763 8764 8765 8766 8767 8768 8769 8770 8771 8772 8773 8774 8775 8776 8777 8778 8779 8780 8781 8782 8783 8784 8785 8786 8787 8788 8789 8790 8791 8792 8793 8794 8795 8796 8797 8798 8799 8800 8801 8802 8803 8804 8805 8806 8807 8808 8809 8810 8811 8812 8813 8814 8815 8816 8817 8818 8819 8820 8821 8822 8823 8824 8825 8826 8827 8828 8829 8830 8831 8832 8833 8834 8835 8836 8837 8838 8839 8840 8841 8842 8843 8844 8845 8846 8847 8848 8849 8850 8851 8852 8853 8854 8855 8856 8857 8858 8859 8860 8861 8862 8863 8864 8865 8866 8867 8868 8869 8870 8871 8872 8873 8874 8875 8876 8877 8878 8879 8880 8881 8882 8883 8884 8885 8886 8887 8888 8889 8890 8891 8892 8893 8894 8895 8896 8897 8898 8899 8900 8901 8902 8903 8904 8905 8906 8907 8908 8909 8910 8911 8912 8913 8914 8915 8916 8917 8918 8919 8920 8921 8922 8923 8924 8925 8926 8927 8928 8929 8930 8931 8932 8933 8934 8935 8936 8937 8938 8939 8940 8941 8942 8943 8944 8945 8946 8947 8948 8949 8950 8951 8952 8953 8954 8955 8956 8957 8958 8959 8960 8961 8962 8963 8964 8965 8966 8967 8968 8969 8970 8971 8972 8973 8974 8975 8976 8977 8978 8979 8980 8981 8982 8983 8984 8985 8986 8987 8988 8989 8990 8991 8992 8993 8994 8995 8996 8997 8998 8999 9000 9001 9002 9003 9004 9005 9006 9007 9008 9009 9010 9011 9012 9013 9014 9015 9016 9017 9018 9019 9020 9021 9022 9023 9024 9025 9026 9027 9028 9029 9030 9031 9032 9033 9034 9035 9036 9037 9038 9039 9040 9041 9042 9043 9044 9045 9046 9047 9048 9049 9050 9051 9052 9053 9054 9055 9056 9057 9058 9059 9060 9061 9062 9063 9064 9065 9066 9067 9068 9069 9070 9071 9072 9073 9074 9075 9076 9077 9078 9079 9080 9081 9082 9083 9084 9085 9086 9087 9088 9089 9090 9091 9092 9093 9094 9095 9096 9097 9098 9099 9100 9101 9102 9103 9104 9105 9106 9107 9108 9109 9110 9111 9112 9113 9114 9115 9116 9117 9118 9119 9120 9121 9122 9123 9124 9125 9126 9127 9128 9129 9130 9131 9132 9133 9134 9135 9136 9137 9138 9139 9140 9141 9142 9143 9144 9145 9146 9147 9148 9149 9150 9151 9152 9153 9154 9155 9156 9157 9158 9159 9160 9161 9162 9163 9164 9165 9166 9167 9168 9169 9170 9171 9172 9173 9174 9175 9176 9177 9178 9179 9180 9181 9182 9183 9184 9185 9186 9187 9188 9189 9190 9191 9192 9193 9194 9195 9196 9197 9198 9199 9200 9201 9202 9203 9204 9205 9206 9207 9208 9209 9210 9211 9212 9213 9214 9215 9216 9217 9218 9219 9220 9221 9222 9223 9224 9225 9226 9227 9228 9229 9230 9231 9232 9233 9234 9235 9236 9237 9238 9239 9240 9241 9242 9243 9244 9245 9246 9247 9248 9249 9250 9251 9252 9253 9254 9255 9256 9257 9258 9259 9260 9261 9262 9263 9264 9265 9266 9267 9268 9269 9270 9271 9272 9273 9274 9275 9276 9277 9278 9279 9280 9281 9282 9283 9284 9285 9286 9287 9288 9289 9290 9291 9292 9293 9294 9295 9296 9297 9298 9299 9300 9301 9302 9303 9304 9305 9306 9307 9308 9309 9310 9311 9312 9313 9314 9315 9316 9317 9318 9319 9320 9321 9322 9323 9324 9325 9326 9327 9328 9329 9330 9331 9332 9333 9334 9335 9336 9337 9338 9339 9340 9341 9342 9343 9344 9345 9346 9347 9348 9349 9350 9351 9352 9353 9354 9355 9356 9357 9358 9359 9360 9361 9362 9363 9364 9365 9366 9367 9368 9369 9370 9371 9372 9373 9374 9375 9376 9377 9378 9379 9380 9381 9382 9383 9384 9385 9386 9387 9388 9389 9390 9391 9392 9393 9394 9395 9396 9397 9398 9399 9400 9401 9402 9403 9404 9405 9406 9407 9408 9409 9410 9411 9412 9413 9414 9415 9416 9417 9418 9419 9420 9421 9422 9423 9424 9425 9426 9427 9428 9429 9430 9431 9432 9433 9434 9435 9436 9437 9438 9439 9440 9441 9442 9443 9444 9445 9446 9447 9448 9449 9450 9451 9452 9453 9454 9455 9456 9457 9458 9459 9460 9461 9462 9463 9464 9465 9466 9467 9468 9469 9470 9471 9472 9473 9474 9475 9476 9477 9478 9479 9480 9481 9482 9483 9484 9485 9486 9487 9488 9489 9490 9491 9492 9493 9494 9495 9496 9497 9498 9499 9500 9501 9502 9503 9504 9505 9506 9507 9508 9509 9510 9511 9512 9513 9514 9515 9516 9517 9518 9519 9520 9521 9522 9523 9524 9525 9526 9527 9528 9529 9530 9531 9532 9533 9534 9535 9536 9537 9538 9539 9540 9541 9542 9543 9544 9545 9546 9547 9548 9549 9550 9551 9552 9553 9554 9555 9556 9557 9558 9559 9560 9561 9562 9563 9564 9565 9566 9567 9568 9569 9570 9571 9572 9573 9574 9575 9576 9577 9578 9579 9580 9581 9582 9583 9584 9585 9586 9587 9588 9589 9590 9591 9592 9593 9594 9595 9596 9597 9598 9599 9600 9601 9602 9603 9604 9605 9606 9607 9608 9609 9610 9611 9612 9613 9614 9615 9616 9617 9618 9619 9620 9621 9622 9623 9624 9625 9626 9627 9628 9629 9630 9631 9632 9633 9634 9635 9636 9637 9638 9639 9640 9641 9642 9643 9644 9645 9646 9647 9648 9649 9650 9651 9652 9653 9654 9655 9656 9657 9658 9659 9660 9661 9662 9663 9664 9665 9666 9667 9668 9669 9670 9671 9672 9673 9674 9675 9676 9677 9678 9679 9680 9681 9682 9683 9684 9685 9686 9687 9688 9689 9690 9691 9692 9693 9694 9695 9696 9697 9698 9699 9700 9701 9702 9703 9704 9705 9706 9707 9708 9709 9710 9711 9712 9713 9714 9715 9716 9717 9718 9719 9720 9721 9722 9723 9724 9725 9726 9727 9728 9729 9730 9731 9732 9733 9734 9735 9736 9737 9738 9739 9740 9741 9742 9743 9744 9745 9746 9747 9748 9749 9750 9751 9752 9753 9754 9755 9756 9757 9758 9759 9760 9761 9762 9763 9764 9765 9766 9767 9768 9769 9770 9771 9772 9773 9774 9775 9776 9777 9778 9779 9780 9781 9782 9783 9784 9785 9786 9787 9788 9789 9790 9791 9792 9793 9794 9795 9796 9797 9798 9799 9800 9801 9802 9803 9804 9805 9806 9807 9808 9809 9810 9811 9812 9813 9814 9815 9816 9817 9818 9819 9820 9821 9822 9823 9824 9825 9826 9827 9828 9829 9830 9831 9832 9833 9834 9835 9836 9837 9838 9839 9840 9841 9842 9843 9844 9845 9846 9847 9848 9849 9850 9851 9852 9853 9854 9855 9856 9857 9858 9859 9860 9861 9862 9863 9864 9865 9866 9867 9868 9869 9870 9871 9872 9873 9874 9875 9876 9877 9878 9879 9880 9881 9882 9883 9884 9885 9886 9887 9888 9889 9890 9891 9892 9893 9894 9895 9896 9897 9898 9899 9900 9901 9902 9903 9904 9905 9906 9907 9908 9909 9910 9911 9912 9913 9914 9915 9916 9917 9918 9919 9920 9921 9922 9923 9924 9925 9926 9927 9928 9929 9930 9931 9932 9933 9934 9935 9936 9937 9938 9939 9940 9941 9942 9943 9944 9945 9946 9947 9948 9949 9950 9951 9952 9953 9954 9955 9956 9957 9958 9959 9960 9961 9962 9963 9964 9965 9966 9967 9968 9969 9970 9971 9972 9973 9974 9975 9976 9977 9978 9979 9980 9981 9982 9983 9984 9985 9986 9987 9988 9989 9990 9991 9992 9993 9994 9995 9996 9997 9998 9999 10000 10001 10002 10003 10004 10005 10006 10007 10008 10009 10010 10011 10012 10013 10014 10015 10016 10017 10018 10019 10020 10021 10022 10023 10024 10025 10026 10027 10028 10029 10030 10031 10032 10033 10034 10035 10036 10037 10038 10039 10040 10041 10042 10043 10044 10045 10046 10047 10048 10049 10050 10051 10052 10053 10054 10055 10056 10057 10058 10059 10060 10061 10062 10063 10064 10065 10066 10067 10068 10069 10070 10071 10072 10073 10074 10075 10076 10077 10078 10079 10080 10081 10082 10083 10084 10085 10086 10087 10088 10089 10090 10091 10092 10093 10094 10095 10096 10097 10098 10099 10100 10101 10102 10103 10104 10105 10106 10107 10108 10109 10110 10111 10112 10113 10114 10115 10116 10117 10118 10119 10120 10121 10122 10123 10124 10125 10126 10127 10128 10129 10130 10131 10132 10133 10134 10135 10136 10137 10138 10139 10140 10141 10142 10143 10144 10145 10146 10147 10148 10149 10150 10151 10152 10153 10154 10155 10156 10157 10158 10159 10160 10161 10162 10163 </p>
        </polylist>
      </mesh>
    </geometry>
  </library_geometries>
  <library_controllers>
  </library_controllers>
  <library_visual_scenes>
    <visual_scene id="_ySTL_BINARY_" name="&lt;STL_BINARY&gt;">
      <node id="node" name="" type="NODE">
        <matrix sid="matrix">1 0 0 0 0 1 0 0 0 0 1 0 0 0 0 1</matrix>
        <instance_geometry url="#mesh_0">
          <bind_material>
            <technique_common>
              <instance_material symbol="defaultMaterial" target="#DefaultMaterial">
              </instance_material>
            </technique_common>
          </bind_material>
        </instance_geometry>
      </node>
    </visual_scene>
  </library_visual_scenes>
  <scene>
    <instance_visual_scene url="#_ySTL_BINARY_" />
  </scene>
</COLLADA>
